   1              	 .cpu cortex-m4
   2              	 .eabi_attribute 20,1
   3              	 .eabi_attribute 21,1
   4              	 .eabi_attribute 23,3
   5              	 .eabi_attribute 24,1
   6              	 .eabi_attribute 25,1
   7              	 .eabi_attribute 26,1
   8              	 .eabi_attribute 30,4
   9              	 .eabi_attribute 34,1
  10              	 .eabi_attribute 18,4
  11              	 .file "Toeplitz_FFT.c"
  12              	 .text
  13              	.Ltext0:
  14              	 .cfi_sections .debug_frame
  15              	 .section .text.led_ok,"ax",%progbits
  16              	 .align 1
  17              	 .weak led_ok
  18              	 .arch armv7e-m
  19              	 .syntax unified
  20              	 .thumb
  21              	 .thumb_func
  22              	 .fpu softvfp
  24              	led_ok:
  25              	.LVL0:
  26              	.LFB0:
  27              	 .file 1 ".././hal/hal.h"
   1:.././hal/hal.h **** /*
   2:.././hal/hal.h ****     This file is part of the ChipWhisperer Example Targets
   3:.././hal/hal.h ****     Copyright (C) 2012-2015 NewAE Technology Inc.
   4:.././hal/hal.h **** 
   5:.././hal/hal.h ****     This program is free software: you can redistribute it and/or modify
   6:.././hal/hal.h ****     it under the terms of the GNU General Public License as published by
   7:.././hal/hal.h ****     the Free Software Foundation, either version 3 of the License, or
   8:.././hal/hal.h ****     (at your option) any later version.
   9:.././hal/hal.h **** 
  10:.././hal/hal.h ****     This program is distributed in the hope that it will be useful,
  11:.././hal/hal.h ****     but WITHOUT ANY WARRANTY; without even the implied warranty of
  12:.././hal/hal.h ****     MERCHANTABILITY or FITNESS FOR A PARTICULAR PURPOSE.  See the
  13:.././hal/hal.h ****     GNU General Public License for more details.
  14:.././hal/hal.h **** 
  15:.././hal/hal.h ****     You should have received a copy of the GNU General Public License
  16:.././hal/hal.h ****     along with this program.  If not, see <http://www.gnu.org/licenses/>.
  17:.././hal/hal.h **** */
  18:.././hal/hal.h **** 
  19:.././hal/hal.h **** #ifndef HAL_H_
  20:.././hal/hal.h **** #define HAL_H_
  21:.././hal/hal.h **** 
  22:.././hal/hal.h **** #include <stdint.h>
  23:.././hal/hal.h **** 
  24:.././hal/hal.h **** void platform_init(void);
  25:.././hal/hal.h **** 
  26:.././hal/hal.h **** //PLATFORM Define Types
  27:.././hal/hal.h **** #define CW301_AVR      1
  28:.././hal/hal.h **** #define CW301_XMEGA    2
  29:.././hal/hal.h **** #define CW303          3
  30:.././hal/hal.h **** #define CW304          4
  31:.././hal/hal.h **** #define CW308_MEGARF   8
  32:.././hal/hal.h **** #define CW308_PIC24FJ  10
  33:.././hal/hal.h **** #define CW308_SAM4L    11
  34:.././hal/hal.h **** #define CW308_SI4010   12
  35:.././hal/hal.h **** #define CW308_MPC5748G 13
  36:.././hal/hal.h **** #define CW308_STM32F0  14
  37:.././hal/hal.h **** #define CW308_STM32F1  15
  38:.././hal/hal.h **** #define CW308_STM32F2  16
  39:.././hal/hal.h **** #define CW308_STM32F3  17
  40:.././hal/hal.h **** #define CW308_STM32F4  18
  41:.././hal/hal.h **** #define CW308_CC2538   19
  42:.././hal/hal.h **** #define CW308_K24F     20
  43:.././hal/hal.h **** #define CW308_NRF52840 21
  44:.././hal/hal.h **** #define CW308_AURIX    22
  45:.././hal/hal.h **** #define CW308_SAML11   23
  46:.././hal/hal.h **** #define CW308_EFM32TG11B 24
  47:.././hal/hal.h **** #define CW308_K82F     25
  48:.././hal/hal.h **** #define CW308_LPC55S6X 26
  49:.././hal/hal.h **** #define CW308_PSOC62   27
  50:.././hal/hal.h **** #define CW308_IMXRT1062 28
  51:.././hal/hal.h **** #define CW308_FE310    29
  52:.././hal/hal.h **** #define CW308_EFR32MG21A  30
  53:.././hal/hal.h **** #define CW308_EFM32GG11  31
  54:.././hal/hal.h **** #define CW308_STM32L5  32
  55:.././hal/hal.h **** #define CW308_STM32L4  33
  56:.././hal/hal.h **** #define CW308_RX65N  34
  57:.././hal/hal.h **** #define CW308_MPC5676R 35
  58:.././hal/hal.h **** #define CW308_NEORV32  36
  59:.././hal/hal.h **** #define CW305_IBEX  37
  60:.././hal/hal.h **** 
  61:.././hal/hal.h **** //HAL_TYPE Define Types
  62:.././hal/hal.h **** #define HAL_avr      1
  63:.././hal/hal.h **** #define HAL_xmega    2
  64:.././hal/hal.h **** #define HAL_pic24f   3
  65:.././hal/hal.h **** #define HAL_sam4l    4
  66:.././hal/hal.h **** #define HAL_stm32f0  5
  67:.././hal/hal.h **** #define HAL_stm32f1  6
  68:.././hal/hal.h **** #define HAL_stm32f2  7
  69:.././hal/hal.h **** #define HAL_stm32f3  8
  70:.././hal/hal.h **** #define HAL_stm32f4  9
  71:.././hal/hal.h **** #define HAL_cc2538   10
  72:.././hal/hal.h **** #define HAL_k24f     11
  73:.././hal/hal.h **** #define HAL_nrf52840 12
  74:.././hal/hal.h **** #define HAL_stm32f0_nano 13
  75:.././hal/hal.h **** #define HAL_aurix    14
  76:.././hal/hal.h **** #define HAL_saml11   15
  77:.././hal/hal.h **** #define HAL_efm32tg11b 16
  78:.././hal/hal.h **** #define HAL_k82f     17
  79:.././hal/hal.h **** #define HAL_lpc55s6x 18
  80:.././hal/hal.h **** #define HAL_psoc62   19
  81:.././hal/hal.h **** #define HAL_imxrt1062 20
  82:.././hal/hal.h **** #define HAL_fe310    21
  83:.././hal/hal.h **** #define HAL_efr32mg21a 22
  84:.././hal/hal.h **** #define HAL_efm32gg11 23
  85:.././hal/hal.h **** #define HAL_stm32l5 24
  86:.././hal/hal.h **** #define HAL_stm32l4 25
  87:.././hal/hal.h **** #define HAL_rx65n 26
  88:.././hal/hal.h **** #define HAL_mpc5676r 27
  89:.././hal/hal.h **** #define HAL_neorv32  28
  90:.././hal/hal.h **** #define HAL_sam4s  29
  91:.././hal/hal.h **** #define HAL_ibex  30
  92:.././hal/hal.h **** 
  93:.././hal/hal.h **** #if HAL_TYPE == HAL_avr
  94:.././hal/hal.h ****     #include <avr/io.h>
  95:.././hal/hal.h ****     #include <util/delay.h>
  96:.././hal/hal.h ****     #include "avr/avr_hal.h"
  97:.././hal/hal.h **** #elif HAL_TYPE == HAL_xmega
  98:.././hal/hal.h ****     #include <avr/io.h>
  99:.././hal/hal.h ****     #include <util/delay.h>
 100:.././hal/hal.h ****     #include "xmega/xmega_hal.h"
 101:.././hal/hal.h ****     #include "xmega/avr_compiler.h"
 102:.././hal/hal.h **** #elif HAL_TYPE == HAL_pic24f
 103:.././hal/hal.h ****     #include <xc.h>
 104:.././hal/hal.h ****     #include "pic24f/pic24f_hal.h"
 105:.././hal/hal.h ****     #include "pic24f/uart.h"
 106:.././hal/hal.h **** #elif HAL_TYPE == HAL_sam4l
 107:.././hal/hal.h ****     #include "sam4l/sam4l_hal.h"
 108:.././hal/hal.h **** #elif HAL_TYPE == HAL_stm32f0
 109:.././hal/hal.h **** 	#include "stm32f0/stm32f0_hal.h"
 110:.././hal/hal.h **** #elif HAL_TYPE == HAL_stm32f1
 111:.././hal/hal.h **** 	#include "stm32f1/stm32f1_hal.h"
 112:.././hal/hal.h **** #elif HAL_TYPE == HAL_stm32f2
 113:.././hal/hal.h **** 	#include "stm32f2/stm32f2_hal.h"
 114:.././hal/hal.h **** #elif HAL_TYPE == HAL_stm32f3
 115:.././hal/hal.h **** 	#include "stm32f3/stm32f3_hal.h"
 116:.././hal/hal.h **** 	#ifdef SECCAN
 117:.././hal/hal.h **** 		#include "stm32f3/stm32f3_hal_seccan.h"
 118:.././hal/hal.h **** 	#endif
 119:.././hal/hal.h **** #elif HAL_TYPE == HAL_stm32f4
 120:.././hal/hal.h **** 	#include "stm32f4/stm32f4_hal.h"
 121:.././hal/hal.h **** #elif HAL_TYPE == HAL_cc2538
 122:.././hal/hal.h **** 	#include "cc2538/cc2538_hal.h"
 123:.././hal/hal.h **** #elif HAL_TYPE == HAL_k24f
 124:.././hal/hal.h ****     #include "k24f/k24f_hal.h"
 125:.././hal/hal.h **** #elif HAL_TYPE == HAL_k82f
 126:.././hal/hal.h **** #include "k82f/k82f_hal.h"
 127:.././hal/hal.h **** #elif HAL_TYPE == HAL_nrf52840
 128:.././hal/hal.h ****     #include "nrf52840/nrf52840_hal.h"   
 129:.././hal/hal.h **** #elif HAL_TYPE == HAL_stm32f0_nano
 130:.././hal/hal.h ****     #include "stm32f0/stm32f0_hal.h" 
 131:.././hal/hal.h ****     void led_error(unsigned int status);
 132:.././hal/hal.h ****     void led_ok(unsigned int status);
 133:.././hal/hal.h **** #elif HAL_TYPE == HAL_aurix
 134:.././hal/hal.h ****     #include "aurix/aurix_hal.h"
 135:.././hal/hal.h **** #elif HAL_TYPE == HAL_saml11
 136:.././hal/hal.h ****      #include "saml11/saml11_hal.h"
 137:.././hal/hal.h **** #elif HAL_TYPE == HAL_efm32tg11b
 138:.././hal/hal.h ****      #include "efm32tg11b/efm32tg11b_hal.h"
 139:.././hal/hal.h **** #elif HAL_TYPE == HAL_lpc55s6x
 140:.././hal/hal.h ****      #include "lpc55s6x/lpc55s6x_hal.h"
 141:.././hal/hal.h **** #elif HAL_TYPE == HAL_psoc62
 142:.././hal/hal.h ****     #include "psoc62/psoc62_hal.h"
 143:.././hal/hal.h **** #elif HAL_TYPE == HAL_imxrt1062
 144:.././hal/hal.h ****     #include "imxrt1062/imxrt1062_hal.h"
 145:.././hal/hal.h **** #elif HAL_TYPE == HAL_fe310
 146:.././hal/hal.h ****     #include "fe310/fe310_hal.h"
 147:.././hal/hal.h **** #elif HAL_TYPE == HAL_efr32mg21a
 148:.././hal/hal.h ****     #include "efr32mg21a/efr32mg21a_hal.h"
 149:.././hal/hal.h **** #elif HAL_TYPE == HAL_efm32gg11
 150:.././hal/hal.h ****     #include "efm32gg11/efm32gg11_hal.h"
 151:.././hal/hal.h **** #elif HAL_TYPE == HAL_stm32l5
 152:.././hal/hal.h ****     #include "stm32l5/stm32l5_hal.h"
 153:.././hal/hal.h **** #elif HAL_TYPE == HAL_stm32l4
 154:.././hal/hal.h ****     #include "stm32l4/stm32l4_hal.h"
 155:.././hal/hal.h **** #elif HAL_TYPE == HAL_rx65n
 156:.././hal/hal.h ****     #include "rx65n/rx65n_hal.h"
 157:.././hal/hal.h **** #elif HAL_TYPE == HAL_mpc5676r
 158:.././hal/hal.h ****     #include "mpc5676r/MPC5676R_hal.h"
 159:.././hal/hal.h **** #elif HAL_TYPE == HAL_neorv32
 160:.././hal/hal.h ****     #include "neorv32/neorv32_hal.h"
 161:.././hal/hal.h **** #elif HAL_TYPE == HAL_sam4s
 162:.././hal/hal.h ****     #include "sam4s/sam4s_hal.h"
 163:.././hal/hal.h **** #elif HAL_TYPE == HAL_ibex
 164:.././hal/hal.h ****     #include "ibex/ibex_hal.h"
 165:.././hal/hal.h **** #else
 166:.././hal/hal.h ****     #error "Unsupported HAL Type"
 167:.././hal/hal.h **** #endif
 168:.././hal/hal.h **** 
 169:.././hal/hal.h **** #if PLATFORM == CW308_MEGARF
 170:.././hal/hal.h ****     #undef trigger_setup
 171:.././hal/hal.h ****     #undef trigger_high
 172:.././hal/hal.h ****     #undef trigger_low
 173:.././hal/hal.h ****     #define trigger_setup() DDRD |= 0x02
 174:.././hal/hal.h ****     #define trigger_high()  PORTD |= 0x02
 175:.././hal/hal.h ****     #define trigger_low()   PORTD &= ~(0x02)
 176:.././hal/hal.h ****     
 177:.././hal/hal.h ****     #define HW_AES128_Init();      AES_CTRL = 0x00;
 178:.././hal/hal.h **** 
 179:.././hal/hal.h ****     #define HW_AES128_LoadKey(key);  for (uint8_t i = 0; i < 16; i++){ \
 180:.././hal/hal.h ****                                      AES_KEY = *(key+i); \
 181:.././hal/hal.h ****                                   }
 182:.././hal/hal.h **** 
 183:.././hal/hal.h ****     #define HW_AES128_Enc(pt);  for (uint8_t i = 0; i < 16; i++){ \
 184:.././hal/hal.h ****                                     AES_STATE = *(pt+i); \
 185:.././hal/hal.h ****                                 } \
 186:.././hal/hal.h ****                                   \
 187:.././hal/hal.h ****                                 AES_CTRL |= 1<<AES_REQUEST; \
 188:.././hal/hal.h ****                                   \
 189:.././hal/hal.h ****                                 /*Wait for done  */ \
 190:.././hal/hal.h ****                                 while ((AES_STATUS & (1<<AES_DONE)) == 0){ \
 191:.././hal/hal.h ****                                     ; \
 192:.././hal/hal.h ****                                 } \
 193:.././hal/hal.h ****                                   \
 194:.././hal/hal.h ****                                 for (uint8_t i = 0; i < 16; i++){ \
 195:.././hal/hal.h ****                                     *(pt+i) = AES_STATE; \
 196:.././hal/hal.h ****                                 }
 197:.././hal/hal.h ****     
 198:.././hal/hal.h **** #endif
 199:.././hal/hal.h **** 
 200:.././hal/hal.h **** __attribute__((weak)) void led_ok(unsigned int status)
 201:.././hal/hal.h **** {
  28              	 .loc 1 201 1 view-0
  29              	 .cfi_startproc
  30              	 
  31              	 
  32              	 
 202:.././hal/hal.h **** }
  33              	 .loc 1 202 1 view .LVU1
  34 0000 7047     	 bx lr
  35              	 .cfi_endproc
  36              	.LFE0:
  38              	 .section .text.led_error,"ax",%progbits
  39              	 .align 1
  40              	 .weak led_error
  41              	 .syntax unified
  42              	 .thumb
  43              	 .thumb_func
  44              	 .fpu softvfp
  46              	led_error:
  47              	.LFB28:
  48              	 .cfi_startproc
  49              	 
  50              	 
  51              	 
  52 0000 7047     	 bx lr
  53              	 .cfi_endproc
  54              	.LFE28:
  56              	 .section .text.my_puts,"ax",%progbits
  57              	 .align 1
  58              	 .global my_puts
  59              	 .syntax unified
  60              	 .thumb
  61              	 .thumb_func
  62              	 .fpu softvfp
  64              	my_puts:
  65              	.LVL1:
  66              	.LFB5:
  67              	 .file 2 "Toeplitz_FFT.c"
   1:Toeplitz_FFT.c **** #include "hal.h"
   2:Toeplitz_FFT.c **** #include <stdint.h>
   3:Toeplitz_FFT.c **** #include <stdlib.h>
   4:Toeplitz_FFT.c **** #include <stdio.h>
   5:Toeplitz_FFT.c **** #include <math.h>
   6:Toeplitz_FFT.c **** #include <complex.h>
   7:Toeplitz_FFT.c **** #include <time.h>
   8:Toeplitz_FFT.c **** 
   9:Toeplitz_FFT.c **** #define IDLE 0
  10:Toeplitz_FFT.c **** #define KEY 1
  11:Toeplitz_FFT.c **** #define PLAIN 2
  12:Toeplitz_FFT.c **** #define PI 3.1415926535897932384626433832795  // Value of Pi 
  13:Toeplitz_FFT.c **** #define BUFLEN 64
  14:Toeplitz_FFT.c **** 
  15:Toeplitz_FFT.c **** uint8_t memory[BUFLEN];
  16:Toeplitz_FFT.c **** uint8_t tmp[BUFLEN];
  17:Toeplitz_FFT.c **** char asciibuf[BUFLEN];
  18:Toeplitz_FFT.c **** uint8_t pt[16];
  19:Toeplitz_FFT.c **** 
  20:Toeplitz_FFT.c **** static void delay_2_ms(void);
  21:Toeplitz_FFT.c **** 
  22:Toeplitz_FFT.c **** 
  23:Toeplitz_FFT.c **** void my_puts(char *c)
  24:Toeplitz_FFT.c **** {
  68              	 .loc 2 24 1 view-0
  69              	 .cfi_startproc
  70              	 
  71              	 
  72              	 .loc 2 24 1 is_stmt 0 view .LVU3
  73 0000 38B5     	 push {r3,r4,r5,lr}
  74              	.LCFI0:
  75              	 .cfi_def_cfa_offset 16
  76              	 .cfi_offset 3,-16
  77              	 .cfi_offset 4,-12
  78              	 .cfi_offset 5,-8
  79              	 .cfi_offset 14,-4
  80              	.LBB2:
  25:Toeplitz_FFT.c ****   do {
  26:Toeplitz_FFT.c ****     putch(*c);
  81              	 .loc 2 26 5 view .LVU4
  82 0002 044D     	 ldr r5,.L6
  83              	.LBE2:
  24:Toeplitz_FFT.c ****   do {
  84              	 .loc 2 24 1 view .LVU5
  85 0004 0446     	 mov r4,r0
  86              	.LVL2:
  87              	.L4:
  25:Toeplitz_FFT.c ****   do {
  88              	 .loc 2 25 3 is_stmt 1 discriminator 1 view .LVU6
  89              	.LBB3:
  90              	 .loc 2 26 5 discriminator 1 view .LVU7
  91 0006 2078     	 ldrb r0,[r4]
  92 0008 A847     	 blx r5
  93              	.LVL3:
  94              	.LBE3:
  27:Toeplitz_FFT.c **** 
  28:Toeplitz_FFT.c ****   } while (*++c);
  95              	 .loc 2 28 11 discriminator 1 view .LVU8
  96              	 .loc 2 28 3 is_stmt 0 discriminator 1 view .LVU9
  97 000a 14F8013F 	 ldrb r3,[r4,#1]!
  98              	.LVL4:
  99              	 .loc 2 28 3 discriminator 1 view .LVU10
 100 000e 002B     	 cmp r3,#0
 101 0010 F9D1     	 bne .L4
  29:Toeplitz_FFT.c **** }
 102              	 .loc 2 29 1 view .LVU11
 103 0012 38BD     	 pop {r3,r4,r5,pc}
 104              	.LVL5:
 105              	.L7:
 106              	 .loc 2 29 1 view .LVU12
 107              	 .align 2
 108              	.L6:
 109 0014 00000000 	 .word putch
 110              	 .cfi_endproc
 111              	.LFE5:
 113              	 .section .text.my_read,"ax",%progbits
 114              	 .align 1
 115              	 .global my_read
 116              	 .syntax unified
 117              	 .thumb
 118              	 .thumb_func
 119              	 .fpu softvfp
 121              	my_read:
 122              	.LVL6:
 123              	.LFB7:
  30:Toeplitz_FFT.c **** 
  31:Toeplitz_FFT.c **** static void delay_2_ms()
  32:Toeplitz_FFT.c **** {
  33:Toeplitz_FFT.c ****   for (volatile unsigned int i=0; i < 0xfff; i++ ){
  34:Toeplitz_FFT.c ****     ;
  35:Toeplitz_FFT.c ****   }
  36:Toeplitz_FFT.c **** }
  37:Toeplitz_FFT.c **** 
  38:Toeplitz_FFT.c **** void my_read(char *buf, int len)
  39:Toeplitz_FFT.c **** {
 124              	 .loc 2 39 1 is_stmt 1 view-0
 125              	 .cfi_startproc
 126              	 
 127              	 
  40:Toeplitz_FFT.c ****   for(int i = 0; i < len; i++) {
 128              	 .loc 2 40 3 view .LVU14
 129              	.LBB4:
 130              	 .loc 2 40 7 view .LVU15
 131              	 .loc 2 40 7 is_stmt 0 view .LVU16
 132              	.LBE4:
  39:Toeplitz_FFT.c ****   for(int i = 0; i < len; i++) {
 133              	 .loc 2 39 1 view .LVU17
 134 0000 2DE9F041 	 push {r4,r5,r6,r7,r8,lr}
 135              	.LCFI1:
 136              	 .cfi_def_cfa_offset 24
 137              	 .cfi_offset 4,-24
 138              	 .cfi_offset 5,-20
 139              	 .cfi_offset 6,-16
 140              	 .cfi_offset 7,-12
 141              	 .cfi_offset 8,-8
 142              	 .cfi_offset 14,-4
 143              	.LBB7:
 144              	.LBB5:
  41:Toeplitz_FFT.c ****     while (buf[i] = getch(), buf[i] == '\0');
 145              	 .loc 2 41 21 view .LVU18
 146 0004 DFF83080 	 ldr r8,.L17
 147              	.LBE5:
 148              	.LBE7:
  39:Toeplitz_FFT.c ****   for(int i = 0; i < len; i++) {
 149              	 .loc 2 39 1 view .LVU19
 150 0008 0446     	 mov r4,r0
 151 000a 0E46     	 mov r6,r1
 152              	.LBB8:
  40:Toeplitz_FFT.c ****   for(int i = 0; i < len; i++) {
 153              	 .loc 2 40 11 view .LVU20
 154 000c 0025     	 movs r5,#0
 155              	.LVL7:
 156              	.L9:
  40:Toeplitz_FFT.c ****   for(int i = 0; i < len; i++) {
 157              	 .loc 2 40 18 is_stmt 1 discriminator 1 view .LVU21
  40:Toeplitz_FFT.c ****   for(int i = 0; i < len; i++) {
 158              	 .loc 2 40 3 is_stmt 0 discriminator 1 view .LVU22
 159 000e B542     	 cmp r5,r6
 160 0010 0DDA     	 bge .L16
 161 0012 6719     	 adds r7,r4,r5
 162              	.L10:
 163              	.LBB6:
 164              	 .loc 2 41 45 is_stmt 1 discriminator 1 view .LVU23
 165              	 .loc 2 41 11 discriminator 1 view .LVU24
 166              	 .loc 2 41 21 is_stmt 0 discriminator 1 view .LVU25
 167 0014 C047     	 blx r8
 168              	.LVL8:
 169              	 .loc 2 41 19 discriminator 1 view .LVU26
 170 0016 C0B2     	 uxtb r0,r0
 171 0018 6055     	 strb r0,[r4,r5]
 172              	 .loc 2 41 11 discriminator 1 view .LVU27
 173 001a 0028     	 cmp r0,#0
 174 001c FAD0     	 beq .L10
 175              	.LBE6:
  42:Toeplitz_FFT.c **** 
  43:Toeplitz_FFT.c ****     if (buf[i] == '\n') {
 176              	 .loc 2 43 5 is_stmt 1 view .LVU28
 177              	 .loc 2 43 8 is_stmt 0 view .LVU29
 178 001e 0A28     	 cmp r0,#10
 179 0020 03D1     	 bne .L11
  44:Toeplitz_FFT.c ****       buf[i] = '\0';
 180              	 .loc 2 44 7 is_stmt 1 view .LVU30
 181              	 .loc 2 44 14 is_stmt 0 view .LVU31
 182 0022 0023     	 movs r3,#0
 183 0024 3B70     	 strb r3,[r7]
  45:Toeplitz_FFT.c ****       return;
 184              	 .loc 2 45 7 is_stmt 1 view .LVU32
 185              	.LVL9:
 186              	.L8:
 187              	 .loc 2 45 7 is_stmt 0 view .LVU33
 188              	.LBE8:
  46:Toeplitz_FFT.c ****     }
  47:Toeplitz_FFT.c ****   }
  48:Toeplitz_FFT.c ****   buf[len - 1] = '\0';
  49:Toeplitz_FFT.c **** }
 189              	 .loc 2 49 1 view .LVU34
 190 0026 BDE8F081 	 pop {r4,r5,r6,r7,r8,pc}
 191              	.LVL10:
 192              	.L11:
 193              	.LBB9:
  40:Toeplitz_FFT.c ****     while (buf[i] = getch(), buf[i] == '\0');
 194              	 .loc 2 40 27 is_stmt 1 discriminator 2 view .LVU35
  40:Toeplitz_FFT.c ****     while (buf[i] = getch(), buf[i] == '\0');
 195              	 .loc 2 40 28 is_stmt 0 discriminator 2 view .LVU36
 196 002a 0135     	 adds r5,r5,#1
 197              	.LVL11:
  40:Toeplitz_FFT.c ****     while (buf[i] = getch(), buf[i] == '\0');
 198              	 .loc 2 40 28 discriminator 2 view .LVU37
 199 002c EFE7     	 b .L9
 200              	.L16:
  40:Toeplitz_FFT.c ****     while (buf[i] = getch(), buf[i] == '\0');
 201              	 .loc 2 40 28 discriminator 2 view .LVU38
 202              	.LBE9:
  48:Toeplitz_FFT.c **** }
 203              	 .loc 2 48 3 is_stmt 1 view .LVU39
  48:Toeplitz_FFT.c **** }
 204              	 .loc 2 48 16 is_stmt 0 view .LVU40
 205 002e 3444     	 add r4,r4,r6
 206              	.LVL12:
  48:Toeplitz_FFT.c **** }
 207              	 .loc 2 48 16 view .LVU41
 208 0030 0023     	 movs r3,#0
 209 0032 04F8013C 	 strb r3,[r4,#-1]
 210 0036 F6E7     	 b .L8
 211              	.L18:
 212              	 .align 2
 213              	.L17:
 214 0038 00000000 	 .word getch
 215              	 .cfi_endproc
 216              	.LFE7:
 218              	 .global __aeabi_i2d
 219              	 .global __aeabi_dmul
 220              	 .global __aeabi_dadd
 221              	 .global __aeabi_d2iz
 222              	 .section .text.char_to_int,"ax",%progbits
 223              	 .align 1
 224              	 .global char_to_int
 225              	 .syntax unified
 226              	 .thumb
 227              	 .thumb_func
 228              	 .fpu softvfp
 230              	char_to_int:
 231              	.LVL13:
 232              	.LFB8:
  50:Toeplitz_FFT.c **** 
  51:Toeplitz_FFT.c **** 
  52:Toeplitz_FFT.c **** int char_to_int(char *c_arr, int len){
 233              	 .loc 2 52 38 is_stmt 1 view-0
 234              	 .cfi_startproc
 235              	 
 236              	 
  53:Toeplitz_FFT.c ****   int num = 0;
 237              	 .loc 2 53 3 view .LVU43
  54:Toeplitz_FFT.c ****   for(int i = 0; i < len; i++){
 238              	 .loc 2 54 3 view .LVU44
 239              	.LBB10:
 240              	 .loc 2 54 7 view .LVU45
 241              	 .loc 2 54 7 is_stmt 0 view .LVU46
 242              	.LBE10:
  52:Toeplitz_FFT.c ****   int num = 0;
 243              	 .loc 2 52 38 view .LVU47
 244 0000 2DE9F74F 	 push {r0,r1,r2,r4,r5,r6,r7,r8,r9,r10,fp,lr}
 245              	.LCFI2:
 246              	 .cfi_def_cfa_offset 48
 247              	 .cfi_offset 4,-36
 248              	 .cfi_offset 5,-32
 249              	 .cfi_offset 6,-28
 250              	 .cfi_offset 7,-24
 251              	 .cfi_offset 8,-20
 252              	 .cfi_offset 9,-16
 253              	 .cfi_offset 10,-12
 254              	 .cfi_offset 11,-8
 255              	 .cfi_offset 14,-4
 256              	.LBB11:
 257              	 .loc 2 54 11 view .LVU48
 258 0004 0024     	 movs r4,#0
  55:Toeplitz_FFT.c ****     num = num + (c_arr[i] - '0')*pow(10,i);
 259              	 .loc 2 55 33 view .LVU49
 260 0006 194F     	 ldr r7,.L22
 261              	.LBE11:
  52:Toeplitz_FFT.c ****   int num = 0;
 262              	 .loc 2 52 38 view .LVU50
 263 0008 0646     	 mov r6,r0
 264 000a 0D46     	 mov r5,r1
  53:Toeplitz_FFT.c ****   for(int i = 0; i < len; i++){
 265              	 .loc 2 53 7 view .LVU51
 266 000c A046     	 mov r8,r4
 267              	.LVL14:
 268              	.L20:
 269              	.LBB12:
  54:Toeplitz_FFT.c ****     num = num + (c_arr[i] - '0')*pow(10,i);
 270              	 .loc 2 54 18 is_stmt 1 discriminator 1 view .LVU52
  54:Toeplitz_FFT.c ****     num = num + (c_arr[i] - '0')*pow(10,i);
 271              	 .loc 2 54 3 is_stmt 0 discriminator 1 view .LVU53
 272 000e AC42     	 cmp r4,r5
 273 0010 03DB     	 blt .L21
 274              	.LBE12:
  56:Toeplitz_FFT.c ****   }
  57:Toeplitz_FFT.c ****   return num;
 275              	 .loc 2 57 3 is_stmt 1 view .LVU54
  58:Toeplitz_FFT.c **** }
 276              	 .loc 2 58 1 is_stmt 0 view .LVU55
 277 0012 4046     	 mov r0,r8
 278 0014 03B0     	 add sp,sp,#12
 279              	.LCFI3:
 280              	 .cfi_remember_state
 281              	 .cfi_def_cfa_offset 36
 282              	 
 283 0016 BDE8F08F 	 pop {r4,r5,r6,r7,r8,r9,r10,fp,pc}
 284              	.LVL15:
 285              	.L21:
 286              	.LCFI4:
 287              	 .cfi_restore_state
 288              	.LBB13:
  55:Toeplitz_FFT.c ****   }
 289              	 .loc 2 55 5 is_stmt 1 discriminator 3 view .LVU56
  55:Toeplitz_FFT.c ****   }
 290              	 .loc 2 55 23 is_stmt 0 discriminator 3 view .LVU57
 291 001a 305D     	 ldrb r0,[r6,r4]
  55:Toeplitz_FFT.c ****   }
 292              	 .loc 2 55 33 discriminator 3 view .LVU58
 293 001c 3038     	 subs r0,r0,#48
 294 001e B847     	 blx r7
 295              	.LVL16:
 296 0020 8246     	 mov r10,r0
  55:Toeplitz_FFT.c ****   }
 297              	 .loc 2 55 34 discriminator 3 view .LVU59
 298 0022 2046     	 mov r0,r4
  55:Toeplitz_FFT.c ****   }
 299              	 .loc 2 55 33 discriminator 3 view .LVU60
 300 0024 8B46     	 mov fp,r1
  55:Toeplitz_FFT.c ****   }
 301              	 .loc 2 55 34 discriminator 3 view .LVU61
 302 0026 B847     	 blx r7
 303              	.LVL17:
 304 0028 DFF844C0 	 ldr ip,.L22+4
 305 002c 0246     	 mov r2,r0
 306 002e 0B46     	 mov r3,r1
 307 0030 0020     	 movs r0,#0
 308 0032 1049     	 ldr r1,.L22+8
 309 0034 E047     	 blx ip
 310              	.LVL18:
 311 0036 0246     	 mov r2,r0
 312 0038 0B46     	 mov r3,r1
  55:Toeplitz_FFT.c ****   }
 313              	 .loc 2 55 15 discriminator 3 view .LVU62
 314 003a 4046     	 mov r0,r8
  55:Toeplitz_FFT.c ****   }
 315              	 .loc 2 55 34 discriminator 3 view .LVU63
 316 003c CDE90023 	 strd r2,[sp]
  55:Toeplitz_FFT.c ****   }
 317              	 .loc 2 55 15 discriminator 3 view .LVU64
 318 0040 B847     	 blx r7
 319              	.LVL19:
  55:Toeplitz_FFT.c ****   }
 320              	 .loc 2 55 33 discriminator 3 view .LVU65
 321 0042 DDE90023 	 ldrd r2,[sp]
  55:Toeplitz_FFT.c ****   }
 322              	 .loc 2 55 15 discriminator 3 view .LVU66
 323 0046 8046     	 mov r8,r0
 324              	.LVL20:
  55:Toeplitz_FFT.c ****   }
 325              	 .loc 2 55 15 discriminator 3 view .LVU67
 326 0048 8946     	 mov r9,r1
  55:Toeplitz_FFT.c ****   }
 327              	 .loc 2 55 33 discriminator 3 view .LVU68
 328 004a 5046     	 mov r0,r10
 329 004c 5946     	 mov r1,fp
 330 004e DFF828B0 	 ldr fp,.L22+12
 331 0052 D847     	 blx fp
 332              	.LVL21:
 333 0054 0246     	 mov r2,r0
 334 0056 0B46     	 mov r3,r1
  55:Toeplitz_FFT.c ****   }
 335              	 .loc 2 55 15 discriminator 3 view .LVU69
 336 0058 4046     	 mov r0,r8
 337 005a 4946     	 mov r1,r9
 338 005c DFF81C80 	 ldr r8,.L22+16
 339 0060 C047     	 blx r8
 340              	.LVL22:
  55:Toeplitz_FFT.c ****   }
 341              	 .loc 2 55 9 discriminator 3 view .LVU70
 342 0062 074B     	 ldr r3,.L22+20
 343 0064 9847     	 blx r3
 344              	.LVL23:
  54:Toeplitz_FFT.c ****     num = num + (c_arr[i] - '0')*pow(10,i);
 345              	 .loc 2 54 28 discriminator 3 view .LVU71
 346 0066 0134     	 adds r4,r4,#1
 347              	.LVL24:
  55:Toeplitz_FFT.c ****   }
 348              	 .loc 2 55 9 discriminator 3 view .LVU72
 349 0068 8046     	 mov r8,r0
 350              	.LVL25:
  54:Toeplitz_FFT.c ****     num = num + (c_arr[i] - '0')*pow(10,i);
 351              	 .loc 2 54 27 is_stmt 1 discriminator 3 view .LVU73
  54:Toeplitz_FFT.c ****     num = num + (c_arr[i] - '0')*pow(10,i);
 352              	 .loc 2 54 27 is_stmt 0 discriminator 3 view .LVU74
 353 006a D0E7     	 b .L20
 354              	.L23:
 355              	 .align 2
 356              	.L22:
 357 006c 00000000 	 .word __aeabi_i2d
 358 0070 00000000 	 .word pow
 359 0074 00002440 	 .word 1076101120
 360 0078 00000000 	 .word __aeabi_dmul
 361 007c 00000000 	 .word __aeabi_dadd
 362 0080 00000000 	 .word __aeabi_d2iz
 363              	.LBE13:
 364              	 .cfi_endproc
 365              	.LFE8:
 367              	 .section .text.int_to_char_arr,"ax",%progbits
 368              	 .align 1
 369              	 .global int_to_char_arr
 370              	 .syntax unified
 371              	 .thumb
 372              	 .thumb_func
 373              	 .fpu softvfp
 375              	int_to_char_arr:
 376              	.LVL26:
 377              	.LFB9:
  59:Toeplitz_FFT.c **** 
  60:Toeplitz_FFT.c **** void int_to_char_arr(int *i_arr, char *c_arr, int len){
 378              	 .loc 2 60 55 is_stmt 1 view-0
 379              	 .cfi_startproc
 380              	 
 381              	 
  61:Toeplitz_FFT.c ****   for(int i = 0; i < len; i++){
 382              	 .loc 2 61 3 view .LVU76
 383              	.LBB14:
 384              	 .loc 2 61 7 view .LVU77
 385              	 .loc 2 61 7 is_stmt 0 view .LVU78
 386              	.LBE14:
  60:Toeplitz_FFT.c ****   for(int i = 0; i < len; i++){
 387              	 .loc 2 60 55 view .LVU79
 388 0000 10B5     	 push {r4,lr}
 389              	.LCFI5:
 390              	 .cfi_def_cfa_offset 8
 391              	 .cfi_offset 4,-8
 392              	 .cfi_offset 14,-4
 393              	.LBB15:
 394              	 .loc 2 61 11 view .LVU80
 395 0002 0023     	 movs r3,#0
 396              	.LVL27:
 397              	.L25:
 398              	 .loc 2 61 18 is_stmt 1 discriminator 1 view .LVU81
 399              	 .loc 2 61 3 is_stmt 0 discriminator 1 view .LVU82
 400 0004 9342     	 cmp r3,r2
 401 0006 00DB     	 blt .L26
 402              	.LBE15:
  62:Toeplitz_FFT.c ****     c_arr[i] = i_arr[i] + '0';
  63:Toeplitz_FFT.c ****   }
  64:Toeplitz_FFT.c **** }
 403              	 .loc 2 64 1 view .LVU83
 404 0008 10BD     	 pop {r4,pc}
 405              	.L26:
 406              	.LBB16:
  62:Toeplitz_FFT.c ****     c_arr[i] = i_arr[i] + '0';
 407              	 .loc 2 62 5 is_stmt 1 discriminator 3 view .LVU84
  62:Toeplitz_FFT.c ****     c_arr[i] = i_arr[i] + '0';
 408              	 .loc 2 62 25 is_stmt 0 discriminator 3 view .LVU85
 409 000a 50F82340 	 ldr r4,[r0,r3,lsl#2]
 410 000e 3034     	 adds r4,r4,#48
  62:Toeplitz_FFT.c ****     c_arr[i] = i_arr[i] + '0';
 411              	 .loc 2 62 14 discriminator 3 view .LVU86
 412 0010 CC54     	 strb r4,[r1,r3]
  61:Toeplitz_FFT.c ****     c_arr[i] = i_arr[i] + '0';
 413              	 .loc 2 61 27 is_stmt 1 discriminator 3 view .LVU87
  61:Toeplitz_FFT.c ****     c_arr[i] = i_arr[i] + '0';
 414              	 .loc 2 61 28 is_stmt 0 discriminator 3 view .LVU88
 415 0012 0133     	 adds r3,r3,#1
 416              	.LVL28:
  61:Toeplitz_FFT.c ****     c_arr[i] = i_arr[i] + '0';
 417              	 .loc 2 61 28 discriminator 3 view .LVU89
 418 0014 F6E7     	 b .L25
 419              	.LBE16:
 420              	 .cfi_endproc
 421              	.LFE9:
 423              	 .section .text.long_delay,"ax",%progbits
 424              	 .align 1
 425              	 .global long_delay
 426              	 .syntax unified
 427              	 .thumb
 428              	 .thumb_func
 429              	 .fpu softvfp
 431              	long_delay:
 432              	.LFB10:
  65:Toeplitz_FFT.c **** 
  66:Toeplitz_FFT.c **** void long_delay(){
 433              	 .loc 2 66 18 is_stmt 1 view-0
 434              	 .cfi_startproc
 435              	 
 436              	 
 437              	 
  67:Toeplitz_FFT.c ****   for(int i = 0; i < 1000; i++){
 438              	 .loc 2 67 3 view .LVU91
 439              	.LBB17:
 440              	 .loc 2 67 7 view .LVU92
 441              	.LVL29:
 442              	 .loc 2 67 18 view .LVU93
 443              	.LBE17:
  66:Toeplitz_FFT.c ****   for(int i = 0; i < 1000; i++){
 444              	 .loc 2 66 18 is_stmt 0 view .LVU94
 445 0000 4FF47A73 	 mov r3,#1000
 446              	.LVL30:
 447              	.L28:
 448              	.LBB18:
  68:Toeplitz_FFT.c ****     asm volatile(
 449              	 .loc 2 68 5 is_stmt 1 discriminator 3 view .LVU95
 450              	 .syntax unified
 451              	
 452 0004 00BF     	 nop
 453 0006 00BF     	 nop
 454 0008 00BF     	 nop
 455 000a 00BF     	 nop
 456 000c 00BF     	 nop
 457 000e 00BF     	 nop
 458 0010 00BF     	 nop
 459 0012 00BF     	 nop
 460 0014 00BF     	 nop
 461 0016 00BF     	 nop
 462              	 
 463              	
  67:Toeplitz_FFT.c ****   for(int i = 0; i < 1000; i++){
 464              	 .loc 2 67 28 discriminator 3 view .LVU96
 465              	.LVL31:
  67:Toeplitz_FFT.c ****   for(int i = 0; i < 1000; i++){
 466              	 .loc 2 67 18 discriminator 3 view .LVU97
  67:Toeplitz_FFT.c ****   for(int i = 0; i < 1000; i++){
 467              	 .loc 2 67 3 is_stmt 0 discriminator 3 view .LVU98
 468              	 .thumb
 469              	 .syntax unified
 470 0018 013B     	 subs r3,r3,#1
 471              	.LVL32:
  67:Toeplitz_FFT.c ****   for(int i = 0; i < 1000; i++){
 472              	 .loc 2 67 3 discriminator 3 view .LVU99
 473 001a F3D1     	 bne .L28
 474              	.LBE18:
  69:Toeplitz_FFT.c ****     "nop"       "\n\t"
  70:Toeplitz_FFT.c ****     "nop"       "\n\t"
  71:Toeplitz_FFT.c ****     "nop"       "\n\t"
  72:Toeplitz_FFT.c ****     "nop"       "\n\t"
  73:Toeplitz_FFT.c ****     "nop"       "\n\t"
  74:Toeplitz_FFT.c ****     "nop"       "\n\t"
  75:Toeplitz_FFT.c ****     "nop"       "\n\t"
  76:Toeplitz_FFT.c ****     "nop"       "\n\t"
  77:Toeplitz_FFT.c ****     "nop"       "\n\t"
  78:Toeplitz_FFT.c ****     "nop"       "\n\t"
  79:Toeplitz_FFT.c ****     ::
  80:Toeplitz_FFT.c ****     );
  81:Toeplitz_FFT.c ****   }
  82:Toeplitz_FFT.c **** }
 475              	 .loc 2 82 1 view .LVU100
 476 001c 7047     	 bx lr
 477              	 .cfi_endproc
 478              	.LFE10:
 480              	 .section .rodata.print_int_array_serial.str1.1,"aMS",%progbits,1
 481              	.LC0:
 482 0000 25642000 	 .ascii "%d \000"
 483              	 .section .text.print_int_array_serial,"ax",%progbits
 484              	 .align 1
 485              	 .global print_int_array_serial
 486              	 .syntax unified
 487              	 .thumb
 488              	 .thumb_func
 489              	 .fpu softvfp
 491              	print_int_array_serial:
 492              	.LVL33:
 493              	.LFB11:
  83:Toeplitz_FFT.c **** 
  84:Toeplitz_FFT.c **** 
  85:Toeplitz_FFT.c **** void print_int_array_serial(const int *arr, int len) {
 494              	 .loc 2 85 54 is_stmt 1 view-0
 495              	 .cfi_startproc
 496              	 
 497              	 
  86:Toeplitz_FFT.c ****     char buffer[16]; // Temporary buffer to hold string representations of integers
 498              	 .loc 2 86 5 view .LVU102
  87:Toeplitz_FFT.c ****     for (int i = 0; i < len; i++) {
 499              	 .loc 2 87 5 view .LVU103
 500              	.LBB19:
 501              	 .loc 2 87 10 view .LVU104
 502              	 .loc 2 87 10 is_stmt 0 view .LVU105
 503              	.LBE19:
  85:Toeplitz_FFT.c ****     char buffer[16]; // Temporary buffer to hold string representations of integers
 504              	 .loc 2 85 54 view .LVU106
 505 0000 2DE9F043 	 push {r4,r5,r6,r7,r8,r9,lr}
 506              	.LCFI6:
 507              	 .cfi_def_cfa_offset 28
 508              	 .cfi_offset 4,-28
 509              	 .cfi_offset 5,-24
 510              	 .cfi_offset 6,-20
 511              	 .cfi_offset 7,-16
 512              	 .cfi_offset 8,-12
 513              	 .cfi_offset 9,-8
 514              	 .cfi_offset 14,-4
 515              	.LBB25:
  88:Toeplitz_FFT.c ****         // Convert integer to string
  89:Toeplitz_FFT.c ****         sprintf(buffer, "%d ", arr[i]);
 516              	 .loc 2 89 9 view .LVU107
 517 0004 DFF83880 	 ldr r8,.L35
 518              	.LBB20:
 519              	.LBB21:
  90:Toeplitz_FFT.c ****         
  91:Toeplitz_FFT.c ****         // Send the string over serial
  92:Toeplitz_FFT.c ****         for (char *ptr = buffer; *ptr != '\0'; ptr++) {
  93:Toeplitz_FFT.c ****             putch(*ptr); // Send each character
 520              	 .loc 2 93 13 view .LVU108
 521 0008 DFF83890 	 ldr r9,.L35+4
 522              	.LBE21:
 523              	.LBE20:
 524              	.LBE25:
  85:Toeplitz_FFT.c ****     char buffer[16]; // Temporary buffer to hold string representations of integers
 525              	 .loc 2 85 54 view .LVU109
 526 000c 85B0     	 sub sp,sp,#20
 527              	.LCFI7:
 528              	 .cfi_def_cfa_offset 48
  85:Toeplitz_FFT.c ****     char buffer[16]; // Temporary buffer to hold string representations of integers
 529              	 .loc 2 85 54 view .LVU110
 530 000e 0746     	 mov r7,r0
 531 0010 0E46     	 mov r6,r1
 532              	.LBB26:
  87:Toeplitz_FFT.c ****         // Convert integer to string
 533              	 .loc 2 87 14 view .LVU111
 534 0012 0025     	 movs r5,#0
 535              	.LVL34:
 536              	.L31:
  87:Toeplitz_FFT.c ****         // Convert integer to string
 537              	 .loc 2 87 21 is_stmt 1 discriminator 1 view .LVU112
  87:Toeplitz_FFT.c ****         // Convert integer to string
 538              	 .loc 2 87 5 is_stmt 0 discriminator 1 view .LVU113
 539 0014 B542     	 cmp r5,r6
 540 0016 05DB     	 blt .L34
 541              	.LBE26:
  94:Toeplitz_FFT.c ****         }
  95:Toeplitz_FFT.c ****     }
  96:Toeplitz_FFT.c ****     putch('\n'); // Add a newline for better readability
 542              	 .loc 2 96 5 is_stmt 1 view .LVU114
 543 0018 0A4B     	 ldr r3,.L35+4
 544 001a 0A20     	 movs r0,#10
 545 001c 9847     	 blx r3
 546              	.LVL35:
  97:Toeplitz_FFT.c **** }
 547              	 .loc 2 97 1 is_stmt 0 view .LVU115
 548 001e 05B0     	 add sp,sp,#20
 549              	.LCFI8:
 550              	 .cfi_remember_state
 551              	 .cfi_def_cfa_offset 28
 552              	 
 553 0020 BDE8F083 	 pop {r4,r5,r6,r7,r8,r9,pc}
 554              	.LVL36:
 555              	.L34:
 556              	.LCFI9:
 557              	 .cfi_restore_state
 558              	.LBB27:
  89:Toeplitz_FFT.c ****         
 559              	 .loc 2 89 9 is_stmt 1 view .LVU116
 560 0024 57F82520 	 ldr r2,[r7,r5,lsl#2]
 561 0028 074B     	 ldr r3,.L35+8
 562 002a 4146     	 mov r1,r8
 563 002c 6846     	 mov r0,sp
 564 002e 9847     	 blx r3
 565              	.LVL37:
  92:Toeplitz_FFT.c ****             putch(*ptr); // Send each character
 566              	 .loc 2 92 9 view .LVU117
 567              	.LBB23:
  92:Toeplitz_FFT.c ****             putch(*ptr); // Send each character
 568              	 .loc 2 92 14 view .LVU118
  92:Toeplitz_FFT.c ****             putch(*ptr); // Send each character
 569              	 .loc 2 92 14 is_stmt 0 view .LVU119
 570 0030 6C46     	 mov r4,sp
 571              	.LVL38:
 572              	.L32:
  92:Toeplitz_FFT.c ****             putch(*ptr); // Send each character
 573              	 .loc 2 92 34 is_stmt 1 discriminator 1 view .LVU120
 574 0032 14F8010B 	 ldrb r0,[r4],#1
 575              	.LVL39:
  92:Toeplitz_FFT.c ****             putch(*ptr); // Send each character
 576              	 .loc 2 92 9 is_stmt 0 discriminator 1 view .LVU121
 577 0036 08B9     	 cbnz r0,.L33
 578              	.LBE23:
  87:Toeplitz_FFT.c ****         // Convert integer to string
 579              	 .loc 2 87 30 is_stmt 1 discriminator 2 view .LVU122
  87:Toeplitz_FFT.c ****         // Convert integer to string
 580              	 .loc 2 87 31 is_stmt 0 discriminator 2 view .LVU123
 581 0038 0135     	 adds r5,r5,#1
 582              	.LVL40:
  87:Toeplitz_FFT.c ****         // Convert integer to string
 583              	 .loc 2 87 31 discriminator 2 view .LVU124
 584 003a EBE7     	 b .L31
 585              	.L33:
 586              	.LBB24:
 587              	.LBB22:
  93:Toeplitz_FFT.c ****         }
 588              	 .loc 2 93 13 is_stmt 1 discriminator 3 view .LVU125
 589 003c C847     	 blx r9
 590              	.LVL41:
 591              	.LBE22:
  92:Toeplitz_FFT.c ****             putch(*ptr); // Send each character
 592              	 .loc 2 92 48 discriminator 3 view .LVU126
  92:Toeplitz_FFT.c ****             putch(*ptr); // Send each character
 593              	 .loc 2 92 48 is_stmt 0 discriminator 3 view .LVU127
 594 003e F8E7     	 b .L32
 595              	.L36:
 596              	 .align 2
 597              	.L35:
 598 0040 00000000 	 .word .LC0
 599 0044 00000000 	 .word putch
 600 0048 00000000 	 .word sprintf
 601              	.LBE24:
 602              	.LBE27:
 603              	 .cfi_endproc
 604              	.LFE11:
 606              	 .global __aeabi_i2f
 607              	 .global __aeabi_fadd
 608              	 .section .text.embed_toeplitz_on_circulant,"ax",%progbits
 609              	 .align 1
 610              	 .global embed_toeplitz_on_circulant
 611              	 .syntax unified
 612              	 .thumb
 613              	 .thumb_func
 614              	 .fpu softvfp
 616              	embed_toeplitz_on_circulant:
 617              	.LVL42:
 618              	.LFB12:
  98:Toeplitz_FFT.c **** 
  99:Toeplitz_FFT.c **** 
 100:Toeplitz_FFT.c **** ////////////////////////
 101:Toeplitz_FFT.c **** /// FFT STUFF //////////
 102:Toeplitz_FFT.c **** 
 103:Toeplitz_FFT.c **** void embed_toeplitz_on_circulant(float complex *circ, int* row1, int* col1, int rowLen, int colLen,
 619              	 .loc 2 103 120 is_stmt 1 view-0
 620              	 .cfi_startproc
 621              	 
 622              	 
 623              	 .loc 2 103 120 is_stmt 0 view .LVU129
 624 0000 2DE9F84F 	 push {r3,r4,r5,r6,r7,r8,r9,r10,fp,lr}
 625              	.LCFI10:
 626              	 .cfi_def_cfa_offset 40
 627              	 .cfi_offset 3,-40
 628              	 .cfi_offset 4,-36
 629              	 .cfi_offset 5,-32
 630              	 .cfi_offset 6,-28
 631              	 .cfi_offset 7,-24
 632              	 .cfi_offset 8,-20
 633              	 .cfi_offset 9,-16
 634              	 .cfi_offset 10,-12
 635              	 .cfi_offset 11,-8
 636              	 .cfi_offset 14,-4
 637              	.LBB28:
 104:Toeplitz_FFT.c ****   int m = 0;
 105:Toeplitz_FFT.c ****   for(int i = 0; i < colLen; i++){
 106:Toeplitz_FFT.c ****     circ[m] = col1[i] + 0*I;
 638              	 .loc 2 106 23 view .LVU130
 639 0004 194F     	 ldr r7,.L42
 640              	.LBE28:
 103:Toeplitz_FFT.c ****   int m = 0;
 641              	 .loc 2 103 120 view .LVU131
 642 0006 0446     	 mov r4,r0
 643 0008 8846     	 mov r8,r1
 644 000a 9146     	 mov r9,r2
 104:Toeplitz_FFT.c ****   int m = 0;
 645              	 .loc 2 104 3 is_stmt 1 view .LVU132
 646              	.LVL43:
 105:Toeplitz_FFT.c ****     circ[m] = col1[i] + 0*I;
 647              	 .loc 2 105 3 view .LVU133
 648              	.LBB29:
 105:Toeplitz_FFT.c ****     circ[m] = col1[i] + 0*I;
 649              	 .loc 2 105 7 view .LVU134
 105:Toeplitz_FFT.c ****     circ[m] = col1[i] + 0*I;
 650              	 .loc 2 105 7 is_stmt 0 view .LVU135
 651              	.LBE29:
 103:Toeplitz_FFT.c ****   int m = 0;
 652              	 .loc 2 103 120 view .LVU136
 653 000c 1D46     	 mov r5,r3
 104:Toeplitz_FFT.c ****   int m = 0;
 654              	 .loc 2 104 7 view .LVU137
 655 000e 0026     	 movs r6,#0
 656              	.LBB30:
 657              	 .loc 2 106 23 view .LVU138
 658 0010 4FF0000A 	 mov r10,#0
 659              	 .loc 2 106 13 view .LVU139
 660 0014 00F1040B 	 add fp,r0,#4
 661              	.LVL44:
 662              	.L38:
 105:Toeplitz_FFT.c ****     circ[m] = col1[i] + 0*I;
 663              	 .loc 2 105 18 is_stmt 1 discriminator 1 view .LVU140
 105:Toeplitz_FFT.c ****     circ[m] = col1[i] + 0*I;
 664              	 .loc 2 105 3 is_stmt 0 discriminator 1 view .LVU141
 665 0018 0A9B     	 ldr r3,[sp,#40]
 666 001a 9E42     	 cmp r6,r3
 667 001c 0EDB     	 blt .L39
 668              	.LBE30:
 107:Toeplitz_FFT.c ****     m++;
 108:Toeplitz_FFT.c ****   }
 109:Toeplitz_FFT.c ****   for(int i = rowLen-1; i >= 1; i--){
 669              	 .loc 2 109 3 is_stmt 1 view .LVU142
 670              	.LBB31:
 671              	 .loc 2 109 7 view .LVU143
 672 001e 23EAE377 	 bic r7,r3,r3,asr#31
 673 0022 04EBC704 	 add r4,r4,r7,lsl#3
 674              	.LVL45:
 110:Toeplitz_FFT.c ****     circ[m] = row1[i] + 0*I;
 675              	 .loc 2 110 23 is_stmt 0 view .LVU144
 676 0026 DFF84890 	 ldr r9,.L42+4
 677              	.LVL46:
 678              	 .loc 2 110 23 view .LVU145
 679 002a 104F     	 ldr r7,.L42
 109:Toeplitz_FFT.c ****     circ[m] = row1[i] + 0*I;
 680              	 .loc 2 109 11 view .LVU146
 681 002c 013D     	 subs r5,r5,#1
 682              	.LVL47:
 683              	 .loc 2 110 23 view .LVU147
 684 002e 0026     	 movs r6,#0
 685              	.LVL48:
 686              	.L40:
 109:Toeplitz_FFT.c ****     circ[m] = row1[i] + 0*I;
 687              	 .loc 2 109 25 is_stmt 1 discriminator 1 view .LVU148
 109:Toeplitz_FFT.c ****     circ[m] = row1[i] + 0*I;
 688              	 .loc 2 109 3 is_stmt 0 discriminator 1 view .LVU149
 689 0030 002D     	 cmp r5,#0
 690 0032 04F10804 	 add r4,r4,#8
 691 0036 0DDC     	 bgt .L41
 109:Toeplitz_FFT.c ****     circ[m] = row1[i] + 0*I;
 692              	 .loc 2 109 3 discriminator 1 view .LVU150
 693              	.LBE31:
 111:Toeplitz_FFT.c ****     m++;
 112:Toeplitz_FFT.c ****   }  
 113:Toeplitz_FFT.c **** }
 694              	 .loc 2 113 1 view .LVU151
 695 0038 BDE8F88F 	 pop {r3,r4,r5,r6,r7,r8,r9,r10,fp,pc}
 696              	.LVL49:
 697              	.L39:
 698              	.LBB32:
 106:Toeplitz_FFT.c ****     m++;
 699              	 .loc 2 106 5 is_stmt 1 discriminator 3 view .LVU152
 106:Toeplitz_FFT.c ****     m++;
 700              	 .loc 2 106 23 is_stmt 0 discriminator 3 view .LVU153
 701 003c 59F82600 	 ldr r0,[r9,r6,lsl#2]
 702 0040 B847     	 blx r7
 703              	.LVL50:
 704 0042 0B4B     	 ldr r3,.L42+4
 705 0044 5146     	 mov r1,r10
 706 0046 9847     	 blx r3
 707              	.LVL51:
 106:Toeplitz_FFT.c ****     m++;
 708              	 .loc 2 106 13 discriminator 3 view .LVU154
 709 0048 44F83600 	 str r0,[r4,r6,lsl#3]
 710 004c 4BF836A0 	 str r10,[fp,r6,lsl#3]
 107:Toeplitz_FFT.c ****   }
 711              	 .loc 2 107 5 is_stmt 1 discriminator 3 view .LVU155
 107:Toeplitz_FFT.c ****   }
 712              	 .loc 2 107 6 is_stmt 0 discriminator 3 view .LVU156
 713 0050 0136     	 adds r6,r6,#1
 714              	.LVL52:
 105:Toeplitz_FFT.c ****     circ[m] = col1[i] + 0*I;
 715              	 .loc 2 105 30 is_stmt 1 discriminator 3 view .LVU157
 105:Toeplitz_FFT.c ****     circ[m] = col1[i] + 0*I;
 716              	 .loc 2 105 30 is_stmt 0 discriminator 3 view .LVU158
 717 0052 E1E7     	 b .L38
 718              	.LVL53:
 719              	.L41:
 105:Toeplitz_FFT.c ****     circ[m] = col1[i] + 0*I;
 720              	 .loc 2 105 30 discriminator 3 view .LVU159
 721              	.LBE32:
 722              	.LBB33:
 110:Toeplitz_FFT.c ****     m++;
 723              	 .loc 2 110 5 is_stmt 1 discriminator 3 view .LVU160
 110:Toeplitz_FFT.c ****     m++;
 724              	 .loc 2 110 23 is_stmt 0 discriminator 3 view .LVU161
 725 0054 58F82500 	 ldr r0,[r8,r5,lsl#2]
 726 0058 B847     	 blx r7
 727              	.LVL54:
 728 005a 3146     	 mov r1,r6
 729 005c C847     	 blx r9
 730              	.LVL55:
 109:Toeplitz_FFT.c ****     circ[m] = row1[i] + 0*I;
 731              	 .loc 2 109 34 discriminator 3 view .LVU162
 732 005e 013D     	 subs r5,r5,#1
 733              	.LVL56:
 110:Toeplitz_FFT.c ****     m++;
 734              	 .loc 2 110 13 discriminator 3 view .LVU163
 735 0060 44F8080C 	 str r0,[r4,#-8]
 736 0064 44F8046C 	 str r6,[r4,#-4]
 111:Toeplitz_FFT.c ****   }  
 737              	 .loc 2 111 5 is_stmt 1 discriminator 3 view .LVU164
 738              	.LVL57:
 109:Toeplitz_FFT.c ****     circ[m] = row1[i] + 0*I;
 739              	 .loc 2 109 33 discriminator 3 view .LVU165
 109:Toeplitz_FFT.c ****     circ[m] = row1[i] + 0*I;
 740              	 .loc 2 109 33 is_stmt 0 discriminator 3 view .LVU166
 741 0068 E2E7     	 b .L40
 742              	.L43:
 743 006a 00BF     	 .align 2
 744              	.L42:
 745 006c 00000000 	 .word __aeabi_i2f
 746 0070 00000000 	 .word __aeabi_fadd
 747              	.LBE33:
 748              	 .cfi_endproc
 749              	.LFE12:
 751              	 .section .text.pad_key,"ax",%progbits
 752              	 .align 1
 753              	 .global pad_key
 754              	 .syntax unified
 755              	 .thumb
 756              	 .thumb_func
 757              	 .fpu softvfp
 759              	pad_key:
 760              	.LVL58:
 761              	.LFB13:
 114:Toeplitz_FFT.c **** 
 115:Toeplitz_FFT.c **** void pad_key(complex float *padded_key, int *key, int padLen, int keyLen){
 762              	 .loc 2 115 74 is_stmt 1 view-0
 763              	 .cfi_startproc
 764              	 
 765              	 
 116:Toeplitz_FFT.c ****   for(int i = 0; i < keyLen; i++){
 766              	 .loc 2 116 3 view .LVU168
 767              	.LBB34:
 768              	 .loc 2 116 7 view .LVU169
 769              	 .loc 2 116 7 is_stmt 0 view .LVU170
 770              	.LBE34:
 115:Toeplitz_FFT.c ****   for(int i = 0; i < keyLen; i++){
 771              	 .loc 2 115 74 view .LVU171
 772 0000 2DE9F14F 	 push {r0,r4,r5,r6,r7,r8,r9,r10,fp,lr}
 773              	.LCFI11:
 774              	 .cfi_def_cfa_offset 40
 775              	 .cfi_offset 4,-36
 776              	 .cfi_offset 5,-32
 777              	 .cfi_offset 6,-28
 778              	 .cfi_offset 7,-24
 779              	 .cfi_offset 8,-20
 780              	 .cfi_offset 9,-16
 781              	 .cfi_offset 10,-12
 782              	 .cfi_offset 11,-8
 783              	 .cfi_offset 14,-4
 115:Toeplitz_FFT.c ****   for(int i = 0; i < keyLen; i++){
 784              	 .loc 2 115 74 view .LVU172
 785 0004 1C46     	 mov r4,r3
 786              	.LBB35:
 117:Toeplitz_FFT.c ****     padded_key[i] = key[i] + 0*I;
 787              	 .loc 2 117 28 view .LVU173
 788 0006 DFF84CB0 	 ldr fp,.L47
 789 000a 134B     	 ldr r3,.L47+4
 790              	.LVL59:
 791              	 .loc 2 117 28 view .LVU174
 792              	.LBE35:
 115:Toeplitz_FFT.c ****   for(int i = 0; i < keyLen; i++){
 793              	 .loc 2 115 74 view .LVU175
 794 000c 0646     	 mov r6,r0
 795 000e 8846     	 mov r8,r1
 796 0010 1746     	 mov r7,r2
 797              	.LBB36:
 116:Toeplitz_FFT.c ****   for(int i = 0; i < keyLen; i++){
 798              	 .loc 2 116 11 view .LVU176
 799 0012 0025     	 movs r5,#0
 800              	 .loc 2 117 28 view .LVU177
 801 0014 4FF00009 	 mov r9,#0
 802              	 .loc 2 117 19 view .LVU178
 803 0018 00F1040A 	 add r10,r0,#4
 804              	.LVL60:
 805              	.L45:
 116:Toeplitz_FFT.c ****   for(int i = 0; i < keyLen; i++){
 806              	 .loc 2 116 18 is_stmt 1 discriminator 1 view .LVU179
 116:Toeplitz_FFT.c ****   for(int i = 0; i < keyLen; i++){
 807              	 .loc 2 116 3 is_stmt 0 discriminator 1 view .LVU180
 808 001c A542     	 cmp r5,r4
 809 001e 0CDB     	 blt .L46
 810              	.LBE36:
 811              	.LBB37:
 118:Toeplitz_FFT.c ****   }
 119:Toeplitz_FFT.c ****   for(int i = keyLen; i < padLen; i++){
 120:Toeplitz_FFT.c ****     padded_key[i] = 0 + 0*I;
 812              	 .loc 2 120 19 view .LVU181
 813 0020 3A1B     	 subs r2,r7,r4
 814 0022 0E4B     	 ldr r3,.L47+8
 815 0024 D200     	 lsls r2,r2,#3
 816 0026 BC42     	 cmp r4,r7
 817 0028 C8BF     	 it gt
 818 002a 0022     	 movgt r2,#0
 819 002c 0021     	 movs r1,#0
 820 002e 06EBC400 	 add r0,r6,r4,lsl#3
 821              	.LBE37:
 121:Toeplitz_FFT.c ****   }
 122:Toeplitz_FFT.c **** }
 822              	 .loc 2 122 1 view .LVU182
 823 0032 01B0     	 add sp,sp,#4
 824              	.LCFI12:
 825              	 .cfi_remember_state
 826              	 .cfi_def_cfa_offset 36
 827              	 
 828 0034 BDE8F04F 	 pop {r4,r5,r6,r7,r8,r9,r10,fp,lr}
 829              	.LCFI13:
 830              	 .cfi_restore 14
 831              	 .cfi_restore 11
 832              	 .cfi_restore 10
 833              	 .cfi_restore 9
 834              	 .cfi_restore 8
 835              	 .cfi_restore 7
 836              	 .cfi_restore 6
 837              	 .cfi_restore 5
 838              	 .cfi_restore 4
 839              	 .cfi_def_cfa_offset 0
 840              	.LVL61:
 841              	.LBB38:
 120:Toeplitz_FFT.c ****   }
 842              	 .loc 2 120 19 view .LVU183
 843 0038 1847     	 bx r3
 844              	.LVL62:
 845              	.L46:
 846              	.LCFI14:
 847              	 .cfi_restore_state
 120:Toeplitz_FFT.c ****   }
 848              	 .loc 2 120 19 view .LVU184
 849              	.LBE38:
 850              	.LBB39:
 117:Toeplitz_FFT.c ****   }
 851              	 .loc 2 117 5 is_stmt 1 discriminator 3 view .LVU185
 117:Toeplitz_FFT.c ****   }
 852              	 .loc 2 117 28 is_stmt 0 discriminator 3 view .LVU186
 853 003a 58F82500 	 ldr r0,[r8,r5,lsl#2]
 854 003e 9847     	 blx r3
 855              	.LVL63:
 856 0040 4946     	 mov r1,r9
 857 0042 D847     	 blx fp
 858              	.LVL64:
 116:Toeplitz_FFT.c ****     padded_key[i] = key[i] + 0*I;
 859              	 .loc 2 116 31 discriminator 3 view .LVU187
 860 0044 044B     	 ldr r3,.L47+4
 117:Toeplitz_FFT.c ****   }
 861              	 .loc 2 117 19 discriminator 3 view .LVU188
 862 0046 46F83500 	 str r0,[r6,r5,lsl#3]
 863 004a 4AF83590 	 str r9,[r10,r5,lsl#3]
 116:Toeplitz_FFT.c ****     padded_key[i] = key[i] + 0*I;
 864              	 .loc 2 116 30 is_stmt 1 discriminator 3 view .LVU189
 116:Toeplitz_FFT.c ****     padded_key[i] = key[i] + 0*I;
 865              	 .loc 2 116 31 is_stmt 0 discriminator 3 view .LVU190
 866 004e 0135     	 adds r5,r5,#1
 867              	.LVL65:
 116:Toeplitz_FFT.c ****     padded_key[i] = key[i] + 0*I;
 868              	 .loc 2 116 31 discriminator 3 view .LVU191
 869 0050 E4E7     	 b .L45
 870              	.L48:
 871 0052 00BF     	 .align 2
 872              	.L47:
 873 0054 00000000 	 .word __aeabi_fadd
 874 0058 00000000 	 .word __aeabi_i2f
 875 005c 00000000 	 .word memset
 876              	.LBE39:
 877              	 .cfi_endproc
 878              	.LFE13:
 880              	 .section .text.conj_array,"ax",%progbits
 881              	 .align 1
 882              	 .global conj_array
 883              	 .syntax unified
 884              	 .thumb
 885              	 .thumb_func
 886              	 .fpu softvfp
 888              	conj_array:
 889              	.LVL66:
 890              	.LFB14:
 123:Toeplitz_FFT.c **** 
 124:Toeplitz_FFT.c **** 
 125:Toeplitz_FFT.c **** void conj_array(float complex *arr, int N){
 891              	 .loc 2 125 43 is_stmt 1 view-0
 892              	 .cfi_startproc
 893              	 
 894              	 
 895              	 
 126:Toeplitz_FFT.c ****   for(int i = 0; i < N; i++){
 896              	 .loc 2 126 3 view .LVU193
 897              	.LBB40:
 898              	 .loc 2 126 7 view .LVU194
 899              	 .loc 2 126 7 is_stmt 0 view .LVU195
 900 0000 0430     	 adds r0,r0,#4
 901              	.LVL67:
 902              	 .loc 2 126 11 view .LVU196
 903 0002 0023     	 movs r3,#0
 904              	.LVL68:
 905              	.L50:
 906              	 .loc 2 126 18 is_stmt 1 discriminator 1 view .LVU197
 907              	 .loc 2 126 3 is_stmt 0 discriminator 1 view .LVU198
 908 0004 8B42     	 cmp r3,r1
 909 0006 00F10800 	 add r0,r0,#8
 910 000a 00DB     	 blt .L51
 911              	.LBE40:
 127:Toeplitz_FFT.c ****     arr[i] = conj(arr[i]);
 128:Toeplitz_FFT.c ****   }
 129:Toeplitz_FFT.c **** }
 912              	 .loc 2 129 1 view .LVU199
 913 000c 7047     	 bx lr
 914              	.L51:
 915              	.LBB41:
 127:Toeplitz_FFT.c ****     arr[i] = conj(arr[i]);
 916              	 .loc 2 127 5 is_stmt 1 discriminator 3 view .LVU200
 127:Toeplitz_FFT.c ****     arr[i] = conj(arr[i]);
 917              	 .loc 2 127 14 is_stmt 0 discriminator 3 view .LVU201
 918 000e 50F8082C 	 ldr r2,[r0,#-8]
 919 0012 02F10042 	 add r2,r2,#-2147483648
 127:Toeplitz_FFT.c ****     arr[i] = conj(arr[i]);
 920              	 .loc 2 127 12 discriminator 3 view .LVU202
 921 0016 40F8082C 	 str r2,[r0,#-8]
 126:Toeplitz_FFT.c ****   for(int i = 0; i < N; i++){
 922              	 .loc 2 126 25 is_stmt 1 discriminator 3 view .LVU203
 126:Toeplitz_FFT.c ****   for(int i = 0; i < N; i++){
 923              	 .loc 2 126 26 is_stmt 0 discriminator 3 view .LVU204
 924 001a 0133     	 adds r3,r3,#1
 925              	.LVL69:
 126:Toeplitz_FFT.c ****   for(int i = 0; i < N; i++){
 926              	 .loc 2 126 26 discriminator 3 view .LVU205
 927 001c F2E7     	 b .L50
 928              	.LBE41:
 929              	 .cfi_endproc
 930              	.LFE14:
 932              	 .section .text.reverse_bit,"ax",%progbits
 933              	 .align 1
 934              	 .global reverse_bit
 935              	 .syntax unified
 936              	 .thumb
 937              	 .thumb_func
 938              	 .fpu softvfp
 940              	reverse_bit:
 941              	.LVL70:
 942              	.LFB15:
 130:Toeplitz_FFT.c **** 
 131:Toeplitz_FFT.c **** 
 132:Toeplitz_FFT.c **** int reverse_bit(int num, int s) {
 943              	 .loc 2 132 33 is_stmt 1 view-0
 944              	 .cfi_startproc
 945              	 
 946              	 
 133:Toeplitz_FFT.c ****     int res = 0;
 947              	 .loc 2 133 5 view .LVU207
 134:Toeplitz_FFT.c ****     for (int i = 0; i < s; i++) {
 948              	 .loc 2 134 5 view .LVU208
 949              	.LBB42:
 950              	 .loc 2 134 10 view .LVU209
 951              	 .loc 2 134 14 is_stmt 0 view .LVU210
 952 0000 0023     	 movs r3,#0
 953              	.LBE42:
 132:Toeplitz_FFT.c ****     int res = 0;
 954              	 .loc 2 132 33 view .LVU211
 955 0002 70B5     	 push {r4,r5,r6,lr}
 956              	.LCFI15:
 957              	 .cfi_def_cfa_offset 16
 958              	 .cfi_offset 4,-16
 959              	 .cfi_offset 5,-12
 960              	 .cfi_offset 6,-8
 961              	 .cfi_offset 14,-4
 132:Toeplitz_FFT.c ****     int res = 0;
 962              	 .loc 2 132 33 view .LVU212
 963 0004 0246     	 mov r2,r0
 964              	.LBB43:
 135:Toeplitz_FFT.c ****         if (num & (1 << i))
 136:Toeplitz_FFT.c ****             res |= 1 << (s - 1 - i);
 965              	 .loc 2 136 22 view .LVU213
 966 0006 4D1E     	 subs r5,r1,#1
 967              	.LBE43:
 133:Toeplitz_FFT.c ****     for (int i = 0; i < s; i++) {
 968              	 .loc 2 133 9 view .LVU214
 969 0008 1846     	 mov r0,r3
 970              	.LVL71:
 971              	.LBB44:
 972              	 .loc 2 136 22 view .LVU215
 973 000a 0126     	 movs r6,#1
 974              	.LVL72:
 975              	.L53:
 134:Toeplitz_FFT.c ****         if (num & (1 << i))
 976              	 .loc 2 134 21 is_stmt 1 discriminator 1 view .LVU216
 134:Toeplitz_FFT.c ****         if (num & (1 << i))
 977              	 .loc 2 134 5 is_stmt 0 discriminator 1 view .LVU217
 978 000c 8B42     	 cmp r3,r1
 979 000e 00DB     	 blt .L55
 980              	.LBE44:
 137:Toeplitz_FFT.c ****     }
 138:Toeplitz_FFT.c ****     return res;
 981              	 .loc 2 138 5 is_stmt 1 view .LVU218
 139:Toeplitz_FFT.c **** }
 982              	 .loc 2 139 1 is_stmt 0 view .LVU219
 983 0010 70BD     	 pop {r4,r5,r6,pc}
 984              	.L55:
 985              	.LBB45:
 135:Toeplitz_FFT.c ****             res |= 1 << (s - 1 - i);
 986              	 .loc 2 135 9 is_stmt 1 view .LVU220
 135:Toeplitz_FFT.c ****             res |= 1 << (s - 1 - i);
 987              	 .loc 2 135 13 is_stmt 0 view .LVU221
 988 0012 42FA03F4 	 asr r4,r2,r3
 135:Toeplitz_FFT.c ****             res |= 1 << (s - 1 - i);
 989              	 .loc 2 135 12 view .LVU222
 990 0016 E407     	 lsls r4,r4,#31
 136:Toeplitz_FFT.c ****     }
 991              	 .loc 2 136 13 is_stmt 1 view .LVU223
 136:Toeplitz_FFT.c ****     }
 992              	 .loc 2 136 22 is_stmt 0 view .LVU224
 993 0018 42BF     	 ittt mi
 994 001a EC1A     	 submi r4,r5,r3
 995 001c 06FA04F4 	 lslmi r4,r6,r4
 136:Toeplitz_FFT.c ****     }
 996              	 .loc 2 136 17 view .LVU225
 997 0020 2043     	 orrmi r0,r0,r4
 998              	.LVL73:
 134:Toeplitz_FFT.c ****         if (num & (1 << i))
 999              	 .loc 2 134 28 is_stmt 1 view .LVU226
 134:Toeplitz_FFT.c ****         if (num & (1 << i))
 1000              	 .loc 2 134 29 is_stmt 0 view .LVU227
 1001 0022 0133     	 adds r3,r3,#1
 1002              	.LVL74:
 134:Toeplitz_FFT.c ****         if (num & (1 << i))
 1003              	 .loc 2 134 29 view .LVU228
 1004 0024 F2E7     	 b .L53
 1005              	.LBE45:
 1006              	 .cfi_endproc
 1007              	.LFE15:
 1009              	 .section .text.reverse_array,"ax",%progbits
 1010              	 .align 1
 1011              	 .global reverse_array
 1012              	 .syntax unified
 1013              	 .thumb
 1014              	 .thumb_func
 1015              	 .fpu softvfp
 1017              	reverse_array:
 1018              	.LVL75:
 1019              	.LFB16:
 140:Toeplitz_FFT.c **** 
 141:Toeplitz_FFT.c **** void reverse_array(float complex *X, int N, int s){
 1020              	 .loc 2 141 51 is_stmt 1 view-0
 1021              	 .cfi_startproc
 1022              	 
 1023              	 
 142:Toeplitz_FFT.c ****     for(int i = 0; i < N; i ++){
 1024              	 .loc 2 142 5 view .LVU230
 1025              	.LBB46:
 1026              	 .loc 2 142 9 view .LVU231
 1027              	 .loc 2 142 9 is_stmt 0 view .LVU232
 1028              	.LBE46:
 141:Toeplitz_FFT.c ****     for(int i = 0; i < N; i ++){
 1029              	 .loc 2 141 51 view .LVU233
 1030 0000 2DE9F843 	 push {r3,r4,r5,r6,r7,r8,r9,lr}
 1031              	.LCFI16:
 1032              	 .cfi_def_cfa_offset 32
 1033              	 .cfi_offset 3,-32
 1034              	 .cfi_offset 4,-28
 1035              	 .cfi_offset 5,-24
 1036              	 .cfi_offset 6,-20
 1037              	 .cfi_offset 7,-16
 1038              	 .cfi_offset 8,-12
 1039              	 .cfi_offset 9,-8
 1040              	 .cfi_offset 14,-4
 1041              	.LBB50:
 1042              	.LBB47:
 143:Toeplitz_FFT.c ****         int rb = reverse_bit(i,s);
 1043              	 .loc 2 143 18 view .LVU234
 1044 0004 114F     	 ldr r7,.L63
 1045              	.LBE47:
 1046              	.LBE50:
 141:Toeplitz_FFT.c ****     for(int i = 0; i < N; i ++){
 1047              	 .loc 2 141 51 view .LVU235
 1048 0006 0E46     	 mov r6,r1
 1049 0008 0546     	 mov r5,r0
 1050 000a 1146     	 mov r1,r2
 1051              	.LVL76:
 1052              	.LBB51:
 142:Toeplitz_FFT.c ****     for(int i = 0; i < N; i ++){
 1053              	 .loc 2 142 13 view .LVU236
 1054 000c 0024     	 movs r4,#0
 1055              	.LVL77:
 1056              	.L60:
 142:Toeplitz_FFT.c ****     for(int i = 0; i < N; i ++){
 1057              	 .loc 2 142 20 is_stmt 1 discriminator 1 view .LVU237
 142:Toeplitz_FFT.c ****     for(int i = 0; i < N; i ++){
 1058              	 .loc 2 142 5 is_stmt 0 discriminator 1 view .LVU238
 1059 000e B442     	 cmp r4,r6
 1060 0010 01DB     	 blt .L62
 1061              	.LBE51:
 144:Toeplitz_FFT.c ****         if(i < rb){
 145:Toeplitz_FFT.c ****           float complex tmp = X[i];
 146:Toeplitz_FFT.c ****             X[i] = X[rb];
 147:Toeplitz_FFT.c ****             X[rb] = tmp;
 148:Toeplitz_FFT.c ****         }
 149:Toeplitz_FFT.c ****     }
 150:Toeplitz_FFT.c **** }
 1062              	 .loc 2 150 1 view .LVU239
 1063 0012 BDE8F883 	 pop {r3,r4,r5,r6,r7,r8,r9,pc}
 1064              	.LVL78:
 1065              	.L62:
 1066              	.LBB52:
 1067              	.LBB49:
 143:Toeplitz_FFT.c ****         int rb = reverse_bit(i,s);
 1068              	 .loc 2 143 9 is_stmt 1 view .LVU240
 143:Toeplitz_FFT.c ****         int rb = reverse_bit(i,s);
 1069              	 .loc 2 143 18 is_stmt 0 view .LVU241
 1070 0016 2046     	 mov r0,r4
 1071 0018 B847     	 blx r7
 1072              	.LVL79:
 144:Toeplitz_FFT.c ****         if(i < rb){
 1073              	 .loc 2 144 9 is_stmt 1 view .LVU242
 144:Toeplitz_FFT.c ****         if(i < rb){
 1074              	 .loc 2 144 11 is_stmt 0 view .LVU243
 1075 001a 8442     	 cmp r4,r0
 1076 001c 13DA     	 bge .L61
 1077              	.LBB48:
 145:Toeplitz_FFT.c ****             X[i] = X[rb];
 1078              	 .loc 2 145 11 is_stmt 1 view .LVU244
 145:Toeplitz_FFT.c ****             X[i] = X[rb];
 1079              	 .loc 2 145 25 is_stmt 0 view .LVU245
 1080 001e 05EBC402 	 add r2,r5,r4,lsl#3
 146:Toeplitz_FFT.c ****             X[rb] = tmp;
 1081              	 .loc 2 146 21 view .LVU246
 1082 0022 05EBC003 	 add r3,r5,r0,lsl#3
 145:Toeplitz_FFT.c ****             X[i] = X[rb];
 1083              	 .loc 2 145 25 view .LVU247
 1084 0026 55F834E0 	 ldr lr,[r5,r4,lsl#3]
 1085 002a D2F804C0 	 ldr ip,[r2,#4]
 1086              	.LVL80:
 146:Toeplitz_FFT.c ****             X[rb] = tmp;
 1087              	 .loc 2 146 13 is_stmt 1 view .LVU248
 146:Toeplitz_FFT.c ****             X[rb] = tmp;
 1088              	 .loc 2 146 21 is_stmt 0 view .LVU249
 1089 002e 55F83090 	 ldr r9,[r5,r0,lsl#3]
 1090 0032 D3F80480 	 ldr r8,[r3,#4]
 146:Toeplitz_FFT.c ****             X[rb] = tmp;
 1091              	 .loc 2 146 18 view .LVU250
 1092 0036 45F83490 	 str r9,[r5,r4,lsl#3]
 1093 003a C2F80480 	 str r8,[r2,#4]
 147:Toeplitz_FFT.c ****         }
 1094              	 .loc 2 147 13 is_stmt 1 view .LVU251
 147:Toeplitz_FFT.c ****         }
 1095              	 .loc 2 147 19 is_stmt 0 view .LVU252
 1096 003e 45F830E0 	 str lr,[r5,r0,lsl#3]
 1097 0042 C3F804C0 	 str ip,[r3,#4]
 1098              	.LVL81:
 1099              	.L61:
 147:Toeplitz_FFT.c ****         }
 1100              	 .loc 2 147 19 view .LVU253
 1101              	.LBE48:
 1102              	.LBE49:
 142:Toeplitz_FFT.c ****         int rb = reverse_bit(i,s);
 1103              	 .loc 2 142 27 is_stmt 1 discriminator 2 view .LVU254
 142:Toeplitz_FFT.c ****         int rb = reverse_bit(i,s);
 1104              	 .loc 2 142 29 is_stmt 0 discriminator 2 view .LVU255
 1105 0046 0134     	 adds r4,r4,#1
 1106              	.LVL82:
 142:Toeplitz_FFT.c ****         int rb = reverse_bit(i,s);
 1107              	 .loc 2 142 29 discriminator 2 view .LVU256
 1108 0048 E1E7     	 b .L60
 1109              	.L64:
 1110 004a 00BF     	 .align 2
 1111              	.L63:
 1112 004c 00000000 	 .word reverse_bit
 1113              	.LBE52:
 1114              	 .cfi_endproc
 1115              	.LFE16:
 1117              	 .global __aeabi_ddiv
 1118              	 .global __aeabi_d2f
 1119              	 .global __aeabi_fsub
 1120              	 .global __aeabi_dsub
 1121              	 .global __aeabi_dcmple
 1122              	 .section .text.DIT_FFT,"ax",%progbits
 1123              	 .align 1
 1124              	 .global DIT_FFT
 1125              	 .syntax unified
 1126              	 .thumb
 1127              	 .thumb_func
 1128              	 .fpu softvfp
 1130              	DIT_FFT:
 1131              	.LVL83:
 1132              	.LFB17:
 151:Toeplitz_FFT.c **** 
 152:Toeplitz_FFT.c **** 
 153:Toeplitz_FFT.c **** //https://github.com/Swati-Verma671/Computation-of-DFT-using-Radix-2-DIT-FFT-algorithm/blob/main/co
 154:Toeplitz_FFT.c **** void DIT_FFT(float complex *X, int N){
 1133              	 .loc 2 154 38 is_stmt 1 view-0
 1134              	 .cfi_startproc
 1135              	 
 1136              	 
 155:Toeplitz_FFT.c ****     int s = round(log2(N));
 1137              	 .loc 2 155 5 view .LVU258
 154:Toeplitz_FFT.c ****     int s = round(log2(N));
 1138              	 .loc 2 154 38 is_stmt 0 view .LVU259
 1139 0000 2DE9F04F 	 push {r4,r5,r6,r7,r8,r9,r10,fp,lr}
 1140              	.LCFI17:
 1141              	 .cfi_def_cfa_offset 36
 1142              	 .cfi_offset 4,-36
 1143              	 .cfi_offset 5,-32
 1144              	 .cfi_offset 6,-28
 1145              	 .cfi_offset 7,-24
 1146              	 .cfi_offset 8,-20
 1147              	 .cfi_offset 9,-16
 1148              	 .cfi_offset 10,-12
 1149              	 .cfi_offset 11,-8
 1150              	 .cfi_offset 14,-4
 1151 0004 97B0     	 sub sp,sp,#92
 1152              	.LCFI18:
 1153              	 .cfi_def_cfa_offset 128
 1154              	 .loc 2 155 19 view .LVU260
 1155 0006 844B     	 ldr r3,.L76+16
 154:Toeplitz_FFT.c ****     int s = round(log2(N));
 1156              	 .loc 2 154 38 view .LVU261
 1157 0008 0390     	 str r0,[sp,#12]
 1158 000a 0A91     	 str r1,[sp,#40]
 1159              	 .loc 2 155 19 view .LVU262
 1160 000c 0846     	 mov r0,r1
 1161              	.LVL84:
 1162              	 .loc 2 155 19 view .LVU263
 1163 000e 9847     	 blx r3
 1164              	.LVL85:
 1165              	 .loc 2 155 19 view .LVU264
 1166 0010 824B     	 ldr r3,.L76+20
 1167              	 .loc 2 155 13 view .LVU265
 1168 0012 834C     	 ldr r4,.L76+24
 1169              	 .loc 2 155 19 view .LVU266
 1170 0014 9847     	 blx r3
 1171              	.LVL86:
 1172              	 .loc 2 155 13 view .LVU267
 1173 0016 7CA3     	 adr r3,.L76
 1174 0018 D3E90023 	 ldrd r2,[r3]
 1175 001c A047     	 blx r4
 1176              	.LVL87:
 1177 001e 814B     	 ldr r3,.L76+28
 1178 0020 9847     	 blx r3
 1179              	.LVL88:
 1180              	 .loc 2 155 9 view .LVU268
 1181 0022 814B     	 ldr r3,.L76+32
 1182 0024 9847     	 blx r3
 1183              	.LVL89:
 156:Toeplitz_FFT.c ****     reverse_array(X,N,s);
 1184              	 .loc 2 156 5 view .LVU269
 1185 0026 814B     	 ldr r3,.L76+36
 155:Toeplitz_FFT.c ****     int s = round(log2(N));
 1186              	 .loc 2 155 9 view .LVU270
 1187 0028 0B90     	 str r0,[sp,#44]
 1188              	.LVL90:
 1189              	 .loc 2 156 5 is_stmt 1 view .LVU271
 1190 002a 0246     	 mov r2,r0
 1191 002c 0A99     	 ldr r1,[sp,#40]
 1192 002e 0398     	 ldr r0,[sp,#12]
 1193              	.LVL91:
 1194              	 .loc 2 156 5 is_stmt 0 view .LVU272
 1195 0030 9847     	 blx r3
 1196              	.LVL92:
 157:Toeplitz_FFT.c ****     for(int stage=1; stage <= s; stage++){
 1197              	 .loc 2 157 5 is_stmt 1 view .LVU273
 1198              	.LBB53:
 1199              	 .loc 2 157 9 view .LVU274
 1200              	 .loc 2 157 13 is_stmt 0 view .LVU275
 1201 0032 0123     	 movs r3,#1
 1202              	.LVL93:
 1203              	.L75:
 1204              	 .loc 2 157 39 discriminator 2 view .LVU276
 1205 0034 0693     	 str r3,[sp,#24]
 1206              	.LVL94:
 1207              	 .loc 2 157 22 is_stmt 1 discriminator 2 view .LVU277
 1208              	 .loc 2 157 5 is_stmt 0 discriminator 2 view .LVU278
 1209 0036 069B     	 ldr r3,[sp,#24]
 1210              	 .loc 2 157 5 discriminator 2 view .LVU279
 1211 0038 0B9A     	 ldr r2,[sp,#44]
 1212 003a 9342     	 cmp r3,r2
 1213 003c 02DD     	 ble .L72
 1214              	.LBE53:
 158:Toeplitz_FFT.c ****         int p = 0;
 159:Toeplitz_FFT.c ****         int q = 0 + pow(2,stage-1);
 160:Toeplitz_FFT.c ****         int n = 0;
 161:Toeplitz_FFT.c ****         while (n<=pow(2,(stage-1))-1 && q <=N)
 162:Toeplitz_FFT.c ****         {
 163:Toeplitz_FFT.c ****             float complex w = cexp(-2*I*PI*n/(pow(2,stage)));
 164:Toeplitz_FFT.c **** 
 165:Toeplitz_FFT.c ****             float complex y = X[p];
 166:Toeplitz_FFT.c ****             float complex z = X[q];
 167:Toeplitz_FFT.c **** 
 168:Toeplitz_FFT.c **** 
 169:Toeplitz_FFT.c ****             trigger_high();
 170:Toeplitz_FFT.c **** 
 171:Toeplitz_FFT.c ****             //for(int i = 0; i < 20; i++){
 172:Toeplitz_FFT.c ****               //__asm__ volatile ("nop");
 173:Toeplitz_FFT.c ****             //}
 174:Toeplitz_FFT.c **** 
 175:Toeplitz_FFT.c ****             z *= w;
 176:Toeplitz_FFT.c ****             X[p] = y+z;
 177:Toeplitz_FFT.c ****             X[q] = y-z;
 178:Toeplitz_FFT.c **** 
 179:Toeplitz_FFT.c **** 
 180:Toeplitz_FFT.c ****             //for(int i = 0; i < 20; i++){
 181:Toeplitz_FFT.c ****               //__asm__ volatile ("nop");
 182:Toeplitz_FFT.c ****             //}
 183:Toeplitz_FFT.c **** 
 184:Toeplitz_FFT.c ****             trigger_low();
 185:Toeplitz_FFT.c **** 
 186:Toeplitz_FFT.c ****             p++;
 187:Toeplitz_FFT.c ****             q++;
 188:Toeplitz_FFT.c ****             n++;
 189:Toeplitz_FFT.c ****             if(q % (int)pow(2,stage) == 0){
 190:Toeplitz_FFT.c ****                 p = p + pow(2,stage-1);
 191:Toeplitz_FFT.c ****                 q = q + pow(2,stage-1);
 192:Toeplitz_FFT.c ****                 n=0;
 193:Toeplitz_FFT.c ****             }
 194:Toeplitz_FFT.c ****         }
 195:Toeplitz_FFT.c ****     }
 196:Toeplitz_FFT.c **** }
 1215              	 .loc 2 196 1 view .LVU280
 1216 003e 17B0     	 add sp,sp,#92
 1217              	.LCFI19:
 1218              	 .cfi_remember_state
 1219              	 .cfi_def_cfa_offset 36
 1220              	 
 1221 0040 BDE8F08F 	 pop {r4,r5,r6,r7,r8,r9,r10,fp,pc}
 1222              	.LVL95:
 1223              	.L72:
 1224              	.LCFI20:
 1225              	 .cfi_restore_state
 1226              	.LBB57:
 1227              	.LBB54:
 158:Toeplitz_FFT.c ****         int p = 0;
 1228              	 .loc 2 158 9 is_stmt 1 view .LVU281
 159:Toeplitz_FFT.c ****         int n = 0;
 1229              	 .loc 2 159 9 view .LVU282
 159:Toeplitz_FFT.c ****         int n = 0;
 1230              	 .loc 2 159 21 is_stmt 0 view .LVU283
 1231 0044 069B     	 ldr r3,[sp,#24]
 1232              	.LVL96:
 159:Toeplitz_FFT.c ****         int n = 0;
 1233              	 .loc 2 159 21 view .LVU284
 1234 0046 7A4C     	 ldr r4,.L76+40
 1235 0048 581E     	 subs r0,r3,#1
 1236 004a 734B     	 ldr r3,.L76+16
 1237 004c 9847     	 blx r3
 1238              	.LVL97:
 1239 004e CDE90401 	 strd r0,[sp,#16]
 1240 0052 0246     	 mov r2,r0
 1241 0054 0B46     	 mov r3,r1
 1242 0056 0020     	 movs r0,#0
 1243 0058 4FF08041 	 mov r1,#1073741824
 1244 005c A047     	 blx r4
 1245              	.LVL98:
 159:Toeplitz_FFT.c ****         int n = 0;
 1246              	 .loc 2 159 19 view .LVU285
 1247 005e 0022     	 movs r2,#0
 1248 0060 0023     	 movs r3,#0
 1249 0062 744C     	 ldr r4,.L76+44
 1250 0064 A047     	 blx r4
 1251              	.LVL99:
 159:Toeplitz_FFT.c ****         int n = 0;
 1252              	 .loc 2 159 13 view .LVU286
 1253 0066 704B     	 ldr r3,.L76+32
 1254 0068 9847     	 blx r3
 1255              	.LVL100:
 158:Toeplitz_FFT.c ****         int p = 0;
 1256              	 .loc 2 158 13 view .LVU287
 1257 006a 0025     	 movs r5,#0
 159:Toeplitz_FFT.c ****         int n = 0;
 1258              	 .loc 2 159 13 view .LVU288
 1259 006c 0790     	 str r0,[sp,#28]
 1260              	.LVL101:
 160:Toeplitz_FFT.c ****         while (n<=pow(2,(stage-1))-1 && q <=N)
 1261              	 .loc 2 160 9 is_stmt 1 view .LVU289
 161:Toeplitz_FFT.c ****         {
 1262              	 .loc 2 161 9 view .LVU290
 1263              	.L67:
 158:Toeplitz_FFT.c ****         int q = 0 + pow(2,stage-1);
 1264              	 .loc 2 158 13 is_stmt 0 view .LVU291
 1265 006e 079C     	 ldr r4,[sp,#28]
 1266              	.LVL102:
 1267              	.L68:
 161:Toeplitz_FFT.c ****         {
 1268              	 .loc 2 161 15 is_stmt 1 view .LVU292
 161:Toeplitz_FFT.c ****         {
 1269              	 .loc 2 161 17 is_stmt 0 view .LVU293
 1270 0070 079B     	 ldr r3,[sp,#28]
 161:Toeplitz_FFT.c ****         {
 1271              	 .loc 2 161 19 view .LVU294
 1272 0072 6F4E     	 ldr r6,.L76+40
 161:Toeplitz_FFT.c ****         {
 1273              	 .loc 2 161 17 view .LVU295
 1274 0074 E01A     	 subs r0,r4,r3
 1275              	.LVL103:
 161:Toeplitz_FFT.c ****         {
 1276              	 .loc 2 161 17 view .LVU296
 1277 0076 684B     	 ldr r3,.L76+16
 1278 0078 9847     	 blx r3
 1279              	.LVL104:
 161:Toeplitz_FFT.c ****         {
 1280              	 .loc 2 161 19 view .LVU297
 1281 007a DDE90423 	 ldrd r2,[sp,#16]
 161:Toeplitz_FFT.c ****         {
 1282              	 .loc 2 161 17 view .LVU298
 1283 007e 8046     	 mov r8,r0
 1284 0080 8946     	 mov r9,r1
 161:Toeplitz_FFT.c ****         {
 1285              	 .loc 2 161 19 view .LVU299
 1286 0082 0020     	 movs r0,#0
 1287 0084 4FF08041 	 mov r1,#1073741824
 1288 0088 B047     	 blx r6
 1289              	.LVL105:
 161:Toeplitz_FFT.c ****         {
 1290              	 .loc 2 161 35 view .LVU300
 1291 008a 6B4B     	 ldr r3,.L76+48
 1292 008c 6B4E     	 ldr r6,.L76+52
 1293 008e 0022     	 movs r2,#0
 1294 0090 B047     	 blx r6
 1295              	.LVL106:
 161:Toeplitz_FFT.c ****         {
 1296              	 .loc 2 161 15 view .LVU301
 1297 0092 6B4E     	 ldr r6,.L76+56
 161:Toeplitz_FFT.c ****         {
 1298              	 .loc 2 161 35 view .LVU302
 1299 0094 0246     	 mov r2,r0
 1300 0096 0B46     	 mov r3,r1
 161:Toeplitz_FFT.c ****         {
 1301              	 .loc 2 161 15 view .LVU303
 1302 0098 4046     	 mov r0,r8
 1303 009a 4946     	 mov r1,r9
 1304 009c B047     	 blx r6
 1305              	.LVL107:
 1306 009e 10B1     	 cbz r0,.L69
 161:Toeplitz_FFT.c ****         {
 1307              	 .loc 2 161 38 discriminator 1 view .LVU304
 1308 00a0 0A9B     	 ldr r3,[sp,#40]
 1309 00a2 9C42     	 cmp r4,r3
 1310 00a4 02DD     	 ble .L71
 1311              	.L69:
 1312              	.LBE54:
 157:Toeplitz_FFT.c ****         int p = 0;
 1313              	 .loc 2 157 34 is_stmt 1 discriminator 2 view .LVU305
 157:Toeplitz_FFT.c ****         int p = 0;
 1314              	 .loc 2 157 39 is_stmt 0 discriminator 2 view .LVU306
 1315 00a6 069B     	 ldr r3,[sp,#24]
 1316 00a8 0133     	 adds r3,r3,#1
 1317 00aa C3E7     	 b .L75
 1318              	.L71:
 1319              	.LBB56:
 1320              	.LBB55:
 163:Toeplitz_FFT.c **** 
 1321              	 .loc 2 163 13 is_stmt 1 view .LVU307
 163:Toeplitz_FFT.c **** 
 1322              	 .loc 2 163 47 is_stmt 0 view .LVU308
 1323 00ac 0698     	 ldr r0,[sp,#24]
 1324 00ae 5A4B     	 ldr r3,.L76+16
 1325 00b0 5F4E     	 ldr r6,.L76+40
 163:Toeplitz_FFT.c **** 
 1326              	 .loc 2 163 31 view .LVU309
 1327 00b2 DFF890B1 	 ldr fp,.L76+60
 1328 00b6 DFF868A1 	 ldr r10,.L76+24
 163:Toeplitz_FFT.c **** 
 1329              	 .loc 2 163 47 view .LVU310
 1330 00ba 9847     	 blx r3
 1331              	.LVL108:
 1332 00bc CDE90801 	 strd r0,[sp,#32]
 1333 00c0 0246     	 mov r2,r0
 1334 00c2 0B46     	 mov r3,r1
 1335 00c4 0020     	 movs r0,#0
 1336 00c6 4FF08041 	 mov r1,#1073741824
 1337 00ca B047     	 blx r6
 1338              	.LVL109:
 163:Toeplitz_FFT.c **** 
 1339              	 .loc 2 163 31 view .LVU311
 1340 00cc 0022     	 movs r2,#0
 163:Toeplitz_FFT.c **** 
 1341              	 .loc 2 163 47 view .LVU312
 1342 00ce 0646     	 mov r6,r0
 1343 00d0 0F46     	 mov r7,r1
 163:Toeplitz_FFT.c **** 
 1344              	 .loc 2 163 31 view .LVU313
 1345 00d2 4FF00043 	 mov r3,#-2147483648
 1346 00d6 4046     	 mov r0,r8
 1347 00d8 4946     	 mov r1,r9
 1348 00da D847     	 blx fp
 1349              	.LVL110:
 1350 00dc 3246     	 mov r2,r6
 1351 00de 3B46     	 mov r3,r7
 1352 00e0 D047     	 blx r10
 1353              	.LVL111:
 1354 00e2 4BA3     	 adr r3,.L76+8
 1355 00e4 D3E90023 	 ldrd r2,[r3]
 1356 00e8 0C90     	 str r0,[sp,#48]
 1357 00ea 0E91     	 str r1,[sp,#56]
 1358 00ec 4046     	 mov r0,r8
 1359 00ee 4946     	 mov r1,r9
 1360 00f0 D847     	 blx fp
 1361              	.LVL112:
 1362 00f2 3246     	 mov r2,r6
 1363 00f4 3B46     	 mov r3,r7
 1364 00f6 D047     	 blx r10
 1365              	.LVL113:
 1366 00f8 0B46     	 mov r3,r1
 1367 00fa 0146     	 mov r1,r0
 1368 00fc 1846     	 mov r0,r3
 1369 00fe CDE90010 	 strd r1,r0,[sp]
 1370 0102 0C9A     	 ldr r2,[sp,#48]
 1371 0104 5049     	 ldr r1,.L76+64
 1372 0106 0E9B     	 ldr r3,[sp,#56]
 1373 0108 DFF84091 	 ldr r9,.L76+68
 1374 010c 12A8     	 add r0,sp,#72
 1375 010e 8847     	 blx r1
 1376              	.LVL114:
 1377 0110 DDE91223 	 ldrd r2,[sp,#72]
 1378 0114 CDE90C23 	 strd r2,[sp,#48]
 1379 0118 039B     	 ldr r3,[sp,#12]
 169:Toeplitz_FFT.c **** 
 1380              	 .loc 2 169 13 view .LVU314
 1381 011a 4D4A     	 ldr r2,.L76+72
 1382 011c 53F83580 	 ldr r8,[r3,r5,lsl#3]
 1383 0120 1E1D     	 adds r6,r3,#4
 163:Toeplitz_FFT.c **** 
 1384              	 .loc 2 163 31 view .LVU315
 1385 0122 DDE914AB 	 ldrd r10,[sp,#80]
 1386              	.LVL115:
 165:Toeplitz_FFT.c ****             float complex z = X[q];
 1387              	 .loc 2 165 13 is_stmt 1 view .LVU316
 1388 0126 53F83430 	 ldr r3,[r3,r4,lsl#3]
 1389 012a 0F93     	 str r3,[sp,#60]
 1390 012c 56F83430 	 ldr r3,[r6,r4,lsl#3]
 1391 0130 56F83570 	 ldr r7,[r6,r5,lsl#3]
 1392              	.LVL116:
 166:Toeplitz_FFT.c **** 
 1393              	 .loc 2 166 13 view .LVU317
 1394 0134 0E93     	 str r3,[sp,#56]
 1395              	.LVL117:
 169:Toeplitz_FFT.c **** 
 1396              	 .loc 2 169 13 view .LVU318
 1397 0136 9047     	 blx r2
 1398              	.LVL118:
 175:Toeplitz_FFT.c ****             X[p] = y+z;
 1399              	 .loc 2 175 13 view .LVU319
 163:Toeplitz_FFT.c **** 
 1400              	 .loc 2 163 31 is_stmt 0 view .LVU320
 1401 0138 5946     	 mov r1,fp
 1402 013a 5046     	 mov r0,r10
 1403 013c C847     	 blx r9
 1404              	.LVL119:
 1405 013e 8246     	 mov r10,r0
 1406              	.LVL120:
 163:Toeplitz_FFT.c **** 
 1407              	 .loc 2 163 31 view .LVU321
 1408 0140 DDE90C01 	 ldrd r0,[sp,#48]
 1409 0144 C847     	 blx r9
 1410              	.LVL121:
 175:Toeplitz_FFT.c ****             X[p] = y+z;
 1411              	 .loc 2 175 15 view .LVU322
 1412 0146 0E9B     	 ldr r3,[sp,#56]
 1413 0148 DFF80891 	 ldr r9,.L76+76
 1414 014c 0093     	 str r3,[sp]
 1415 014e 5246     	 mov r2,r10
 1416 0150 0F9B     	 ldr r3,[sp,#60]
 163:Toeplitz_FFT.c **** 
 1417              	 .loc 2 163 31 view .LVU323
 1418 0152 0146     	 mov r1,r0
 175:Toeplitz_FFT.c ****             X[p] = y+z;
 1419              	 .loc 2 175 15 view .LVU324
 1420 0154 10A8     	 add r0,sp,#64
 1421 0156 C847     	 blx r9
 1422              	.LVL122:
 1423 0158 DDF840B0 	 ldr fp,[sp,#64]
 176:Toeplitz_FFT.c ****             X[q] = y-z;
 1424              	 .loc 2 176 21 view .LVU325
 1425 015c DFF8F890 	 ldr r9,.L76+80
 175:Toeplitz_FFT.c ****             X[p] = y+z;
 1426              	 .loc 2 175 15 view .LVU326
 1427 0160 DDF844A0 	 ldr r10,[sp,#68]
 1428              	.LVL123:
 176:Toeplitz_FFT.c ****             X[q] = y-z;
 1429              	 .loc 2 176 13 is_stmt 1 view .LVU327
 176:Toeplitz_FFT.c ****             X[q] = y-z;
 1430              	 .loc 2 176 21 is_stmt 0 view .LVU328
 1431 0164 5946     	 mov r1,fp
 1432 0166 4046     	 mov r0,r8
 1433 0168 C847     	 blx r9
 1434              	.LVL124:
 176:Toeplitz_FFT.c ****             X[q] = y-z;
 1435              	 .loc 2 176 18 view .LVU329
 1436 016a 039B     	 ldr r3,[sp,#12]
 176:Toeplitz_FFT.c ****             X[q] = y-z;
 1437              	 .loc 2 176 21 view .LVU330
 1438 016c 5146     	 mov r1,r10
 176:Toeplitz_FFT.c ****             X[q] = y-z;
 1439              	 .loc 2 176 18 view .LVU331
 1440 016e 43F83500 	 str r0,[r3,r5,lsl#3]
 176:Toeplitz_FFT.c ****             X[q] = y-z;
 1441              	 .loc 2 176 21 view .LVU332
 1442 0172 3846     	 mov r0,r7
 1443 0174 C847     	 blx r9
 1444              	.LVL125:
 177:Toeplitz_FFT.c **** 
 1445              	 .loc 2 177 21 view .LVU333
 1446 0176 DFF8E490 	 ldr r9,.L76+84
 176:Toeplitz_FFT.c ****             X[q] = y-z;
 1447              	 .loc 2 176 18 view .LVU334
 1448 017a 46F83500 	 str r0,[r6,r5,lsl#3]
 177:Toeplitz_FFT.c **** 
 1449              	 .loc 2 177 13 is_stmt 1 view .LVU335
 177:Toeplitz_FFT.c **** 
 1450              	 .loc 2 177 21 is_stmt 0 view .LVU336
 1451 017e 5946     	 mov r1,fp
 1452 0180 4046     	 mov r0,r8
 1453 0182 C847     	 blx r9
 1454              	.LVL126:
 177:Toeplitz_FFT.c **** 
 1455              	 .loc 2 177 18 view .LVU337
 1456 0184 039B     	 ldr r3,[sp,#12]
 177:Toeplitz_FFT.c **** 
 1457              	 .loc 2 177 21 view .LVU338
 1458 0186 5146     	 mov r1,r10
 177:Toeplitz_FFT.c **** 
 1459              	 .loc 2 177 18 view .LVU339
 1460 0188 43F83400 	 str r0,[r3,r4,lsl#3]
 177:Toeplitz_FFT.c **** 
 1461              	 .loc 2 177 21 view .LVU340
 1462 018c 3846     	 mov r0,r7
 1463 018e C847     	 blx r9
 1464              	.LVL127:
 184:Toeplitz_FFT.c **** 
 1465              	 .loc 2 184 13 view .LVU341
 1466 0190 334B     	 ldr r3,.L76+88
 177:Toeplitz_FFT.c **** 
 1467              	 .loc 2 177 18 view .LVU342
 1468 0192 46F83400 	 str r0,[r6,r4,lsl#3]
 184:Toeplitz_FFT.c **** 
 1469              	 .loc 2 184 13 is_stmt 1 view .LVU343
 1470 0196 9847     	 blx r3
 1471              	.LVL128:
 186:Toeplitz_FFT.c ****             q++;
 1472              	 .loc 2 186 13 view .LVU344
 189:Toeplitz_FFT.c ****                 p = p + pow(2,stage-1);
 1473              	 .loc 2 189 25 is_stmt 0 view .LVU345
 1474 0198 254E     	 ldr r6,.L76+40
 1475 019a DDE90823 	 ldrd r2,[sp,#32]
 1476 019e 0020     	 movs r0,#0
 1477 01a0 4FF08041 	 mov r1,#1073741824
 1478 01a4 B047     	 blx r6
 1479              	.LVL129:
 189:Toeplitz_FFT.c ****                 p = p + pow(2,stage-1);
 1480              	 .loc 2 189 20 view .LVU346
 1481 01a6 204E     	 ldr r6,.L76+32
 1482 01a8 B047     	 blx r6
 1483              	.LVL130:
 187:Toeplitz_FFT.c ****             n++;
 1484              	 .loc 2 187 14 view .LVU347
 1485 01aa 0134     	 adds r4,r4,#1
 1486              	.LVL131:
 189:Toeplitz_FFT.c ****                 p = p + pow(2,stage-1);
 1487              	 .loc 2 189 18 view .LVU348
 1488 01ac 94FBF0F3 	 sdiv r3,r4,r0
 1489 01b0 03FB1040 	 mls r0,r3,r0,r4
 186:Toeplitz_FFT.c ****             q++;
 1490              	 .loc 2 186 14 view .LVU349
 1491 01b4 0135     	 adds r5,r5,#1
 1492              	.LVL132:
 187:Toeplitz_FFT.c ****             n++;
 1493              	 .loc 2 187 13 is_stmt 1 view .LVU350
 188:Toeplitz_FFT.c ****             if(q % (int)pow(2,stage) == 0){
 1494              	 .loc 2 188 13 view .LVU351
 189:Toeplitz_FFT.c ****                 p = p + pow(2,stage-1);
 1495              	 .loc 2 189 13 view .LVU352
 189:Toeplitz_FFT.c ****                 p = p + pow(2,stage-1);
 1496              	 .loc 2 189 15 is_stmt 0 view .LVU353
 1497 01b6 0028     	 cmp r0,#0
 1498 01b8 7FF45AAF 	 bne .L68
 190:Toeplitz_FFT.c ****                 q = q + pow(2,stage-1);
 1499              	 .loc 2 190 17 is_stmt 1 view .LVU354
 190:Toeplitz_FFT.c ****                 q = q + pow(2,stage-1);
 1500              	 .loc 2 190 25 is_stmt 0 view .LVU355
 1501 01bc DDE90423 	 ldrd r2,[sp,#16]
 1502 01c0 DFF86CA0 	 ldr r10,.L76+40
 1503              	.LVL133:
 190:Toeplitz_FFT.c ****                 q = q + pow(2,stage-1);
 1504              	 .loc 2 190 23 view .LVU356
 1505 01c4 DFF850B0 	 ldr fp,.L76+16
 190:Toeplitz_FFT.c ****                 q = q + pow(2,stage-1);
 1506              	 .loc 2 190 23 view .LVU357
 1507 01c8 1A4F     	 ldr r7,.L76+44
 1508              	.LVL134:
 190:Toeplitz_FFT.c ****                 q = q + pow(2,stage-1);
 1509              	 .loc 2 190 25 view .LVU358
 1510 01ca 0020     	 movs r0,#0
 1511 01cc 4FF08041 	 mov r1,#1073741824
 1512 01d0 D047     	 blx r10
 1513              	.LVL135:
 1514 01d2 8046     	 mov r8,r0
 190:Toeplitz_FFT.c ****                 q = q + pow(2,stage-1);
 1515              	 .loc 2 190 25 view .LVU359
 1516 01d4 8946     	 mov r9,r1
 190:Toeplitz_FFT.c ****                 q = q + pow(2,stage-1);
 1517              	 .loc 2 190 23 view .LVU360
 1518 01d6 2846     	 mov r0,r5
 1519 01d8 D847     	 blx fp
 1520              	.LVL136:
 1521 01da 4246     	 mov r2,r8
 1522 01dc 4B46     	 mov r3,r9
 1523 01de B847     	 blx r7
 1524              	.LVL137:
 190:Toeplitz_FFT.c ****                 q = q + pow(2,stage-1);
 1525              	 .loc 2 190 19 view .LVU361
 1526 01e0 B047     	 blx r6
 1527              	.LVL138:
 191:Toeplitz_FFT.c ****                 n=0;
 1528              	 .loc 2 191 25 view .LVU362
 1529 01e2 DDE90423 	 ldrd r2,[sp,#16]
 190:Toeplitz_FFT.c ****                 q = q + pow(2,stage-1);
 1530              	 .loc 2 190 19 view .LVU363
 1531 01e6 0546     	 mov r5,r0
 1532              	.LVL139:
 191:Toeplitz_FFT.c ****                 n=0;
 1533              	 .loc 2 191 17 is_stmt 1 view .LVU364
 191:Toeplitz_FFT.c ****                 n=0;
 1534              	 .loc 2 191 25 is_stmt 0 view .LVU365
 1535 01e8 4FF08041 	 mov r1,#1073741824
 1536 01ec 0020     	 movs r0,#0
 1537              	.LVL140:
 191:Toeplitz_FFT.c ****                 n=0;
 1538              	 .loc 2 191 25 view .LVU366
 1539 01ee D047     	 blx r10
 1540              	.LVL141:
 1541 01f0 8046     	 mov r8,r0
 1542 01f2 8946     	 mov r9,r1
 191:Toeplitz_FFT.c ****                 n=0;
 1543              	 .loc 2 191 23 view .LVU367
 1544 01f4 2046     	 mov r0,r4
 1545 01f6 D847     	 blx fp
 1546              	.LVL142:
 1547 01f8 4246     	 mov r2,r8
 1548 01fa 4B46     	 mov r3,r9
 1549 01fc B847     	 blx r7
 1550              	.LVL143:
 191:Toeplitz_FFT.c ****                 n=0;
 1551              	 .loc 2 191 19 view .LVU368
 1552 01fe B047     	 blx r6
 1553              	.LVL144:
 1554 0200 0790     	 str r0,[sp,#28]
 1555              	.LVL145:
 192:Toeplitz_FFT.c ****             }
 1556              	 .loc 2 192 17 is_stmt 1 view .LVU369
 192:Toeplitz_FFT.c ****             }
 1557              	 .loc 2 192 17 is_stmt 0 view .LVU370
 1558 0202 34E7     	 b .L67
 1559              	.L77:
 1560 0204 AFF30080 	 .align 3
 1561              	.L76:
 1562 0208 EF39FAFE 	 .word -17155601
 1563 020c 422EE63F 	 .word 1072049730
 1564 0210 182D4454 	 .word 1413754136
 1565 0214 FB2119C0 	 .word -1072094725
 1566 0218 00000000 	 .word __aeabi_i2d
 1567 021c 00000000 	 .word log
 1568 0220 00000000 	 .word __aeabi_ddiv
 1569 0224 00000000 	 .word round
 1570 0228 00000000 	 .word __aeabi_d2iz
 1571 022c 00000000 	 .word reverse_array
 1572 0230 00000000 	 .word pow
 1573 0234 00000000 	 .word __aeabi_dadd
 1574 0238 0000F03F 	 .word 1072693248
 1575 023c 00000000 	 .word __aeabi_dsub
 1576 0240 00000000 	 .word __aeabi_dcmple
 1577 0244 00000000 	 .word __aeabi_dmul
 1578 0248 00000000 	 .word cexp
 1579 024c 00000000 	 .word __aeabi_d2f
 1580 0250 00000000 	 .word trigger_high
 1581 0254 00000000 	 .word __mulsc3
 1582 0258 00000000 	 .word __aeabi_fadd
 1583 025c 00000000 	 .word __aeabi_fsub
 1584 0260 00000000 	 .word trigger_low
 1585              	.LBE55:
 1586              	.LBE56:
 1587              	.LBE57:
 1588              	 .cfi_endproc
 1589              	.LFE17:
 1591              	 .global __aeabi_fdiv
 1592              	 .section .text.DIT_IFFT,"ax",%progbits
 1593              	 .align 1
 1594              	 .global DIT_IFFT
 1595              	 .syntax unified
 1596              	 .thumb
 1597              	 .thumb_func
 1598              	 .fpu softvfp
 1600              	DIT_IFFT:
 1601              	.LVL146:
 1602              	.LFB18:
 197:Toeplitz_FFT.c **** 
 198:Toeplitz_FFT.c **** void DIT_IFFT(float complex *X, int N){
 1603              	 .loc 2 198 39 is_stmt 1 view-0
 1604              	 .cfi_startproc
 1605              	 
 1606              	 
 199:Toeplitz_FFT.c ****     conj_array(X, N);
 1607              	 .loc 2 199 5 view .LVU372
 198:Toeplitz_FFT.c ****     conj_array(X, N);
 1608              	 .loc 2 198 39 is_stmt 0 view .LVU373
 1609 0000 2DE9F047 	 push {r4,r5,r6,r7,r8,r9,r10,lr}
 1610              	.LCFI21:
 1611              	 .cfi_def_cfa_offset 32
 1612              	 .cfi_offset 4,-32
 1613              	 .cfi_offset 5,-28
 1614              	 .cfi_offset 6,-24
 1615              	 .cfi_offset 7,-20
 1616              	 .cfi_offset 8,-16
 1617              	 .cfi_offset 9,-12
 1618              	 .cfi_offset 10,-8
 1619              	 .cfi_offset 14,-4
 198:Toeplitz_FFT.c ****     conj_array(X, N);
 1620              	 .loc 2 198 39 view .LVU374
 1621 0004 0446     	 mov r4,r0
 1622              	 .loc 2 199 5 view .LVU375
 1623 0006 134E     	 ldr r6,.L81
 1624              	.LBB58:
 200:Toeplitz_FFT.c ****     DIT_FFT(X,N);
 201:Toeplitz_FFT.c ****     conj_array(X,N);
 202:Toeplitz_FFT.c **** 
 203:Toeplitz_FFT.c ****     for(int i = 0; i < N; i++){
 204:Toeplitz_FFT.c ****       X[i] = X[i]/N;
 1625              	 .loc 2 204 18 view .LVU376
 1626 0008 DFF84CA0 	 ldr r10,.L81+4
 1627 000c DFF84C90 	 ldr r9,.L81+8
 1628              	.LBE58:
 199:Toeplitz_FFT.c ****     DIT_FFT(X,N);
 1629              	 .loc 2 199 5 view .LVU377
 1630 0010 B047     	 blx r6
 1631              	.LVL147:
 200:Toeplitz_FFT.c ****     DIT_FFT(X,N);
 1632              	 .loc 2 200 5 is_stmt 1 view .LVU378
 198:Toeplitz_FFT.c ****     conj_array(X, N);
 1633              	 .loc 2 198 39 is_stmt 0 view .LVU379
 1634 0012 0D46     	 mov r5,r1
 200:Toeplitz_FFT.c ****     DIT_FFT(X,N);
 1635              	 .loc 2 200 5 view .LVU380
 1636 0014 124B     	 ldr r3,.L81+12
 1637 0016 2046     	 mov r0,r4
 1638 0018 9847     	 blx r3
 1639              	.LVL148:
 201:Toeplitz_FFT.c **** 
 1640              	 .loc 2 201 5 is_stmt 1 view .LVU381
 1641 001a 2946     	 mov r1,r5
 1642 001c 2046     	 mov r0,r4
 1643 001e B047     	 blx r6
 1644              	.LVL149:
 203:Toeplitz_FFT.c ****       X[i] = X[i]/N;
 1645              	 .loc 2 203 5 view .LVU382
 1646              	.LBB59:
 203:Toeplitz_FFT.c ****       X[i] = X[i]/N;
 1647              	 .loc 2 203 9 view .LVU383
 203:Toeplitz_FFT.c ****       X[i] = X[i]/N;
 1648              	 .loc 2 203 13 is_stmt 0 view .LVU384
 1649 0020 0027     	 movs r7,#0
 1650              	.LVL150:
 1651              	.L79:
 203:Toeplitz_FFT.c ****       X[i] = X[i]/N;
 1652              	 .loc 2 203 20 is_stmt 1 discriminator 1 view .LVU385
 203:Toeplitz_FFT.c ****       X[i] = X[i]/N;
 1653              	 .loc 2 203 5 is_stmt 0 discriminator 1 view .LVU386
 1654 0022 AF42     	 cmp r7,r5
 1655 0024 04F10804 	 add r4,r4,#8
 1656 0028 01DB     	 blt .L80
 1657              	.LBE59:
 205:Toeplitz_FFT.c ****     }
 206:Toeplitz_FFT.c **** }
 1658              	 .loc 2 206 1 view .LVU387
 1659 002a BDE8F087 	 pop {r4,r5,r6,r7,r8,r9,r10,pc}
 1660              	.LVL151:
 1661              	.L80:
 1662              	.LBB60:
 204:Toeplitz_FFT.c ****     }
 1663              	 .loc 2 204 7 is_stmt 1 discriminator 3 view .LVU388
 204:Toeplitz_FFT.c ****     }
 1664              	 .loc 2 204 18 is_stmt 0 discriminator 3 view .LVU389
 1665 002e 2846     	 mov r0,r5
 1666 0030 D047     	 blx r10
 1667              	.LVL152:
 1668 0032 0146     	 mov r1,r0
 1669 0034 0646     	 mov r6,r0
 1670 0036 54F8040C 	 ldr r0,[r4,#-4]
 1671 003a C847     	 blx r9
 1672              	.LVL153:
 1673 003c 3146     	 mov r1,r6
 1674 003e 8046     	 mov r8,r0
 1675 0040 54F8080C 	 ldr r0,[r4,#-8]
 1676 0044 C847     	 blx r9
 1677              	.LVL154:
 203:Toeplitz_FFT.c ****       X[i] = X[i]/N;
 1678              	 .loc 2 203 28 discriminator 3 view .LVU390
 1679 0046 0137     	 adds r7,r7,#1
 1680              	.LVL155:
 204:Toeplitz_FFT.c ****     }
 1681              	 .loc 2 204 12 discriminator 3 view .LVU391
 1682 0048 44F8080C 	 str r0,[r4,#-8]
 1683 004c 44F8048C 	 str r8,[r4,#-4]
 203:Toeplitz_FFT.c ****       X[i] = X[i]/N;
 1684              	 .loc 2 203 27 is_stmt 1 discriminator 3 view .LVU392
 1685              	.LVL156:
 203:Toeplitz_FFT.c ****       X[i] = X[i]/N;
 1686              	 .loc 2 203 27 is_stmt 0 discriminator 3 view .LVU393
 1687 0050 E7E7     	 b .L79
 1688              	.L82:
 1689 0052 00BF     	 .align 2
 1690              	.L81:
 1691 0054 00000000 	 .word conj_array
 1692 0058 00000000 	 .word __aeabi_i2f
 1693 005c 00000000 	 .word __aeabi_fdiv
 1694 0060 00000000 	 .word DIT_FFT
 1695              	.LBE60:
 1696              	 .cfi_endproc
 1697              	.LFE18:
 1699              	 .global __aeabi_f2d
 1700              	 .section .text.Toeplitz_hash_fft_butterfly,"ax",%progbits
 1701              	 .align 1
 1702              	 .global Toeplitz_hash_fft_butterfly
 1703              	 .syntax unified
 1704              	 .thumb
 1705              	 .thumb_func
 1706              	 .fpu softvfp
 1708              	Toeplitz_hash_fft_butterfly:
 1709              	.LVL157:
 1710              	.LFB19:
 207:Toeplitz_FFT.c **** 
 208:Toeplitz_FFT.c **** 
 209:Toeplitz_FFT.c **** void Toeplitz_hash_fft_butterfly(int* input_key, int* output_key, int* row1, int *col1, int rowLen,
 1711              	 .loc 2 209 112 is_stmt 1 view-0
 1712              	 .cfi_startproc
 1713              	 
 1714              	 
 210:Toeplitz_FFT.c **** 
 211:Toeplitz_FFT.c ****     int circulant_size = rowLen + colLen - 1;
 1715              	 .loc 2 211 5 view .LVU395
 209:Toeplitz_FFT.c **** 
 1716              	 .loc 2 209 112 is_stmt 0 view .LVU396
 1717 0000 2DE9F04F 	 push {r4,r5,r6,r7,r8,r9,r10,fp,lr}
 1718              	.LCFI22:
 1719              	 .cfi_def_cfa_offset 36
 1720              	 .cfi_offset 4,-36
 1721              	 .cfi_offset 5,-32
 1722              	 .cfi_offset 6,-28
 1723              	 .cfi_offset 7,-24
 1724              	 .cfi_offset 8,-20
 1725              	 .cfi_offset 9,-16
 1726              	 .cfi_offset 10,-12
 1727              	 .cfi_offset 11,-8
 1728              	 .cfi_offset 14,-4
 1729 0004 89B0     	 sub sp,sp,#36
 1730              	.LCFI23:
 1731              	 .cfi_def_cfa_offset 72
 209:Toeplitz_FFT.c **** 
 1732              	 .loc 2 209 112 view .LVU397
 1733 0006 DDE91289 	 ldrd r8,r9,[sp,#72]
 1734 000a 9B46     	 mov fp,r3
 1735              	 .loc 2 211 33 view .LVU398
 1736 000c 08EB0903 	 add r3,r8,r9
 1737              	.LVL158:
 1738              	 .loc 2 211 9 view .LVU399
 1739 0010 5E1E     	 subs r6,r3,#1
 212:Toeplitz_FFT.c ****     float complex *circ = (float complex*)malloc(circulant_size * sizeof(float complex));
 1740              	 .loc 2 212 43 view .LVU400
 1741 0012 F700     	 lsls r7,r6,#3
 209:Toeplitz_FFT.c **** 
 1742              	 .loc 2 209 112 view .LVU401
 1743 0014 CDE90301 	 strd r0,r1,[sp,#12]
 1744              	 .loc 2 212 43 view .LVU402
 1745 0018 394D     	 ldr r5,.L88
 211:Toeplitz_FFT.c ****     float complex *circ = (float complex*)malloc(circulant_size * sizeof(float complex));
 1746              	 .loc 2 211 9 view .LVU403
 1747 001a 0593     	 str r3,[sp,#20]
 1748              	.LVL159:
 1749              	 .loc 2 212 5 is_stmt 1 view .LVU404
 1750              	 .loc 2 212 43 is_stmt 0 view .LVU405
 1751 001c 3846     	 mov r0,r7
 1752              	.LVL160:
 209:Toeplitz_FFT.c **** 
 1753              	 .loc 2 209 112 view .LVU406
 1754 001e 9246     	 mov r10,r2
 1755              	 .loc 2 212 43 view .LVU407
 1756 0020 A847     	 blx r5
 1757              	.LVL161:
 1758              	 .loc 2 212 43 view .LVU408
 1759 0022 0446     	 mov r4,r0
 1760              	.LVL162:
 213:Toeplitz_FFT.c ****     float complex *padded_key = (float complex*)malloc(circulant_size * sizeof(float complex));
 1761              	 .loc 2 213 5 is_stmt 1 view .LVU409
 1762              	 .loc 2 213 49 is_stmt 0 view .LVU410
 1763 0024 3846     	 mov r0,r7
 1764              	.LVL163:
 1765              	 .loc 2 213 49 view .LVU411
 1766 0026 A847     	 blx r5
 1767              	.LVL164:
 1768              	.LBB61:
 214:Toeplitz_FFT.c ****    // double complex u[circulant_size];
 215:Toeplitz_FFT.c ****    // double complex cx[circulant_size];
 216:Toeplitz_FFT.c **** 
 217:Toeplitz_FFT.c ****     for(int i=0; i < circulant_size; i++){
 218:Toeplitz_FFT.c ****       circ[i] = 0 + 0*I;
 1769              	 .loc 2 218 15 view .LVU412
 1770 0028 059B     	 ldr r3,[sp,#20]
 1771 002a 002B     	 cmp r3,#0
 1772 002c CCBF     	 ite gt
 1773 002e 3A46     	 movgt r2,r7
 1774 0030 0022     	 movle r2,#0
 1775              	.LBE61:
 213:Toeplitz_FFT.c ****     float complex *padded_key = (float complex*)malloc(circulant_size * sizeof(float complex));
 1776              	 .loc 2 213 49 view .LVU413
 1777 0032 0546     	 mov r5,r0
 1778              	.LVL165:
 217:Toeplitz_FFT.c ****       circ[i] = 0 + 0*I;
 1779              	 .loc 2 217 5 is_stmt 1 view .LVU414
 1780              	.LBB62:
 217:Toeplitz_FFT.c ****       circ[i] = 0 + 0*I;
 1781              	 .loc 2 217 9 view .LVU415
 1782              	 .loc 2 218 15 is_stmt 0 view .LVU416
 1783 0034 334B     	 ldr r3,.L88+4
 1784 0036 0592     	 str r2,[sp,#20]
 1785 0038 0021     	 movs r1,#0
 1786 003a 2046     	 mov r0,r4
 1787              	.LVL166:
 1788              	 .loc 2 218 15 view .LVU417
 1789 003c 9847     	 blx r3
 1790              	.LVL167:
 219:Toeplitz_FFT.c ****       padded_key[i] = 0 + 0*I;
 1791              	 .loc 2 219 21 view .LVU418
 1792 003e 059A     	 ldr r2,[sp,#20]
 1793 0040 304B     	 ldr r3,.L88+4
 1794              	.LBE62:
 220:Toeplitz_FFT.c ****     //  u[i] = 0 + 0*I;
 221:Toeplitz_FFT.c ****     //  cx[i] = 0 + 0*I;
 222:Toeplitz_FFT.c **** 
 223:Toeplitz_FFT.c ****     }
 224:Toeplitz_FFT.c **** 
 225:Toeplitz_FFT.c ****     embed_toeplitz_on_circulant(circ, row1, col1, rowLen, colLen, circulant_size); //embed to next 
 226:Toeplitz_FFT.c ****     pad_key(padded_key, input_key, circulant_size, rowLen);
 1795              	 .loc 2 226 5 view .LVU419
 1796 0042 314F     	 ldr r7,.L88+8
 1797              	.LBB63:
 219:Toeplitz_FFT.c ****       padded_key[i] = 0 + 0*I;
 1798              	 .loc 2 219 21 view .LVU420
 1799 0044 0021     	 movs r1,#0
 1800 0046 2846     	 mov r0,r5
 1801 0048 9847     	 blx r3
 1802              	.LVL168:
 219:Toeplitz_FFT.c ****       padded_key[i] = 0 + 0*I;
 1803              	 .loc 2 219 21 view .LVU421
 1804              	.LBE63:
 225:Toeplitz_FFT.c ****     pad_key(padded_key, input_key, circulant_size, rowLen);
 1805              	 .loc 2 225 5 is_stmt 1 view .LVU422
 1806 004a 4346     	 mov r3,r8
 1807 004c 5A46     	 mov r2,fp
 1808 004e 5146     	 mov r1,r10
 1809 0050 2046     	 mov r0,r4
 1810 0052 DFF8B8A0 	 ldr r10,.L88+12
 1811              	.LVL169:
 1812              	.LBB64:
 227:Toeplitz_FFT.c **** 
 228:Toeplitz_FFT.c ****     DIT_FFT(circ,circulant_size);
 229:Toeplitz_FFT.c ****     DIT_FFT(padded_key,circulant_size);
 230:Toeplitz_FFT.c ****     for(int i = 0; i < circulant_size; i++){
 231:Toeplitz_FFT.c ****       circ[i] = circ[i] * padded_key[i];
 1813              	 .loc 2 231 25 is_stmt 0 view .LVU423
 1814 0056 DFF8B8B0 	 ldr fp,.L88+16
 1815              	.LVL170:
 1816              	 .loc 2 231 25 view .LVU424
 1817              	.LBE64:
 225:Toeplitz_FFT.c ****     pad_key(padded_key, input_key, circulant_size, rowLen);
 1818              	 .loc 2 225 5 view .LVU425
 1819 005a CDE90096 	 strd r9,r6,[sp]
 1820 005e D047     	 blx r10
 1821              	.LVL171:
 226:Toeplitz_FFT.c **** 
 1822              	 .loc 2 226 5 is_stmt 1 view .LVU426
 1823 0060 4346     	 mov r3,r8
 1824 0062 3246     	 mov r2,r6
 1825 0064 0399     	 ldr r1,[sp,#12]
 1826 0066 2846     	 mov r0,r5
 1827 0068 B847     	 blx r7
 1828              	.LVL172:
 228:Toeplitz_FFT.c ****     DIT_FFT(padded_key,circulant_size);
 1829              	 .loc 2 228 5 view .LVU427
 1830 006a 2A4F     	 ldr r7,.L88+20
 1831 006c 3146     	 mov r1,r6
 1832 006e 2046     	 mov r0,r4
 1833 0070 B847     	 blx r7
 1834              	.LVL173:
 229:Toeplitz_FFT.c ****     for(int i = 0; i < circulant_size; i++){
 1835              	 .loc 2 229 5 view .LVU428
 1836 0072 3146     	 mov r1,r6
 1837 0074 2846     	 mov r0,r5
 1838 0076 B847     	 blx r7
 1839              	.LVL174:
 230:Toeplitz_FFT.c ****       circ[i] = circ[i] * padded_key[i];
 1840              	 .loc 2 230 5 view .LVU429
 1841              	.LBB65:
 230:Toeplitz_FFT.c ****       circ[i] = circ[i] * padded_key[i];
 1842              	 .loc 2 230 9 view .LVU430
 230:Toeplitz_FFT.c ****       circ[i] = circ[i] * padded_key[i];
 1843              	 .loc 2 230 9 is_stmt 0 view .LVU431
 1844 0078 A846     	 mov r8,r5
 1845 007a 2746     	 mov r7,r4
 230:Toeplitz_FFT.c ****       circ[i] = circ[i] * padded_key[i];
 1846              	 .loc 2 230 13 view .LVU432
 1847 007c 4FF0000A 	 mov r10,#0
 1848              	.LVL175:
 1849              	.L84:
 230:Toeplitz_FFT.c ****       circ[i] = circ[i] * padded_key[i];
 1850              	 .loc 2 230 20 is_stmt 1 discriminator 1 view .LVU433
 230:Toeplitz_FFT.c ****       circ[i] = circ[i] * padded_key[i];
 1851              	 .loc 2 230 5 is_stmt 0 discriminator 1 view .LVU434
 1852 0080 B245     	 cmp r10,r6
 1853 0082 07F10807 	 add r7,r7,#8
 1854 0086 08F10808 	 add r8,r8,#8
 1855 008a 14DB     	 blt .L85
 1856              	.LBE65:
 232:Toeplitz_FFT.c ****     }
 233:Toeplitz_FFT.c **** 
 234:Toeplitz_FFT.c ****     DIT_IFFT(circ, circulant_size);
 1857              	 .loc 2 234 5 is_stmt 1 view .LVU435
 1858 008c 3146     	 mov r1,r6
 1859 008e 224B     	 ldr r3,.L88+24
 1860              	.LBB66:
 1861              	.LBB67:
 235:Toeplitz_FFT.c **** 
 236:Toeplitz_FFT.c **** 
 237:Toeplitz_FFT.c ****     for(int i = 0; i < colLen; i++){
 238:Toeplitz_FFT.c ****       int bit_rounded = round(creal(circ[i]));
 1862              	 .loc 2 238 41 is_stmt 0 view .LVU436
 1863 0090 DFF888A0 	 ldr r10,.L88+28
 1864              	.LVL176:
 1865              	 .loc 2 238 25 view .LVU437
 1866 0094 224E     	 ldr r6,.L88+32
 1867              	.LVL177:
 1868              	 .loc 2 238 11 view .LVU438
 1869 0096 234F     	 ldr r7,.L88+36
 1870              	.LBE67:
 1871              	.LBE66:
 234:Toeplitz_FFT.c **** 
 1872              	 .loc 2 234 5 view .LVU439
 1873 0098 2046     	 mov r0,r4
 1874 009a 9847     	 blx r3
 1875              	.LVL178:
 237:Toeplitz_FFT.c ****       int bit_rounded = round(creal(circ[i]));
 1876              	 .loc 2 237 5 is_stmt 1 view .LVU440
 1877              	.LBB69:
 237:Toeplitz_FFT.c ****       int bit_rounded = round(creal(circ[i]));
 1878              	 .loc 2 237 9 view .LVU441
 237:Toeplitz_FFT.c ****       int bit_rounded = round(creal(circ[i]));
 1879              	 .loc 2 237 13 is_stmt 0 view .LVU442
 1880 009c 4FF00008 	 mov r8,#0
 1881              	.LVL179:
 1882              	.L86:
 237:Toeplitz_FFT.c ****       int bit_rounded = round(creal(circ[i]));
 1883              	 .loc 2 237 20 is_stmt 1 discriminator 1 view .LVU443
 237:Toeplitz_FFT.c ****       int bit_rounded = round(creal(circ[i]));
 1884              	 .loc 2 237 5 is_stmt 0 discriminator 1 view .LVU444
 1885 00a0 C845     	 cmp r8,r9
 1886 00a2 1CDB     	 blt .L87
 1887              	.LBE69:
 239:Toeplitz_FFT.c ****       output_key[i] = bit_rounded%2; 
 240:Toeplitz_FFT.c ****     }
 241:Toeplitz_FFT.c ****     free(circ);
 1888              	 .loc 2 241 5 is_stmt 1 view .LVU445
 1889 00a4 2046     	 mov r0,r4
 1890 00a6 204C     	 ldr r4,.L88+40
 1891              	.LVL180:
 1892              	 .loc 2 241 5 is_stmt 0 view .LVU446
 1893 00a8 A047     	 blx r4
 1894              	.LVL181:
 242:Toeplitz_FFT.c ****     free(padded_key);
 1895              	 .loc 2 242 5 is_stmt 1 view .LVU447
 1896 00aa 2846     	 mov r0,r5
 1897 00ac 2346     	 mov r3,r4
 243:Toeplitz_FFT.c **** }
 1898              	 .loc 2 243 1 is_stmt 0 view .LVU448
 1899 00ae 09B0     	 add sp,sp,#36
 1900              	.LCFI24:
 1901              	 .cfi_remember_state
 1902              	 .cfi_def_cfa_offset 36
 1903              	 
 1904 00b0 BDE8F04F 	 pop {r4,r5,r6,r7,r8,r9,r10,fp,lr}
 1905              	.LCFI25:
 1906              	 .cfi_restore 14
 1907              	 .cfi_restore 11
 1908              	 .cfi_restore 10
 1909              	 .cfi_restore 9
 1910              	 .cfi_restore 8
 1911              	 .cfi_restore 7
 1912              	 .cfi_restore 6
 1913              	 .cfi_restore 5
 1914              	 .cfi_restore 4
 1915              	 .cfi_def_cfa_offset 0
 1916              	.LVL182:
 242:Toeplitz_FFT.c ****     free(padded_key);
 1917              	 .loc 2 242 5 view .LVU449
 1918 00b4 1847     	 bx r3
 1919              	.LVL183:
 1920              	.L85:
 1921              	.LCFI26:
 1922              	 .cfi_restore_state
 1923              	.LBB70:
 231:Toeplitz_FFT.c ****     }
 1924              	 .loc 2 231 7 is_stmt 1 discriminator 3 view .LVU450
 231:Toeplitz_FFT.c ****     }
 1925              	 .loc 2 231 25 is_stmt 0 discriminator 3 view .LVU451
 1926 00b6 58F8043C 	 ldr r3,[r8,#-4]
 1927 00ba 0093     	 str r3,[sp]
 1928 00bc 58F8083C 	 ldr r3,[r8,#-8]
 1929 00c0 57F8042C 	 ldr r2,[r7,#-4]
 1930 00c4 57F8081C 	 ldr r1,[r7,#-8]
 1931 00c8 06A8     	 add r0,sp,#24
 1932 00ca D847     	 blx fp
 1933              	.LVL184:
 231:Toeplitz_FFT.c ****     }
 1934              	 .loc 2 231 15 discriminator 3 view .LVU452
 1935 00cc 069B     	 ldr r3,[sp,#24]
 1936 00ce 47F8083C 	 str r3,[r7,#-8]
 1937 00d2 079B     	 ldr r3,[sp,#28]
 1938 00d4 47F8043C 	 str r3,[r7,#-4]
 230:Toeplitz_FFT.c ****       circ[i] = circ[i] * padded_key[i];
 1939              	 .loc 2 230 40 is_stmt 1 discriminator 3 view .LVU453
 230:Toeplitz_FFT.c ****       circ[i] = circ[i] * padded_key[i];
 1940              	 .loc 2 230 41 is_stmt 0 discriminator 3 view .LVU454
 1941 00d8 0AF1010A 	 add r10,r10,#1
 1942              	.LVL185:
 230:Toeplitz_FFT.c ****       circ[i] = circ[i] * padded_key[i];
 1943              	 .loc 2 230 41 discriminator 3 view .LVU455
 1944 00dc D0E7     	 b .L84
 1945              	.LVL186:
 1946              	.L87:
 230:Toeplitz_FFT.c ****       circ[i] = circ[i] * padded_key[i];
 1947              	 .loc 2 230 41 discriminator 3 view .LVU456
 1948              	.LBE70:
 1949              	.LBB71:
 1950              	.LBB68:
 238:Toeplitz_FFT.c ****       output_key[i] = bit_rounded%2; 
 1951              	 .loc 2 238 7 is_stmt 1 discriminator 3 view .LVU457
 238:Toeplitz_FFT.c ****       output_key[i] = bit_rounded%2; 
 1952              	 .loc 2 238 41 is_stmt 0 discriminator 3 view .LVU458
 1953 00de 54F83800 	 ldr r0,[r4,r8,lsl#3]
 1954 00e2 D047     	 blx r10
 1955              	.LVL187:
 238:Toeplitz_FFT.c ****       output_key[i] = bit_rounded%2; 
 1956              	 .loc 2 238 25 discriminator 3 view .LVU459
 1957 00e4 B047     	 blx r6
 1958              	.LVL188:
 239:Toeplitz_FFT.c ****     }
 1959              	 .loc 2 239 7 is_stmt 1 discriminator 3 view .LVU460
 238:Toeplitz_FFT.c ****       output_key[i] = bit_rounded%2; 
 1960              	 .loc 2 238 11 is_stmt 0 discriminator 3 view .LVU461
 1961 00e6 B847     	 blx r7
 1962              	.LVL189:
 239:Toeplitz_FFT.c ****     }
 1963              	 .loc 2 239 34 discriminator 3 view .LVU462
 1964 00e8 0028     	 cmp r0,#0
 1965 00ea 00F00100 	 and r0,r0,#1
 239:Toeplitz_FFT.c ****     }
 1966              	 .loc 2 239 21 discriminator 3 view .LVU463
 1967 00ee 049B     	 ldr r3,[sp,#16]
 239:Toeplitz_FFT.c ****     }
 1968              	 .loc 2 239 34 discriminator 3 view .LVU464
 1969 00f0 B8BF     	 it lt
 1970 00f2 4042     	 rsblt r0,r0,#0
 239:Toeplitz_FFT.c ****     }
 1971              	 .loc 2 239 21 discriminator 3 view .LVU465
 1972 00f4 43F82800 	 str r0,[r3,r8,lsl#2]
 1973              	.LBE68:
 237:Toeplitz_FFT.c ****       int bit_rounded = round(creal(circ[i]));
 1974              	 .loc 2 237 32 is_stmt 1 discriminator 3 view .LVU466
 237:Toeplitz_FFT.c ****       int bit_rounded = round(creal(circ[i]));
 1975              	 .loc 2 237 33 is_stmt 0 discriminator 3 view .LVU467
 1976 00f8 08F10108 	 add r8,r8,#1
 1977              	.LVL190:
 237:Toeplitz_FFT.c ****       int bit_rounded = round(creal(circ[i]));
 1978              	 .loc 2 237 33 discriminator 3 view .LVU468
 1979 00fc D0E7     	 b .L86
 1980              	.L89:
 1981 00fe 00BF     	 .align 2
 1982              	.L88:
 1983 0100 00000000 	 .word malloc
 1984 0104 00000000 	 .word memset
 1985 0108 00000000 	 .word pad_key
 1986 010c 00000000 	 .word embed_toeplitz_on_circulant
 1987 0110 00000000 	 .word __mulsc3
 1988 0114 00000000 	 .word DIT_FFT
 1989 0118 00000000 	 .word DIT_IFFT
 1990 011c 00000000 	 .word __aeabi_f2d
 1991 0120 00000000 	 .word round
 1992 0124 00000000 	 .word __aeabi_d2iz
 1993 0128 00000000 	 .word free
 1994              	.LBE71:
 1995              	 .cfi_endproc
 1996              	.LFE19:
 1998              	 .section .text.decimalToBinary,"ax",%progbits
 1999              	 .align 1
 2000              	 .global decimalToBinary
 2001              	 .syntax unified
 2002              	 .thumb
 2003              	 .thumb_func
 2004              	 .fpu softvfp
 2006              	decimalToBinary:
 2007              	.LVL191:
 2008              	.LFB20:
 244:Toeplitz_FFT.c **** 
 245:Toeplitz_FFT.c **** void decimalToBinary(int num, int *binaryNum, int len) {   
 2009              	 .loc 2 245 56 is_stmt 1 view-0
 2010              	 .cfi_startproc
 2011              	 
 2012              	 
 2013              	 
 246:Toeplitz_FFT.c ****   if (num == 0) {
 2014              	 .loc 2 246 3 view .LVU470
 2015              	 .loc 2 246 6 is_stmt 0 view .LVU471
 2016 0000 18B1     	 cbz r0,.L90
 2017              	.LVL192:
 2018              	.LBB74:
 2019              	.LBI74:
 245:Toeplitz_FFT.c ****   if (num == 0) {
 2020              	 .loc 2 245 6 is_stmt 1 view .LVU472
 2021              	.LBB75:
 247:Toeplitz_FFT.c ****       return;
 248:Toeplitz_FFT.c ****   }
 249:Toeplitz_FFT.c ****  int i=len-1;
 2022              	 .loc 2 249 2 view .LVU473
 250:Toeplitz_FFT.c ****  
 251:Toeplitz_FFT.c ****  for ( ;num > 0; ){
 2023              	 .loc 2 251 2 view .LVU474
 2024 0002 01EB8202 	 add r2,r1,r2,lsl#2
 2025              	.LVL193:
 2026              	.L92:
 2027              	 .loc 2 251 9 view .LVU475
 2028              	 .loc 2 251 2 is_stmt 0 view .LVU476
 2029 0006 0028     	 cmp r0,#0
 2030 0008 00DC     	 bgt .L93
 2031              	.LVL194:
 2032              	.L90:
 2033              	 .loc 2 251 2 view .LVU477
 2034              	.LBE75:
 2035              	.LBE74:
 252:Toeplitz_FFT.c ****     binaryNum[i--] = num % 2;
 253:Toeplitz_FFT.c ****     num /= 2;
 254:Toeplitz_FFT.c ****  }
 255:Toeplitz_FFT.c **** }
 2036              	 .loc 2 255 1 view .LVU478
 2037 000a 7047     	 bx lr
 2038              	.LVL195:
 2039              	.L93:
 2040              	.LBB77:
 2041              	.LBB76:
 252:Toeplitz_FFT.c ****     binaryNum[i--] = num % 2;
 2042              	 .loc 2 252 5 is_stmt 1 view .LVU479
 252:Toeplitz_FFT.c ****     binaryNum[i--] = num % 2;
 2043              	 .loc 2 252 26 is_stmt 0 view .LVU480
 2044 000c 00F00103 	 and r3,r0,#1
 252:Toeplitz_FFT.c ****     binaryNum[i--] = num % 2;
 2045              	 .loc 2 252 20 view .LVU481
 2046 0010 42F8043D 	 str r3,[r2,#-4]!
 253:Toeplitz_FFT.c ****  }
 2047              	 .loc 2 253 5 is_stmt 1 view .LVU482
 253:Toeplitz_FFT.c ****  }
 2048              	 .loc 2 253 9 is_stmt 0 view .LVU483
 2049 0014 4010     	 asrs r0,r0,#1
 2050              	.LVL196:
 253:Toeplitz_FFT.c ****  }
 2051              	 .loc 2 253 9 view .LVU484
 2052 0016 F6E7     	 b .L92
 2053              	.LBE76:
 2054              	.LBE77:
 2055              	 .cfi_endproc
 2056              	.LFE20:
 2058              	 .section .text.binary_char_to_int,"ax",%progbits
 2059              	 .align 1
 2060              	 .global binary_char_to_int
 2061              	 .syntax unified
 2062              	 .thumb
 2063              	 .thumb_func
 2064              	 .fpu softvfp
 2066              	binary_char_to_int:
 2067              	.LVL197:
 2068              	.LFB21:
 256:Toeplitz_FFT.c **** 
 257:Toeplitz_FFT.c **** void binary_char_to_int(char *char_arr, int *int_arr, int len){
 2069              	 .loc 2 257 63 is_stmt 1 view-0
 2070              	 .cfi_startproc
 2071              	 
 2072              	 
 258:Toeplitz_FFT.c ****   for(int i = 0; i < len; i++){
 2073              	 .loc 2 258 3 view .LVU486
 2074              	.LBB78:
 2075              	 .loc 2 258 7 view .LVU487
 2076              	 .loc 2 258 7 is_stmt 0 view .LVU488
 2077              	.LBE78:
 257:Toeplitz_FFT.c ****   for(int i = 0; i < len; i++){
 2078              	 .loc 2 257 63 view .LVU489
 2079 0000 10B5     	 push {r4,lr}
 2080              	.LCFI27:
 2081              	 .cfi_def_cfa_offset 8
 2082              	 .cfi_offset 4,-8
 2083              	 .cfi_offset 14,-4
 2084              	.LBB79:
 2085              	 .loc 2 258 11 view .LVU490
 2086 0002 0023     	 movs r3,#0
 2087              	.LVL198:
 2088              	.L96:
 2089              	 .loc 2 258 18 is_stmt 1 discriminator 1 view .LVU491
 2090              	 .loc 2 258 3 is_stmt 0 discriminator 1 view .LVU492
 2091 0004 9342     	 cmp r3,r2
 2092 0006 00DB     	 blt .L97
 2093              	.LBE79:
 259:Toeplitz_FFT.c ****     int_arr[i] = char_arr[i] - '0';
 260:Toeplitz_FFT.c ****   }
 261:Toeplitz_FFT.c **** }
 2094              	 .loc 2 261 1 view .LVU493
 2095 0008 10BD     	 pop {r4,pc}
 2096              	.L97:
 2097              	.LBB80:
 259:Toeplitz_FFT.c ****     int_arr[i] = char_arr[i] - '0';
 2098              	 .loc 2 259 5 is_stmt 1 discriminator 3 view .LVU494
 259:Toeplitz_FFT.c ****     int_arr[i] = char_arr[i] - '0';
 2099              	 .loc 2 259 26 is_stmt 0 discriminator 3 view .LVU495
 2100 000a C45C     	 ldrb r4,[r0,r3]
 259:Toeplitz_FFT.c ****     int_arr[i] = char_arr[i] - '0';
 2101              	 .loc 2 259 30 discriminator 3 view .LVU496
 2102 000c 303C     	 subs r4,r4,#48
 259:Toeplitz_FFT.c ****     int_arr[i] = char_arr[i] - '0';
 2103              	 .loc 2 259 16 discriminator 3 view .LVU497
 2104 000e 41F82340 	 str r4,[r1,r3,lsl#2]
 258:Toeplitz_FFT.c ****     int_arr[i] = char_arr[i] - '0';
 2105              	 .loc 2 258 27 is_stmt 1 discriminator 3 view .LVU498
 258:Toeplitz_FFT.c ****     int_arr[i] = char_arr[i] - '0';
 2106              	 .loc 2 258 28 is_stmt 0 discriminator 3 view .LVU499
 2107 0012 0133     	 adds r3,r3,#1
 2108              	.LVL199:
 258:Toeplitz_FFT.c ****     int_arr[i] = char_arr[i] - '0';
 2109              	 .loc 2 258 28 discriminator 3 view .LVU500
 2110 0014 F6E7     	 b .L96
 2111              	.LBE80:
 2112              	 .cfi_endproc
 2113              	.LFE21:
 2115              	 .section .rodata.take_base_10_input.str1.1,"aMS",%progbits,1
 2116              	.LC1:
 2117 0000 0A00     	 .ascii "\012\000"
 2118              	 .section .text.take_base_10_input,"ax",%progbits
 2119              	 .align 1
 2120              	 .global take_base_10_input
 2121              	 .syntax unified
 2122              	 .thumb
 2123              	 .thumb_func
 2124              	 .fpu softvfp
 2126              	take_base_10_input:
 2127              	.LVL200:
 2128              	.LFB22:
 262:Toeplitz_FFT.c **** 
 263:Toeplitz_FFT.c **** /*
 264:Toeplitz_FFT.c **** void generate_binary_list(int arr[], int length) {
 265:Toeplitz_FFT.c ****   for (int i = 0; i < length; i++) {
 266:Toeplitz_FFT.c ****       arr[i] = rand() % 2;  // Generates either 0 or 1
 267:Toeplitz_FFT.c ****   }
 268:Toeplitz_FFT.c **** }
 269:Toeplitz_FFT.c **** */
 270:Toeplitz_FFT.c **** //////////////////////////
 271:Toeplitz_FFT.c **** /// END FFT STUFF ////////
 272:Toeplitz_FFT.c **** 
 273:Toeplitz_FFT.c **** //Should not need num
 274:Toeplitz_FFT.c **** void take_base_10_input(int *arr, int arrLen, int num){
 2129              	 .loc 2 274 55 is_stmt 1 view-0
 2130              	 .cfi_startproc
 2131              	 
 2132              	 
 275:Toeplitz_FFT.c **** 
 276:Toeplitz_FFT.c ****     char arr_char[32];
 2133              	 .loc 2 276 5 view .LVU502
 277:Toeplitz_FFT.c ****     my_read(arr_char, 32);
 2134              	 .loc 2 277 5 view .LVU503
 274:Toeplitz_FFT.c **** 
 2135              	 .loc 2 274 55 is_stmt 0 view .LVU504
 2136 0000 70B5     	 push {r4,r5,r6,lr}
 2137              	.LCFI28:
 2138              	 .cfi_def_cfa_offset 16
 2139              	 .cfi_offset 4,-16
 2140              	 .cfi_offset 5,-12
 2141              	 .cfi_offset 6,-8
 2142              	 .cfi_offset 14,-4
 2143 0002 88B0     	 sub sp,sp,#32
 2144              	.LCFI29:
 2145              	 .cfi_def_cfa_offset 48
 274:Toeplitz_FFT.c **** 
 2146              	 .loc 2 274 55 view .LVU505
 2147 0004 0446     	 mov r4,r0
 2148 0006 0D46     	 mov r5,r1
 2149              	 .loc 2 277 5 view .LVU506
 2150 0008 6846     	 mov r0,sp
 2151              	.LVL201:
 2152              	 .loc 2 277 5 view .LVU507
 2153 000a 2021     	 movs r1,#32
 2154              	.LVL202:
 2155              	 .loc 2 277 5 view .LVU508
 2156 000c 084B     	 ldr r3,.L99
 274:Toeplitz_FFT.c **** 
 2157              	 .loc 2 274 55 view .LVU509
 2158 000e 1646     	 mov r6,r2
 2159              	 .loc 2 277 5 view .LVU510
 2160 0010 9847     	 blx r3
 2161              	.LVL203:
 278:Toeplitz_FFT.c ****     my_puts("\n");
 2162              	 .loc 2 278 5 is_stmt 1 view .LVU511
 2163 0012 0848     	 ldr r0,.L99+4
 2164 0014 084B     	 ldr r3,.L99+8
 2165 0016 9847     	 blx r3
 2166              	.LVL204:
 279:Toeplitz_FFT.c ****     //int num = atoi(arr_char);
 280:Toeplitz_FFT.c ****     //num = char_to_int(arr_char,5);
 281:Toeplitz_FFT.c ****     decimalToBinary(num, arr, arrLen);
 2167              	 .loc 2 281 5 view .LVU512
 2168 0018 2A46     	 mov r2,r5
 2169 001a 2146     	 mov r1,r4
 2170 001c 3046     	 mov r0,r6
 2171 001e 074B     	 ldr r3,.L99+12
 2172 0020 9847     	 blx r3
 2173              	.LVL205:
 282:Toeplitz_FFT.c ****     print_int_array_serial(arr, arrLen);
 2174              	 .loc 2 282 5 view .LVU513
 2175 0022 074B     	 ldr r3,.L99+16
 2176 0024 2946     	 mov r1,r5
 2177 0026 2046     	 mov r0,r4
 2178 0028 9847     	 blx r3
 2179              	.LVL206:
 283:Toeplitz_FFT.c **** }
 2180              	 .loc 2 283 1 is_stmt 0 view .LVU514
 2181 002a 08B0     	 add sp,sp,#32
 2182              	.LCFI30:
 2183              	 .cfi_def_cfa_offset 16
 2184              	 
 2185 002c 70BD     	 pop {r4,r5,r6,pc}
 2186              	.LVL207:
 2187              	.L100:
 2188              	 .loc 2 283 1 view .LVU515
 2189 002e 00BF     	 .align 2
 2190              	.L99:
 2191 0030 00000000 	 .word my_read
 2192 0034 00000000 	 .word .LC1
 2193 0038 00000000 	 .word my_puts
 2194 003c 00000000 	 .word decimalToBinary
 2195 0040 00000000 	 .word print_int_array_serial
 2196              	 .cfi_endproc
 2197              	.LFE22:
 2199              	 .section .text.take_base_2_input,"ax",%progbits
 2200              	 .align 1
 2201              	 .global take_base_2_input
 2202              	 .syntax unified
 2203              	 .thumb
 2204              	 .thumb_func
 2205              	 .fpu softvfp
 2207              	take_base_2_input:
 2208              	.LVL208:
 2209              	.LFB23:
 284:Toeplitz_FFT.c **** 
 285:Toeplitz_FFT.c **** 
 286:Toeplitz_FFT.c **** void take_base_2_input(int *arr_int, int arrLen){
 2210              	 .loc 2 286 49 is_stmt 1 view-0
 2211              	 .cfi_startproc
 2212              	 
 2213              	 
 287:Toeplitz_FFT.c ****   int maxlen = 1024;
 2214              	 .loc 2 287 3 view .LVU517
 288:Toeplitz_FFT.c ****   char arr_char[maxlen];
 2215              	 .loc 2 288 3 view .LVU518
 286:Toeplitz_FFT.c ****   int maxlen = 1024;
 2216              	 .loc 2 286 49 is_stmt 0 view .LVU519
 2217 0000 B0B5     	 push {r4,r5,r7,lr}
 2218              	.LCFI31:
 2219              	 .cfi_def_cfa_offset 16
 2220              	 .cfi_offset 4,-16
 2221              	 .cfi_offset 5,-12
 2222              	 .cfi_offset 7,-8
 2223              	 .cfi_offset 14,-4
 2224 0002 00AF     	 add r7,sp,#0
 2225              	.LCFI32:
 2226              	 .cfi_def_cfa_register 7
 2227              	 .loc 2 288 8 view .LVU520
 2228 0004 ADF5806D 	 sub sp,sp,#1024
 2229              	.LVL209:
 289:Toeplitz_FFT.c ****   my_read(arr_char, maxlen);
 2230              	 .loc 2 289 3 is_stmt 1 view .LVU521
 286:Toeplitz_FFT.c ****   int maxlen = 1024;
 2231              	 .loc 2 286 49 is_stmt 0 view .LVU522
 2232 0008 0446     	 mov r4,r0
 2233 000a 0D46     	 mov r5,r1
 2234              	 .loc 2 289 3 view .LVU523
 2235 000c 6846     	 mov r0,sp
 2236              	.LVL210:
 2237              	 .loc 2 289 3 view .LVU524
 2238 000e 4FF48061 	 mov r1,#1024
 2239              	.LVL211:
 2240              	 .loc 2 289 3 view .LVU525
 2241 0012 084B     	 ldr r3,.L102
 2242 0014 9847     	 blx r3
 2243              	.LVL212:
 290:Toeplitz_FFT.c ****   my_puts("\n");
 2244              	 .loc 2 290 3 is_stmt 1 view .LVU526
 2245 0016 0848     	 ldr r0,.L102+4
 2246 0018 084B     	 ldr r3,.L102+8
 2247 001a 9847     	 blx r3
 2248              	.LVL213:
 291:Toeplitz_FFT.c ****   binary_char_to_int(arr_char, arr_int, arrLen);
 2249              	 .loc 2 291 3 view .LVU527
 2250 001c 2A46     	 mov r2,r5
 2251 001e 2146     	 mov r1,r4
 2252 0020 6846     	 mov r0,sp
 2253 0022 074B     	 ldr r3,.L102+12
 2254 0024 9847     	 blx r3
 2255              	.LVL214:
 292:Toeplitz_FFT.c ****   print_int_array_serial(arr_int, arrLen);
 2256              	 .loc 2 292 3 view .LVU528
 2257 0026 074B     	 ldr r3,.L102+16
 2258 0028 2946     	 mov r1,r5
 2259 002a 2046     	 mov r0,r4
 2260 002c 9847     	 blx r3
 2261              	.LVL215:
 293:Toeplitz_FFT.c **** 
 294:Toeplitz_FFT.c **** }
 2262              	 .loc 2 294 1 is_stmt 0 view .LVU529
 2263 002e BD46     	 mov sp,r7
 2264              	.LCFI33:
 2265              	 .cfi_def_cfa_register 13
 2266              	.LVL216:
 2267              	 .loc 2 294 1 view .LVU530
 2268              	 
 2269 0030 B0BD     	 pop {r4,r5,r7,pc}
 2270              	.LVL217:
 2271              	.L103:
 2272              	 .loc 2 294 1 view .LVU531
 2273 0032 00BF     	 .align 2
 2274              	.L102:
 2275 0034 00000000 	 .word my_read
 2276 0038 00000000 	 .word .LC1
 2277 003c 00000000 	 .word my_puts
 2278 0040 00000000 	 .word binary_char_to_int
 2279 0044 00000000 	 .word print_int_array_serial
 2280              	 .cfi_endproc
 2281              	.LFE23:
 2283              	 .section .rodata.Toeplitz_setup.str1.1,"aMS",%progbits,1
 2284              	.LC2:
 2285 0000 546F6570 	 .ascii "Toeplitz Privacy Amplifification\012\000"
 2285      6C69747A 
 2285      20507269 
 2285      76616379 
 2285      20416D70 
 2286              	.LC3:
 2287 0022 0A0A00   	 .ascii "\012\012\000"
 2288              	.LC4:
 2289 0025 44656669 	 .ascii "Define Toeplitz Matrix\012\000"
 2289      6E652054 
 2289      6F65706C 
 2289      69747A20 
 2289      4D617472 
 2290              	.LC5:
 2291 003d 0A506C65 	 .ascii "\012Please enter row spec (Max 32 Bits): \012\000"
 2291      61736520 
 2291      656E7465 
 2291      7220726F 
 2291      77207370 
 2292              	.LC6:
 2293 0065 0A506C65 	 .ascii "\012Please enter col spec (Max 32 Hex Bits): \012\000"
 2293      61736520 
 2293      656E7465 
 2293      7220636F 
 2293      6C207370 
 2294              	 .section .text.Toeplitz_setup,"ax",%progbits
 2295              	 .align 1
 2296              	 .global Toeplitz_setup
 2297              	 .syntax unified
 2298              	 .thumb
 2299              	 .thumb_func
 2300              	 .fpu softvfp
 2302              	Toeplitz_setup:
 2303              	.LVL218:
 2304              	.LFB24:
 295:Toeplitz_FFT.c **** 
 296:Toeplitz_FFT.c **** void Toeplitz_setup(int *row1, int *col1, int rowLen, int colLen){
 2305              	 .loc 2 296 66 is_stmt 1 view-0
 2306              	 .cfi_startproc
 2307              	 
 2308              	 
 297:Toeplitz_FFT.c ****     delay_2_ms();
 2309              	 .loc 2 297 5 view .LVU533
 2310              	.LBB84:
 2311              	.LBI84:
  31:Toeplitz_FFT.c **** {
 2312              	 .loc 2 31 13 view .LVU534
 2313              	.LBE84:
  33:Toeplitz_FFT.c ****     ;
 2314              	 .loc 2 33 3 view .LVU535
 2315              	.LBB89:
 2316              	.LBB85:
  33:Toeplitz_FFT.c ****     ;
 2317              	 .loc 2 33 8 view .LVU536
 2318              	.LBE85:
 2319              	.LBE89:
 296:Toeplitz_FFT.c ****     delay_2_ms();
 2320              	 .loc 2 296 66 is_stmt 0 view .LVU537
 2321 0000 2DE9F341 	 push {r0,r1,r4,r5,r6,r7,r8,lr}
 2322              	.LCFI34:
 2323              	 .cfi_def_cfa_offset 32
 2324              	 .cfi_offset 4,-24
 2325              	 .cfi_offset 5,-20
 2326              	 .cfi_offset 6,-16
 2327              	 .cfi_offset 7,-12
 2328              	 .cfi_offset 8,-8
 2329              	 .cfi_offset 14,-4
 296:Toeplitz_FFT.c ****     delay_2_ms();
 2330              	 .loc 2 296 66 view .LVU538
 2331 0004 1E46     	 mov r6,r3
 2332              	.LBB90:
 2333              	.LBB86:
  33:Toeplitz_FFT.c ****     ;
 2334              	 .loc 2 33 30 view .LVU539
 2335 0006 0023     	 movs r3,#0
 2336              	.LVL219:
  33:Toeplitz_FFT.c ****     ;
 2337              	 .loc 2 33 30 view .LVU540
 2338              	.LBE86:
 2339              	.LBE90:
 296:Toeplitz_FFT.c ****     delay_2_ms();
 2340              	 .loc 2 296 66 view .LVU541
 2341 0008 9046     	 mov r8,r2
 2342 000a 0746     	 mov r7,r0
 2343 000c 0D46     	 mov r5,r1
 2344              	.LBB91:
 2345              	.LBB87:
  33:Toeplitz_FFT.c ****     ;
 2346              	 .loc 2 33 30 view .LVU542
 2347 000e 0193     	 str r3,[sp,#4]
  33:Toeplitz_FFT.c ****     ;
 2348              	 .loc 2 33 3 view .LVU543
 2349 0010 40F6FE72 	 movw r2,#4094
 2350              	.LVL220:
 2351              	.L105:
  33:Toeplitz_FFT.c ****     ;
 2352              	 .loc 2 33 35 is_stmt 1 view .LVU544
  33:Toeplitz_FFT.c ****     ;
 2353              	 .loc 2 33 37 is_stmt 0 view .LVU545
 2354 0014 019B     	 ldr r3,[sp,#4]
  33:Toeplitz_FFT.c ****     ;
 2355              	 .loc 2 33 3 view .LVU546
 2356 0016 9342     	 cmp r3,r2
 2357 0018 15D9     	 bls .L106
 2358              	.LBE87:
 2359              	.LBE91:
 298:Toeplitz_FFT.c ****     my_puts("Toeplitz Privacy Amplifification\n");
 2360              	 .loc 2 298 5 is_stmt 1 view .LVU547
 2361 001a 0D4C     	 ldr r4,.L107
 2362 001c 0D48     	 ldr r0,.L107+4
 2363              	.LVL221:
 2364              	 .loc 2 298 5 is_stmt 0 view .LVU548
 2365 001e A047     	 blx r4
 2366              	.LVL222:
 299:Toeplitz_FFT.c ****     my_puts("\n\n");
 2367              	 .loc 2 299 5 is_stmt 1 view .LVU549
 2368 0020 0D48     	 ldr r0,.L107+8
 2369 0022 A047     	 blx r4
 2370              	.LVL223:
 300:Toeplitz_FFT.c **** 
 301:Toeplitz_FFT.c ****     //Give them one last warning
 302:Toeplitz_FFT.c ****     my_puts("Define Toeplitz Matrix\n");
 2371              	 .loc 2 302 5 view .LVU550
 2372 0024 0D48     	 ldr r0,.L107+12
 2373 0026 A047     	 blx r4
 2374              	.LVL224:
 303:Toeplitz_FFT.c **** 
 304:Toeplitz_FFT.c ****    // trigger_low();
 305:Toeplitz_FFT.c **** 
 306:Toeplitz_FFT.c ****     //Get password
 307:Toeplitz_FFT.c ****     int row_int = 89435;
 2375              	 .loc 2 307 5 view .LVU551
 308:Toeplitz_FFT.c ****     my_puts("\nPlease enter row spec (Max 32 Bits): \n");
 2376              	 .loc 2 308 5 view .LVU552
 2377 0028 0D48     	 ldr r0,.L107+16
 2378 002a A047     	 blx r4
 2379              	.LVL225:
 309:Toeplitz_FFT.c ****     take_base_2_input(row1, rowLen);
 2380              	 .loc 2 309 5 view .LVU553
 2381 002c 4146     	 mov r1,r8
 2382 002e 3846     	 mov r0,r7
 2383 0030 0C4F     	 ldr r7,.L107+20
 2384              	.LVL226:
 2385              	 .loc 2 309 5 is_stmt 0 view .LVU554
 2386 0032 B847     	 blx r7
 2387              	.LVL227:
 310:Toeplitz_FFT.c **** 
 311:Toeplitz_FFT.c **** 
 312:Toeplitz_FFT.c ****    // trigger_low();
 313:Toeplitz_FFT.c **** 
 314:Toeplitz_FFT.c ****     int col_int = 5547;
 2388              	 .loc 2 314 5 is_stmt 1 view .LVU555
 315:Toeplitz_FFT.c ****     my_puts("\nPlease enter col spec (Max 32 Hex Bits): \n");
 2389              	 .loc 2 315 5 view .LVU556
 2390 0034 0C48     	 ldr r0,.L107+24
 2391 0036 A047     	 blx r4
 2392              	.LVL228:
 316:Toeplitz_FFT.c ****     take_base_2_input(col1, colLen);
 2393              	 .loc 2 316 5 view .LVU557
 2394 0038 3146     	 mov r1,r6
 2395 003a 2846     	 mov r0,r5
 2396 003c 3B46     	 mov r3,r7
 317:Toeplitz_FFT.c **** }
 2397              	 .loc 2 317 1 is_stmt 0 view .LVU558
 2398 003e 02B0     	 add sp,sp,#8
 2399              	.LCFI35:
 2400              	 .cfi_remember_state
 2401              	 .cfi_def_cfa_offset 24
 2402              	 
 2403 0040 BDE8F041 	 pop {r4,r5,r6,r7,r8,lr}
 2404              	.LCFI36:
 2405              	 .cfi_restore 14
 2406              	 .cfi_restore 8
 2407              	 .cfi_restore 7
 2408              	 .cfi_restore 6
 2409              	 .cfi_restore 5
 2410              	 .cfi_restore 4
 2411              	 .cfi_def_cfa_offset 0
 2412              	.LVL229:
 316:Toeplitz_FFT.c ****     take_base_2_input(col1, colLen);
 2413              	 .loc 2 316 5 view .LVU559
 2414 0044 1847     	 bx r3
 2415              	.LVL230:
 2416              	.L106:
 2417              	.LCFI37:
 2418              	 .cfi_restore_state
 2419              	.LBB92:
 2420              	.LBB88:
  34:Toeplitz_FFT.c ****   }
 2421              	 .loc 2 34 5 is_stmt 1 view .LVU560
  33:Toeplitz_FFT.c ****     ;
 2422              	 .loc 2 33 46 view .LVU561
  33:Toeplitz_FFT.c ****     ;
 2423              	 .loc 2 33 47 is_stmt 0 view .LVU562
 2424 0046 019B     	 ldr r3,[sp,#4]
 2425 0048 0133     	 adds r3,r3,#1
 2426 004a 0193     	 str r3,[sp,#4]
 2427 004c E2E7     	 b .L105
 2428              	.L108:
 2429 004e 00BF     	 .align 2
 2430              	.L107:
 2431 0050 00000000 	 .word my_puts
 2432 0054 00000000 	 .word .LC2
 2433 0058 22000000 	 .word .LC3
 2434 005c 25000000 	 .word .LC4
 2435 0060 3D000000 	 .word .LC5
 2436 0064 00000000 	 .word take_base_2_input
 2437 0068 65000000 	 .word .LC6
 2438              	.LBE88:
 2439              	.LBE92:
 2440              	 .cfi_endproc
 2441              	.LFE24:
 2443              	 .section .rodata.main.str1.1,"aMS",%progbits,1
 2444              	.LC7:
 2445 0000 0A506C65 	 .ascii "\012Please enter input key (Max 32 Hex Bits): \012\000"
 2445      61736520 
 2445      656E7465 
 2445      7220696E 
 2445      70757420 
 2446              	 .section .text.startup.main,"ax",%progbits
 2447              	 .align 1
 2448              	 .global main
 2449              	 .syntax unified
 2450              	 .thumb
 2451              	 .thumb_func
 2452              	 .fpu softvfp
 2454              	main:
 2455              	.LFB25:
 318:Toeplitz_FFT.c **** 
 319:Toeplitz_FFT.c **** 
 320:Toeplitz_FFT.c **** 
 321:Toeplitz_FFT.c **** int main(void)
 322:Toeplitz_FFT.c **** {
 2456              	 .loc 2 322 1 is_stmt 1 view-0
 2457              	 .cfi_startproc
 2458              	 
 2459              	 
 323:Toeplitz_FFT.c ****     platform_init();
 2460              	 .loc 2 323 5 view .LVU564
 322:Toeplitz_FFT.c ****     platform_init();
 2461              	 .loc 2 322 1 is_stmt 0 view .LVU565
 2462 0000 2DE9F84F 	 push {r3,r4,r5,r6,r7,r8,r9,r10,fp,lr}
 2463              	.LCFI38:
 2464              	 .cfi_def_cfa_offset 40
 2465              	 .cfi_offset 3,-40
 2466              	 .cfi_offset 4,-36
 2467              	 .cfi_offset 5,-32
 2468              	 .cfi_offset 6,-28
 2469              	 .cfi_offset 7,-24
 2470              	 .cfi_offset 8,-20
 2471              	 .cfi_offset 9,-16
 2472              	 .cfi_offset 10,-12
 2473              	 .cfi_offset 11,-8
 2474              	 .cfi_offset 14,-4
 2475              	 .loc 2 323 5 view .LVU566
 2476 0004 1A4B     	 ldr r3,.L113
 2477              	.LBB93:
 324:Toeplitz_FFT.c ****     init_uart();
 325:Toeplitz_FFT.c ****     trigger_setup();
 326:Toeplitz_FFT.c **** 
 327:Toeplitz_FFT.c ****     //trigger_low();
 328:Toeplitz_FFT.c **** 
 329:Toeplitz_FFT.c **** 
 330:Toeplitz_FFT.c ****     //Memory allocation Uncomment if want full PA working
 331:Toeplitz_FFT.c **** 
 332:Toeplitz_FFT.c ****     /*
 333:Toeplitz_FFT.c ****     int rowLen = 5;
 334:Toeplitz_FFT.c ****     int colLen = 4;
 335:Toeplitz_FFT.c ****     int *row1 = (int*)malloc(rowLen * sizeof(int));
 336:Toeplitz_FFT.c ****     int *col1 = (int*)malloc(colLen * sizeof(int));
 337:Toeplitz_FFT.c **** 
 338:Toeplitz_FFT.c ****     for(int i = 0; i < rowLen; i++){
 339:Toeplitz_FFT.c ****       row1[i] = 0;
 340:Toeplitz_FFT.c ****     }
 341:Toeplitz_FFT.c ****     for(int i = 0; i < colLen; i++){
 342:Toeplitz_FFT.c ****       col1[i] = 0;
 343:Toeplitz_FFT.c ****     }
 344:Toeplitz_FFT.c **** 
 345:Toeplitz_FFT.c ****     Toeplitz_setup(row1, col1, rowLen, colLen);
 346:Toeplitz_FFT.c ****    */
 347:Toeplitz_FFT.c **** 
 348:Toeplitz_FFT.c ****     int rowLen = 8;
 349:Toeplitz_FFT.c ****     int colLen = 1;
 350:Toeplitz_FFT.c ****     while(1){
 351:Toeplitz_FFT.c **** 
 352:Toeplitz_FFT.c **** 
 353:Toeplitz_FFT.c **** 
 354:Toeplitz_FFT.c ****       int *input_key = (int*)malloc(rowLen * sizeof(int));
 2478              	 .loc 2 354 30 view .LVU567
 2479 0006 1B4F     	 ldr r7,.L113+4
 2480              	.LBE93:
 323:Toeplitz_FFT.c ****     init_uart();
 2481              	 .loc 2 323 5 view .LVU568
 2482 0008 9847     	 blx r3
 2483              	.LVL231:
 324:Toeplitz_FFT.c ****     init_uart();
 2484              	 .loc 2 324 5 is_stmt 1 view .LVU569
 2485 000a 1B4B     	 ldr r3,.L113+8
 2486 000c 9847     	 blx r3
 2487              	.LVL232:
 325:Toeplitz_FFT.c **** 
 2488              	 .loc 2 325 5 view .LVU570
 2489 000e 1B4B     	 ldr r3,.L113+12
 2490 0010 9847     	 blx r3
 2491              	.LVL233:
 348:Toeplitz_FFT.c ****     int colLen = 1;
 2492              	 .loc 2 348 5 view .LVU571
 349:Toeplitz_FFT.c ****     while(1){
 2493              	 .loc 2 349 5 view .LVU572
 2494              	.LBB100:
 2495              	.LBB94:
 355:Toeplitz_FFT.c ****       //int *output_key_fft = (int*)malloc(colLen * sizeof(int));
 356:Toeplitz_FFT.c ****       for(int i = 0; i < rowLen; i++){
 357:Toeplitz_FFT.c ****         input_key[i] = 0;
 358:Toeplitz_FFT.c ****       }
 359:Toeplitz_FFT.c ****       //for(int i = 0; i < colLen; i++){
 360:Toeplitz_FFT.c ****       //  output_key_fft[i] = 0;
 361:Toeplitz_FFT.c ****       //}
 362:Toeplitz_FFT.c **** 
 363:Toeplitz_FFT.c ****       my_puts("\nPlease enter input key (Max 32 Hex Bits): \n");
 364:Toeplitz_FFT.c ****       take_base_2_input(input_key, rowLen);
 365:Toeplitz_FFT.c **** 
 366:Toeplitz_FFT.c ****       //Toeplitz_hash_fft_butterfly(input_key, output_key_fft, row1, col1, rowLen, colLen);
 367:Toeplitz_FFT.c **** 
 368:Toeplitz_FFT.c **** 
 369:Toeplitz_FFT.c ****       ///// JUST FFT ON SECRET KEY ///////////////
 370:Toeplitz_FFT.c **** 
 371:Toeplitz_FFT.c **** 
 372:Toeplitz_FFT.c **** 
 373:Toeplitz_FFT.c ****       int circulant_size = rowLen + colLen - 1;
 374:Toeplitz_FFT.c ****       float complex *padded_key = (float complex*)malloc(circulant_size * sizeof(float complex));
 375:Toeplitz_FFT.c **** 
 376:Toeplitz_FFT.c ****       for(int i=0; i < circulant_size; i++){
 377:Toeplitz_FFT.c ****         padded_key[i] = 0 + 0*I;
 2496              	 .loc 2 377 23 is_stmt 0 view .LVU573
 2497 0012 4FF00008 	 mov r8,#0
 2498              	.L111:
 2499              	.LBE94:
 2500              	.LBE100:
 350:Toeplitz_FFT.c **** 
 2501              	 .loc 2 350 5 is_stmt 1 view .LVU574
 2502              	.LBB101:
 354:Toeplitz_FFT.c ****       //int *output_key_fft = (int*)malloc(colLen * sizeof(int));
 2503              	 .loc 2 354 7 view .LVU575
 354:Toeplitz_FFT.c ****       //int *output_key_fft = (int*)malloc(colLen * sizeof(int));
 2504              	 .loc 2 354 30 is_stmt 0 view .LVU576
 2505 0016 2020     	 movs r0,#32
 2506 0018 B847     	 blx r7
 2507              	.LVL234:
 2508              	.LBB95:
 357:Toeplitz_FFT.c ****       }
 2509              	 .loc 2 357 22 view .LVU577
 2510 001a 2022     	 movs r2,#32
 2511 001c 0021     	 movs r1,#0
 2512 001e 184B     	 ldr r3,.L113+16
 2513              	.LBE95:
 2514              	.LBB96:
 378:Toeplitz_FFT.c ****         padded_key[i] += input_key[i]; 
 2515              	 .loc 2 378 23 view .LVU578
 2516 0020 DFF860A0 	 ldr r10,.L113+20
 2517 0024 DFF86090 	 ldr r9,.L113+24
 2518              	.LBE96:
 354:Toeplitz_FFT.c ****       //int *output_key_fft = (int*)malloc(colLen * sizeof(int));
 2519              	 .loc 2 354 30 view .LVU579
 2520 0028 0546     	 mov r5,r0
 2521              	.LVL235:
 356:Toeplitz_FFT.c ****         input_key[i] = 0;
 2522              	 .loc 2 356 7 is_stmt 1 view .LVU580
 2523              	.LBB97:
 356:Toeplitz_FFT.c ****         input_key[i] = 0;
 2524              	 .loc 2 356 11 view .LVU581
 356:Toeplitz_FFT.c ****         input_key[i] = 0;
 2525              	 .loc 2 356 22 view .LVU582
 357:Toeplitz_FFT.c ****       }
 2526              	 .loc 2 357 22 is_stmt 0 view .LVU583
 2527 002a 9847     	 blx r3
 2528              	.LVL236:
 357:Toeplitz_FFT.c ****       }
 2529              	 .loc 2 357 22 view .LVU584
 2530              	.LBE97:
 363:Toeplitz_FFT.c ****       take_base_2_input(input_key, rowLen);
 2531              	 .loc 2 363 7 is_stmt 1 view .LVU585
 2532 002c 1748     	 ldr r0,.L113+28
 2533 002e 184B     	 ldr r3,.L113+32
 2534 0030 9847     	 blx r3
 2535              	.LVL237:
 364:Toeplitz_FFT.c **** 
 2536              	 .loc 2 364 7 view .LVU586
 2537 0032 184B     	 ldr r3,.L113+36
 2538 0034 0821     	 movs r1,#8
 2539 0036 2846     	 mov r0,r5
 2540 0038 9847     	 blx r3
 2541              	.LVL238:
 373:Toeplitz_FFT.c ****       float complex *padded_key = (float complex*)malloc(circulant_size * sizeof(float complex));
 2542              	 .loc 2 373 7 view .LVU587
 374:Toeplitz_FFT.c **** 
 2543              	 .loc 2 374 7 view .LVU588
 374:Toeplitz_FFT.c **** 
 2544              	 .loc 2 374 51 is_stmt 0 view .LVU589
 2545 003a 4020     	 movs r0,#64
 2546 003c B847     	 blx r7
 2547              	.LVL239:
 2548              	.LBB98:
 376:Toeplitz_FFT.c ****         padded_key[i] = 0 + 0*I;
 2549              	 .loc 2 376 15 view .LVU590
 2550 003e 0024     	 movs r4,#0
 2551              	.LBE98:
 374:Toeplitz_FFT.c **** 
 2552              	 .loc 2 374 51 view .LVU591
 2553 0040 0646     	 mov r6,r0
 2554              	.LVL240:
 376:Toeplitz_FFT.c ****         padded_key[i] = 0 + 0*I;
 2555              	 .loc 2 376 7 is_stmt 1 view .LVU592
 2556              	.LBB99:
 376:Toeplitz_FFT.c ****         padded_key[i] = 0 + 0*I;
 2557              	 .loc 2 376 11 view .LVU593
 376:Toeplitz_FFT.c ****         padded_key[i] = 0 + 0*I;
 2558              	 .loc 2 376 20 view .LVU594
 377:Toeplitz_FFT.c ****         padded_key[i] += input_key[i]; 
 2559              	 .loc 2 377 23 is_stmt 0 view .LVU595
 2560 0042 00F1040B 	 add fp,r0,#4
 2561              	.LVL241:
 2562              	.L110:
 377:Toeplitz_FFT.c ****         padded_key[i] += input_key[i]; 
 2563              	 .loc 2 377 9 is_stmt 1 discriminator 3 view .LVU596
 377:Toeplitz_FFT.c ****         padded_key[i] += input_key[i]; 
 2564              	 .loc 2 377 23 is_stmt 0 discriminator 3 view .LVU597
 2565 0046 4BF83480 	 str r8,[fp,r4,lsl#3]
 2566              	 .loc 2 378 9 is_stmt 1 discriminator 3 view .LVU598
 2567              	 .loc 2 378 23 is_stmt 0 discriminator 3 view .LVU599
 2568 004a 55F82400 	 ldr r0,[r5,r4,lsl#2]
 2569 004e D047     	 blx r10
 2570              	.LVL242:
 2571 0050 0021     	 movs r1,#0
 2572 0052 C847     	 blx r9
 2573              	.LVL243:
 2574 0054 46F83400 	 str r0,[r6,r4,lsl#3]
 376:Toeplitz_FFT.c ****         padded_key[i] = 0 + 0*I;
 2575              	 .loc 2 376 40 is_stmt 1 discriminator 3 view .LVU600
 376:Toeplitz_FFT.c ****         padded_key[i] = 0 + 0*I;
 2576              	 .loc 2 376 41 is_stmt 0 discriminator 3 view .LVU601
 2577 0058 0134     	 adds r4,r4,#1
 2578              	.LVL244:
 376:Toeplitz_FFT.c ****         padded_key[i] = 0 + 0*I;
 2579              	 .loc 2 376 20 is_stmt 1 discriminator 3 view .LVU602
 376:Toeplitz_FFT.c ****         padded_key[i] = 0 + 0*I;
 2580              	 .loc 2 376 7 is_stmt 0 discriminator 3 view .LVU603
 2581 005a 082C     	 cmp r4,#8
 2582 005c F3D1     	 bne .L110
 2583              	.LBE99:
 379:Toeplitz_FFT.c ****       }
 380:Toeplitz_FFT.c ****       //pad_key(padded_key, input_key, circulant_size, rowLen);
 381:Toeplitz_FFT.c ****       
 382:Toeplitz_FFT.c ****       //trigger_high();
 383:Toeplitz_FFT.c ****       DIT_FFT(padded_key,circulant_size);
 2584              	 .loc 2 383 7 is_stmt 1 view .LVU604
 2585 005e 3046     	 mov r0,r6
 2586 0060 0D4B     	 ldr r3,.L113+40
 2587 0062 2146     	 mov r1,r4
 2588 0064 9847     	 blx r3
 2589              	.LVL245:
 384:Toeplitz_FFT.c **** 
 385:Toeplitz_FFT.c **** 
 386:Toeplitz_FFT.c ****       /////////////////////////////////////////////
 387:Toeplitz_FFT.c **** 
 388:Toeplitz_FFT.c **** 
 389:Toeplitz_FFT.c ****       //my_puts("\nCalculated P.A. key: \n");
 390:Toeplitz_FFT.c ****       //print_int_array_serial(output_key_fft, colLen);  
 391:Toeplitz_FFT.c **** 
 392:Toeplitz_FFT.c ****       free(input_key);
 2590              	 .loc 2 392 7 view .LVU605
 2591 0066 0D4B     	 ldr r3,.L113+44
 2592 0068 2846     	 mov r0,r5
 2593 006a 9847     	 blx r3
 2594              	.LVL246:
 2595              	.LBE101:
 350:Toeplitz_FFT.c **** 
 2596              	 .loc 2 350 10 view .LVU606
 350:Toeplitz_FFT.c **** 
 2597              	 .loc 2 350 13 is_stmt 0 view .LVU607
 2598 006c D3E7     	 b .L111
 2599              	.L114:
 2600 006e 00BF     	 .align 2
 2601              	.L113:
 2602 0070 00000000 	 .word platform_init
 2603 0074 00000000 	 .word malloc
 2604 0078 00000000 	 .word init_uart
 2605 007c 00000000 	 .word trigger_setup
 2606 0080 00000000 	 .word memset
 2607 0084 00000000 	 .word __aeabi_i2f
 2608 0088 00000000 	 .word __aeabi_fadd
 2609 008c 00000000 	 .word .LC7
 2610 0090 00000000 	 .word my_puts
 2611 0094 00000000 	 .word take_base_2_input
 2612 0098 00000000 	 .word DIT_FFT
 2613 009c 00000000 	 .word free
 2614              	 .cfi_endproc
 2615              	.LFE25:
 2617              	 .global pt
 2618              	 .global asciibuf
 2619              	 .global tmp
 2620              	 .global memory
 2621              	 .section .bss.asciibuf,"aw",%nobits
 2624              	asciibuf:
 2625 0000 00000000 	 .space 64
 2625      00000000 
 2625      00000000 
 2625      00000000 
 2625      00000000 
 2626              	 .section .bss.memory,"aw",%nobits
 2629              	memory:
 2630 0000 00000000 	 .space 64
 2630      00000000 
 2630      00000000 
 2630      00000000 
 2630      00000000 
 2631              	 .section .bss.pt,"aw",%nobits
 2634              	pt:
 2635 0000 00000000 	 .space 16
 2635      00000000 
 2635      00000000 
 2635      00000000 
 2636              	 .section .bss.tmp,"aw",%nobits
 2639              	tmp:
 2640 0000 00000000 	 .space 64
 2640      00000000 
 2640      00000000 
 2640      00000000 
 2640      00000000 
 2641              	 .text
 2642              	.Letext0:
 2643              	 .file 3 "<built-in>"
 2644              	 .file 4 "/usr/lib/gcc/arm-none-eabi/10.3.1/include/stdint.h"
DEFINED SYMBOLS
                            *ABS*:0000000000000000 Toeplitz_FFT.c
    {standard input}:16     .text.led_ok:0000000000000000 $t
    {standard input}:24     .text.led_ok:0000000000000000 led_ok
    {standard input}:39     .text.led_error:0000000000000000 $t
    {standard input}:46     .text.led_error:0000000000000000 led_error
    {standard input}:57     .text.my_puts:0000000000000000 $t
    {standard input}:64     .text.my_puts:0000000000000000 my_puts
    {standard input}:109    .text.my_puts:0000000000000014 $d
    {standard input}:114    .text.my_read:0000000000000000 $t
    {standard input}:121    .text.my_read:0000000000000000 my_read
    {standard input}:214    .text.my_read:0000000000000038 $d
    {standard input}:223    .text.char_to_int:0000000000000000 $t
    {standard input}:230    .text.char_to_int:0000000000000000 char_to_int
    {standard input}:357    .text.char_to_int:000000000000006c $d
    {standard input}:368    .text.int_to_char_arr:0000000000000000 $t
    {standard input}:375    .text.int_to_char_arr:0000000000000000 int_to_char_arr
    {standard input}:424    .text.long_delay:0000000000000000 $t
    {standard input}:431    .text.long_delay:0000000000000000 long_delay
    {standard input}:484    .text.print_int_array_serial:0000000000000000 $t
    {standard input}:491    .text.print_int_array_serial:0000000000000000 print_int_array_serial
    {standard input}:598    .text.print_int_array_serial:0000000000000040 $d
    {standard input}:609    .text.embed_toeplitz_on_circulant:0000000000000000 $t
    {standard input}:616    .text.embed_toeplitz_on_circulant:0000000000000000 embed_toeplitz_on_circulant
    {standard input}:745    .text.embed_toeplitz_on_circulant:000000000000006c $d
    {standard input}:752    .text.pad_key:0000000000000000 $t
    {standard input}:759    .text.pad_key:0000000000000000 pad_key
    {standard input}:873    .text.pad_key:0000000000000054 $d
    {standard input}:881    .text.conj_array:0000000000000000 $t
    {standard input}:888    .text.conj_array:0000000000000000 conj_array
    {standard input}:933    .text.reverse_bit:0000000000000000 $t
    {standard input}:940    .text.reverse_bit:0000000000000000 reverse_bit
    {standard input}:1010   .text.reverse_array:0000000000000000 $t
    {standard input}:1017   .text.reverse_array:0000000000000000 reverse_array
    {standard input}:1112   .text.reverse_array:000000000000004c $d
    {standard input}:1123   .text.DIT_FFT:0000000000000000 $t
    {standard input}:1130   .text.DIT_FFT:0000000000000000 DIT_FFT
    {standard input}:1562   .text.DIT_FFT:0000000000000208 $d
    {standard input}:1593   .text.DIT_IFFT:0000000000000000 $t
    {standard input}:1600   .text.DIT_IFFT:0000000000000000 DIT_IFFT
    {standard input}:1691   .text.DIT_IFFT:0000000000000054 $d
    {standard input}:1701   .text.Toeplitz_hash_fft_butterfly:0000000000000000 $t
    {standard input}:1708   .text.Toeplitz_hash_fft_butterfly:0000000000000000 Toeplitz_hash_fft_butterfly
    {standard input}:1983   .text.Toeplitz_hash_fft_butterfly:0000000000000100 $d
    {standard input}:1999   .text.decimalToBinary:0000000000000000 $t
    {standard input}:2006   .text.decimalToBinary:0000000000000000 decimalToBinary
    {standard input}:2059   .text.binary_char_to_int:0000000000000000 $t
    {standard input}:2066   .text.binary_char_to_int:0000000000000000 binary_char_to_int
    {standard input}:2119   .text.take_base_10_input:0000000000000000 $t
    {standard input}:2126   .text.take_base_10_input:0000000000000000 take_base_10_input
    {standard input}:2191   .text.take_base_10_input:0000000000000030 $d
    {standard input}:2200   .text.take_base_2_input:0000000000000000 $t
    {standard input}:2207   .text.take_base_2_input:0000000000000000 take_base_2_input
    {standard input}:2275   .text.take_base_2_input:0000000000000034 $d
    {standard input}:2295   .text.Toeplitz_setup:0000000000000000 $t
    {standard input}:2302   .text.Toeplitz_setup:0000000000000000 Toeplitz_setup
    {standard input}:2431   .text.Toeplitz_setup:0000000000000050 $d
    {standard input}:2447   .text.startup.main:0000000000000000 $t
    {standard input}:2454   .text.startup.main:0000000000000000 main
    {standard input}:2602   .text.startup.main:0000000000000070 $d
    {standard input}:2634   .bss.pt:0000000000000000 pt
    {standard input}:2624   .bss.asciibuf:0000000000000000 asciibuf
    {standard input}:2639   .bss.tmp:0000000000000000 tmp
    {standard input}:2629   .bss.memory:0000000000000000 memory
    {standard input}:2625   .bss.asciibuf:0000000000000000 $d
    {standard input}:2630   .bss.memory:0000000000000000 $d
    {standard input}:2635   .bss.pt:0000000000000000 $d
    {standard input}:2640   .bss.tmp:0000000000000000 $d
                           .group:0000000000000000 wm4.0.0ec9be273080d86c743d99e5316a201d
                           .group:0000000000000000 wm4.stdint.h.29.6d480f4ba0f60596e88234283d42444f
                           .group:0000000000000000 wm4.hal.h.27.7074d56fee637e30bfe28f5452443c14
                           .group:0000000000000000 wm4.ieeefp.h.77.f33a4dce62116f6f5175ff8bae57a54c
                           .group:0000000000000000 wm4._newlib_version.h.4.1ef4e12f167f8b69d7c30054be56050d
                           .group:0000000000000000 wm4.newlib.h.21.1ae2897bc09bbe4bc80ffb801fb02432
                           .group:0000000000000000 wm4.features.h.22.026edb2397769f4ae13f35900dbdb560
                           .group:0000000000000000 wm4.config.h.224.c701144a7b0518c6ee9b9b5465b79f81
                           .group:0000000000000000 wm4._ansi.h.31.de524f58584151836e90d8620a16f8e8
                           .group:0000000000000000 wm4.stdlib.h.13.4ed386f5c1a80d71e72172885d946ef2
                           .group:0000000000000000 wm4.stddef.h.181.13772e73e5434e8cc4fafaaddad2b5da
                           .group:0000000000000000 wm4.stddef.h.39.1bfffcccc3897d82880a055878218da6
                           .group:0000000000000000 wm4._types.h.20.dd0d04dca3800a0d2a6129b87f3adbb2
                           .group:0000000000000000 wm4.stddef.h.155.3588ebfdd1e8c7ede80509bb9c3b8009
                           .group:0000000000000000 wm4._default_types.h.6.959254cf5f09734ea7516c89e8bb21bd
                           .group:0000000000000000 wm4._types.h.127.34941de1b2539d59d5cac00e0dd27a45
                           .group:0000000000000000 wm4.reent.h.17.e292bf8b0bec6c96e131a54347145a30
                           .group:0000000000000000 wm4.lock.h.2.c0958401bd0ce484d507ee19aacab817
                           .group:0000000000000000 wm4.reent.h.77.dcd6129ff07fe81bd5636db29abe53b2
                           .group:0000000000000000 wm4.cdefs.h.49.3d0fe8ea14e93bda8c589d4f684b21b8
                           .group:0000000000000000 wm4.alloca.h.8.dfc0c703c47ec3e69746825b17d9e66d
                           .group:0000000000000000 wm4.stdlib.h.56.f4862cfbf4363a1db01842d5bdf72c18
                           .group:0000000000000000 wm4.stdio.h.27.3fc80220048df77954e38daec3bb9670
                           .group:0000000000000000 wm4.stddef.h.155.ba788add86a0e365f264484f110c3c29
                           .group:0000000000000000 wm4.stdarg.h.34.3a23a216c0c293b3d2ea2e89281481e6
                           .group:0000000000000000 wm4.types.h.40.8b6acba56cefbb11746718204edc8f5e
                           .group:0000000000000000 wm4._stdint.h.10.c24fa3af3bc1706662bb5593a907e841
                           .group:0000000000000000 wm4._endian.h.31.65a10590763c3dde1ac4a7f66d7d4891
                           .group:0000000000000000 wm4.endian.h.9.49f3a4695c1b61e8a0808de3c4a106cb
                           .group:0000000000000000 wm4._timeval.h.32.bec3221fa7a9bb0bdde696c9c57e47d2
                           .group:0000000000000000 wm4.timespec.h.41.d855182eb0e690443ab8651bcedca6e1
                           .group:0000000000000000 wm4.select.h.19.97ca6fd0c752a0f3b6719fd314d361e6
                           .group:0000000000000000 wm4.types.h.51.5571ec98f267d17d3c670b7a3ba33afa
                           .group:0000000000000000 wm4.sched.h.22.c60982713a5c428609783c78f9c78d95
                           .group:0000000000000000 wm4._pthreadtypes.h.36.fcee9961c35163dde6267ef772ad1972
                           .group:0000000000000000 wm4.stdio.h.2.4aa87247282eca6c8f36f9de33d8df1a
                           .group:0000000000000000 wm4.stdio.h.81.932d0c162786b883f622b8d05c120c78
                           .group:0000000000000000 wm4.math.h.13.97100c05caf9f40dd9f5a3cda48ccc01
                           .group:0000000000000000 wm4.complex.h.9.e398adf3f8fc1220141cdf5a13c2daaf
                           .group:0000000000000000 wm4.time.h.8.db4619001f026d0b4874c029fef0e91f
                           .group:0000000000000000 wm4.time.h.2.4581ce0ffb6627cfc02162c94bf846c9
                           .group:0000000000000000 wm4.time.h.25.0e6a0fdbc9955f5707ed54246ed2e089
                           .group:0000000000000000 wm4.time.h.162.85256a1e684b58f061361067da714e0e

UNDEFINED SYMBOLS
putch
getch
__aeabi_i2d
__aeabi_dmul
__aeabi_dadd
__aeabi_d2iz
pow
sprintf
__aeabi_i2f
__aeabi_fadd
memset
__aeabi_ddiv
__aeabi_d2f
__aeabi_fsub
__aeabi_dsub
__aeabi_dcmple
log
round
cexp
trigger_high
__mulsc3
trigger_low
__aeabi_fdiv
__aeabi_f2d
malloc
free
platform_init
init_uart
trigger_setup
