
Toeplitz_FFT-CW308_SAM4S.elf:     file format elf32-littlearm

Sections:
Idx Name          Size      VMA       LMA       File off  Algn
  0 .text         0000424c  00400000  00400000  00010000  2**4
                  CONTENTS, ALLOC, LOAD, READONLY, CODE
  1 .relocate     0000006c  20000000  0040424c  00020000  2**2
                  CONTENTS, ALLOC, LOAD, DATA
  2 .bss          0000002c  2000006c  004042b8  0002006c  2**2
                  ALLOC
  3 .stack        00001000  20000098  004042e4  0002006c  2**0
                  ALLOC
  4 .ARM.attributes 0000002a  00000000  00000000  0002006c  2**0
                  CONTENTS, READONLY
  5 .comment      00000033  00000000  00000000  00020096  2**0
                  CONTENTS, READONLY
  6 .debug_info   00010ba9  00000000  00000000  000200c9  2**0
                  CONTENTS, READONLY, DEBUGGING, OCTETS
  7 .debug_abbrev 00003d88  00000000  00000000  00030c72  2**0
                  CONTENTS, READONLY, DEBUGGING, OCTETS
  8 .debug_loc    00007c92  00000000  00000000  000349fa  2**0
                  CONTENTS, READONLY, DEBUGGING, OCTETS
  9 .debug_aranges 00000af0  00000000  00000000  0003c690  2**3
                  CONTENTS, READONLY, DEBUGGING, OCTETS
 10 .debug_ranges 00000e48  00000000  00000000  0003d180  2**0
                  CONTENTS, READONLY, DEBUGGING, OCTETS
 11 .debug_macro  0000fe4b  00000000  00000000  0003dfc8  2**0
                  CONTENTS, READONLY, DEBUGGING, OCTETS
 12 .debug_line   0000afba  00000000  00000000  0004de13  2**0
                  CONTENTS, READONLY, DEBUGGING, OCTETS
 13 .debug_str    0004d7dd  00000000  00000000  00058dcd  2**0
                  CONTENTS, READONLY, DEBUGGING, OCTETS
 14 .debug_frame  000017bc  00000000  00000000  000a65ac  2**2
                  CONTENTS, READONLY, DEBUGGING, OCTETS

Disassembly of section .text:

00400000 <exception_table>:
  400000:	98 10 00 20 55 05 40 00 51 05 40 00 51 05 40 00     ... U.@.Q.@.Q.@.
  400010:	51 05 40 00 51 05 40 00 51 05 40 00 00 00 00 00     Q.@.Q.@.Q.@.....
  400020:	00 00 00 00 00 00 00 00 00 00 00 00 51 05 40 00     ............Q.@.
  400030:	51 05 40 00 00 00 00 00 51 05 40 00 51 05 40 00     Q.@.....Q.@.Q.@.
  400040:	51 05 40 00 51 05 40 00 51 05 40 00 51 05 40 00     Q.@.Q.@.Q.@.Q.@.
  400050:	51 05 40 00 51 05 40 00 51 05 40 00 00 00 00 00     Q.@.Q.@.Q.@.....
  400060:	51 05 40 00 51 05 40 00 00 00 00 00 51 05 40 00     Q.@.Q.@.....Q.@.
  400070:	51 05 40 00 00 00 00 00 51 05 40 00 51 05 40 00     Q.@.....Q.@.Q.@.
  400080:	00 00 00 00 00 00 00 00 51 05 40 00 51 05 40 00     ........Q.@.Q.@.
  400090:	51 05 40 00 51 05 40 00 51 05 40 00 51 05 40 00     Q.@.Q.@.Q.@.Q.@.
  4000a0:	51 05 40 00 51 05 40 00 00 00 00 00 00 00 00 00     Q.@.Q.@.........
  4000b0:	00 00 00 00 51 05 40 00 51 05 40 00 51 05 40 00     ....Q.@.Q.@.Q.@.
  4000c0:	51 05 40 00 51 05 40 00 51 05 40 00                 Q.@.Q.@.Q.@.

004000cc <deregister_tm_clones>:
  4000cc:	4803      	ldr	r0, [pc, #12]	; (4000dc <deregister_tm_clones+0x10>)
  4000ce:	4b04      	ldr	r3, [pc, #16]	; (4000e0 <deregister_tm_clones+0x14>)
  4000d0:	4283      	cmp	r3, r0
  4000d2:	d002      	beq.n	4000da <deregister_tm_clones+0xe>
  4000d4:	4b03      	ldr	r3, [pc, #12]	; (4000e4 <deregister_tm_clones+0x18>)
  4000d6:	b103      	cbz	r3, 4000da <deregister_tm_clones+0xe>
  4000d8:	4718      	bx	r3
  4000da:	4770      	bx	lr
  4000dc:	0040424c 	.word	0x0040424c
  4000e0:	0040424c 	.word	0x0040424c
  4000e4:	00000000 	.word	0x00000000

004000e8 <register_tm_clones>:
  4000e8:	4805      	ldr	r0, [pc, #20]	; (400100 <register_tm_clones+0x18>)
  4000ea:	4906      	ldr	r1, [pc, #24]	; (400104 <register_tm_clones+0x1c>)
  4000ec:	1a0b      	subs	r3, r1, r0
  4000ee:	0fd9      	lsrs	r1, r3, #31
  4000f0:	eb01 01a3 	add.w	r1, r1, r3, asr #2
  4000f4:	1049      	asrs	r1, r1, #1
  4000f6:	d002      	beq.n	4000fe <register_tm_clones+0x16>
  4000f8:	4b03      	ldr	r3, [pc, #12]	; (400108 <register_tm_clones+0x20>)
  4000fa:	b103      	cbz	r3, 4000fe <register_tm_clones+0x16>
  4000fc:	4718      	bx	r3
  4000fe:	4770      	bx	lr
  400100:	0040424c 	.word	0x0040424c
  400104:	0040424c 	.word	0x0040424c
  400108:	00000000 	.word	0x00000000

0040010c <__do_global_dtors_aux>:
  40010c:	b510      	push	{r4, lr}
  40010e:	4c06      	ldr	r4, [pc, #24]	; (400128 <__do_global_dtors_aux+0x1c>)
  400110:	7823      	ldrb	r3, [r4, #0]
  400112:	b943      	cbnz	r3, 400126 <__do_global_dtors_aux+0x1a>
  400114:	f7ff ffda 	bl	4000cc <deregister_tm_clones>
  400118:	4b04      	ldr	r3, [pc, #16]	; (40012c <__do_global_dtors_aux+0x20>)
  40011a:	b113      	cbz	r3, 400122 <__do_global_dtors_aux+0x16>
  40011c:	4804      	ldr	r0, [pc, #16]	; (400130 <__do_global_dtors_aux+0x24>)
  40011e:	f3af 8000 	nop.w
  400122:	2301      	movs	r3, #1
  400124:	7023      	strb	r3, [r4, #0]
  400126:	bd10      	pop	{r4, pc}
  400128:	2000006c 	.word	0x2000006c
  40012c:	00000000 	.word	0x00000000
  400130:	0040424c 	.word	0x0040424c

00400134 <frame_dummy>:
  400134:	b508      	push	{r3, lr}
  400136:	4b04      	ldr	r3, [pc, #16]	; (400148 <frame_dummy+0x14>)
  400138:	b11b      	cbz	r3, 400142 <frame_dummy+0xe>
  40013a:	4904      	ldr	r1, [pc, #16]	; (40014c <frame_dummy+0x18>)
  40013c:	4804      	ldr	r0, [pc, #16]	; (400150 <frame_dummy+0x1c>)
  40013e:	f3af 8000 	nop.w
  400142:	e8bd 4008 	ldmia.w	sp!, {r3, lr}
  400146:	e7cf      	b.n	4000e8 <register_tm_clones>
  400148:	00000000 	.word	0x00000000
  40014c:	20000070 	.word	0x20000070
  400150:	0040424c 	.word	0x0040424c

00400154 <my_puts>:

static void delay_2_ms(void);


void my_puts(char *c)
{
  400154:	b538      	push	{r3, r4, r5, lr}
  do {
    putch(*c);
  400156:	4d04      	ldr	r5, [pc, #16]	; (400168 <my_puts+0x14>)
{
  400158:	4604      	mov	r4, r0
    putch(*c);
  40015a:	7820      	ldrb	r0, [r4, #0]
  40015c:	47a8      	blx	r5

  } while (*++c);
  40015e:	f814 3f01 	ldrb.w	r3, [r4, #1]!
  400162:	2b00      	cmp	r3, #0
  400164:	d1f9      	bne.n	40015a <my_puts+0x6>
}
  400166:	bd38      	pop	{r3, r4, r5, pc}
  400168:	004006e5 	.word	0x004006e5

0040016c <my_read>:
    ;
  }
}

void my_read(char *buf, int len)
{
  40016c:	e92d 41f0 	stmdb	sp!, {r4, r5, r6, r7, r8, lr}
  for(int i = 0; i < len; i++) {
    while (buf[i] = getch(), buf[i] == '\0');
  400170:	f8df 8030 	ldr.w	r8, [pc, #48]	; 4001a4 <my_read+0x38>
{
  400174:	4604      	mov	r4, r0
  400176:	460e      	mov	r6, r1
  for(int i = 0; i < len; i++) {
  400178:	2500      	movs	r5, #0
  40017a:	42b5      	cmp	r5, r6
  40017c:	da0d      	bge.n	40019a <my_read+0x2e>
  40017e:	1967      	adds	r7, r4, r5
    while (buf[i] = getch(), buf[i] == '\0');
  400180:	47c0      	blx	r8
  400182:	b2c0      	uxtb	r0, r0
  400184:	5560      	strb	r0, [r4, r5]
  400186:	2800      	cmp	r0, #0
  400188:	d0fa      	beq.n	400180 <my_read+0x14>

    if (buf[i] == '\n') {
  40018a:	280a      	cmp	r0, #10
  40018c:	d103      	bne.n	400196 <my_read+0x2a>
      buf[i] = '\0';
  40018e:	2300      	movs	r3, #0
  400190:	703b      	strb	r3, [r7, #0]
      return;
    }
  }
  buf[len - 1] = '\0';
}
  400192:	e8bd 81f0 	ldmia.w	sp!, {r4, r5, r6, r7, r8, pc}
  for(int i = 0; i < len; i++) {
  400196:	3501      	adds	r5, #1
  400198:	e7ef      	b.n	40017a <my_read+0xe>
  buf[len - 1] = '\0';
  40019a:	4434      	add	r4, r6
  40019c:	2300      	movs	r3, #0
  40019e:	f804 3c01 	strb.w	r3, [r4, #-1]
  4001a2:	e7f6      	b.n	400192 <my_read+0x26>
  4001a4:	00400701 	.word	0x00400701

004001a8 <print_int_array_serial>:
    );
  }
}


void print_int_array_serial(const int *arr, int len) {
  4001a8:	e92d 43f0 	stmdb	sp!, {r4, r5, r6, r7, r8, r9, lr}
    char buffer[16]; // Temporary buffer to hold string representations of integers
    for (int i = 0; i < len; i++) {
        // Convert integer to string
        sprintf(buffer, "%d ", arr[i]);
  4001ac:	f8df 8038 	ldr.w	r8, [pc, #56]	; 4001e8 <print_int_array_serial+0x40>
        
        // Send the string over serial
        for (char *ptr = buffer; *ptr != '\0'; ptr++) {
            putch(*ptr); // Send each character
  4001b0:	f8df 9038 	ldr.w	r9, [pc, #56]	; 4001ec <print_int_array_serial+0x44>
void print_int_array_serial(const int *arr, int len) {
  4001b4:	b085      	sub	sp, #20
  4001b6:	4607      	mov	r7, r0
  4001b8:	460e      	mov	r6, r1
    for (int i = 0; i < len; i++) {
  4001ba:	2500      	movs	r5, #0
  4001bc:	42b5      	cmp	r5, r6
  4001be:	db05      	blt.n	4001cc <print_int_array_serial+0x24>
        }
    }
    putch('\n'); // Add a newline for better readability
  4001c0:	4b0a      	ldr	r3, [pc, #40]	; (4001ec <print_int_array_serial+0x44>)
  4001c2:	200a      	movs	r0, #10
  4001c4:	4798      	blx	r3
}
  4001c6:	b005      	add	sp, #20
  4001c8:	e8bd 83f0 	ldmia.w	sp!, {r4, r5, r6, r7, r8, r9, pc}
        sprintf(buffer, "%d ", arr[i]);
  4001cc:	f857 2025 	ldr.w	r2, [r7, r5, lsl #2]
  4001d0:	4b07      	ldr	r3, [pc, #28]	; (4001f0 <print_int_array_serial+0x48>)
  4001d2:	4641      	mov	r1, r8
  4001d4:	4668      	mov	r0, sp
  4001d6:	4798      	blx	r3
        for (char *ptr = buffer; *ptr != '\0'; ptr++) {
  4001d8:	466c      	mov	r4, sp
  4001da:	f814 0b01 	ldrb.w	r0, [r4], #1
  4001de:	b908      	cbnz	r0, 4001e4 <print_int_array_serial+0x3c>
    for (int i = 0; i < len; i++) {
  4001e0:	3501      	adds	r5, #1
  4001e2:	e7eb      	b.n	4001bc <print_int_array_serial+0x14>
            putch(*ptr); // Send each character
  4001e4:	47c8      	blx	r9
        for (char *ptr = buffer; *ptr != '\0'; ptr++) {
  4001e6:	e7f8      	b.n	4001da <print_int_array_serial+0x32>
  4001e8:	004041a8 	.word	0x004041a8
  4001ec:	004006e5 	.word	0x004006e5
  4001f0:	00403779 	.word	0x00403779

004001f4 <reverse_bit>:
}


int reverse_bit(int num, int s) {
    int res = 0;
    for (int i = 0; i < s; i++) {
  4001f4:	2300      	movs	r3, #0
int reverse_bit(int num, int s) {
  4001f6:	b570      	push	{r4, r5, r6, lr}
  4001f8:	4602      	mov	r2, r0
        if (num & (1 << i))
            res |= 1 << (s - 1 - i);
  4001fa:	1e4d      	subs	r5, r1, #1
    int res = 0;
  4001fc:	4618      	mov	r0, r3
            res |= 1 << (s - 1 - i);
  4001fe:	2601      	movs	r6, #1
    for (int i = 0; i < s; i++) {
  400200:	428b      	cmp	r3, r1
  400202:	db00      	blt.n	400206 <reverse_bit+0x12>
    }
    return res;
}
  400204:	bd70      	pop	{r4, r5, r6, pc}
        if (num & (1 << i))
  400206:	fa42 f403 	asr.w	r4, r2, r3
  40020a:	07e4      	lsls	r4, r4, #31
            res |= 1 << (s - 1 - i);
  40020c:	bf42      	ittt	mi
  40020e:	1aec      	submi	r4, r5, r3
  400210:	fa06 f404 	lslmi.w	r4, r6, r4
  400214:	4320      	orrmi	r0, r4
    for (int i = 0; i < s; i++) {
  400216:	3301      	adds	r3, #1
  400218:	e7f2      	b.n	400200 <reverse_bit+0xc>
  40021a:	0000      	movs	r0, r0

0040021c <reverse_array>:

void reverse_array(float complex *X, int N, int s){
  40021c:	e92d 43f8 	stmdb	sp!, {r3, r4, r5, r6, r7, r8, r9, lr}
    for(int i = 0; i < N; i ++){
        int rb = reverse_bit(i,s);
  400220:	4f11      	ldr	r7, [pc, #68]	; (400268 <reverse_array+0x4c>)
void reverse_array(float complex *X, int N, int s){
  400222:	460e      	mov	r6, r1
  400224:	4605      	mov	r5, r0
  400226:	4611      	mov	r1, r2
    for(int i = 0; i < N; i ++){
  400228:	2400      	movs	r4, #0
  40022a:	42b4      	cmp	r4, r6
  40022c:	db01      	blt.n	400232 <reverse_array+0x16>
          float complex tmp = X[i];
            X[i] = X[rb];
            X[rb] = tmp;
        }
    }
}
  40022e:	e8bd 83f8 	ldmia.w	sp!, {r3, r4, r5, r6, r7, r8, r9, pc}
        int rb = reverse_bit(i,s);
  400232:	4620      	mov	r0, r4
  400234:	47b8      	blx	r7
        if(i < rb){
  400236:	4284      	cmp	r4, r0
  400238:	da13      	bge.n	400262 <reverse_array+0x46>
          float complex tmp = X[i];
  40023a:	eb05 02c4 	add.w	r2, r5, r4, lsl #3
            X[i] = X[rb];
  40023e:	eb05 03c0 	add.w	r3, r5, r0, lsl #3
          float complex tmp = X[i];
  400242:	f855 e034 	ldr.w	lr, [r5, r4, lsl #3]
  400246:	f8d2 c004 	ldr.w	ip, [r2, #4]
            X[i] = X[rb];
  40024a:	f855 9030 	ldr.w	r9, [r5, r0, lsl #3]
  40024e:	f8d3 8004 	ldr.w	r8, [r3, #4]
  400252:	f845 9034 	str.w	r9, [r5, r4, lsl #3]
  400256:	f8c2 8004 	str.w	r8, [r2, #4]
            X[rb] = tmp;
  40025a:	f845 e030 	str.w	lr, [r5, r0, lsl #3]
  40025e:	f8c3 c004 	str.w	ip, [r3, #4]
    for(int i = 0; i < N; i ++){
  400262:	3401      	adds	r4, #1
  400264:	e7e1      	b.n	40022a <reverse_array+0xe>
  400266:	bf00      	nop
  400268:	004001f5 	.word	0x004001f5
  40026c:	00000000 	.word	0x00000000

00400270 <DIT_FFT>:


//https://github.com/Swati-Verma671/Computation-of-DFT-using-Radix-2-DIT-FFT-algorithm/blob/main/code.m
void DIT_FFT(float complex *X, int N){
  400270:	e92d 4ff0 	stmdb	sp!, {r4, r5, r6, r7, r8, r9, sl, fp, lr}
  400274:	b08d      	sub	sp, #52	; 0x34

    //int collected = 0;

    int s = round(log2(N));
  400276:	4b66      	ldr	r3, [pc, #408]	; (400410 <DIT_FFT+0x1a0>)
void DIT_FFT(float complex *X, int N){
  400278:	9106      	str	r1, [sp, #24]
  40027a:	4682      	mov	sl, r0
    int s = round(log2(N));
  40027c:	4608      	mov	r0, r1
  40027e:	4798      	blx	r3
  400280:	4b64      	ldr	r3, [pc, #400]	; (400414 <DIT_FFT+0x1a4>)
  400282:	4c65      	ldr	r4, [pc, #404]	; (400418 <DIT_FFT+0x1a8>)
  400284:	4798      	blx	r3
  400286:	a360      	add	r3, pc, #384	; (adr r3, 400408 <DIT_FFT+0x198>)
  400288:	e9d3 2300 	ldrd	r2, r3, [r3]
  40028c:	47a0      	blx	r4
  40028e:	4b63      	ldr	r3, [pc, #396]	; (40041c <DIT_FFT+0x1ac>)
  400290:	4798      	blx	r3
  400292:	4b63      	ldr	r3, [pc, #396]	; (400420 <DIT_FFT+0x1b0>)
  400294:	4798      	blx	r3
    reverse_array(X,N,s);
  400296:	9906      	ldr	r1, [sp, #24]
  400298:	4b62      	ldr	r3, [pc, #392]	; (400424 <DIT_FFT+0x1b4>)
    int s = round(log2(N));
  40029a:	9007      	str	r0, [sp, #28]
    reverse_array(X,N,s);
  40029c:	4602      	mov	r2, r0
  40029e:	4650      	mov	r0, sl
  4002a0:	4798      	blx	r3
    trigger_high();
  4002a2:	4b61      	ldr	r3, [pc, #388]	; (400428 <DIT_FFT+0x1b8>)
  4002a4:	4798      	blx	r3
    for(int stage=1; stage <= s; stage++){
  4002a6:	f04f 0b01 	mov.w	fp, #1
  4002aa:	9b07      	ldr	r3, [sp, #28]
  4002ac:	459b      	cmp	fp, r3
  4002ae:	dd02      	ble.n	4002b6 <DIT_FFT+0x46>
                q = q + pow(2,stage-1);
                n=0;
            }
        }
    }
}
  4002b0:	b00d      	add	sp, #52	; 0x34
  4002b2:	e8bd 8ff0 	ldmia.w	sp!, {r4, r5, r6, r7, r8, r9, sl, fp, pc}
        int q = 0 + pow(2,stage-1);
  4002b6:	4b56      	ldr	r3, [pc, #344]	; (400410 <DIT_FFT+0x1a0>)
  4002b8:	4c5c      	ldr	r4, [pc, #368]	; (40042c <DIT_FFT+0x1bc>)
  4002ba:	f10b 30ff 	add.w	r0, fp, #4294967295	; 0xffffffff
  4002be:	4798      	blx	r3
  4002c0:	e9cd 0102 	strd	r0, r1, [sp, #8]
  4002c4:	4602      	mov	r2, r0
  4002c6:	460b      	mov	r3, r1
  4002c8:	2000      	movs	r0, #0
  4002ca:	f04f 4180 	mov.w	r1, #1073741824	; 0x40000000
  4002ce:	47a0      	blx	r4
  4002d0:	2200      	movs	r2, #0
  4002d2:	2300      	movs	r3, #0
  4002d4:	4c56      	ldr	r4, [pc, #344]	; (400430 <DIT_FFT+0x1c0>)
  4002d6:	47a0      	blx	r4
  4002d8:	4b51      	ldr	r3, [pc, #324]	; (400420 <DIT_FFT+0x1b0>)
  4002da:	4798      	blx	r3
        int p = 0;
  4002dc:	2500      	movs	r5, #0
        int q = 0 + pow(2,stage-1);
  4002de:	9004      	str	r0, [sp, #16]
        int p = 0;
  4002e0:	9c04      	ldr	r4, [sp, #16]
        while (n<=pow(2,(stage-1))-1 && q <=N)
  4002e2:	4e52      	ldr	r6, [pc, #328]	; (40042c <DIT_FFT+0x1bc>)
  4002e4:	e9dd 2302 	ldrd	r2, r3, [sp, #8]
  4002e8:	2000      	movs	r0, #0
  4002ea:	f04f 4180 	mov.w	r1, #1073741824	; 0x40000000
  4002ee:	47b0      	blx	r6
  4002f0:	9b04      	ldr	r3, [sp, #16]
  4002f2:	4680      	mov	r8, r0
  4002f4:	1ae0      	subs	r0, r4, r3
  4002f6:	4b46      	ldr	r3, [pc, #280]	; (400410 <DIT_FFT+0x1a0>)
  4002f8:	4689      	mov	r9, r1
  4002fa:	4798      	blx	r3
  4002fc:	4b4d      	ldr	r3, [pc, #308]	; (400434 <DIT_FFT+0x1c4>)
  4002fe:	4606      	mov	r6, r0
  400300:	460f      	mov	r7, r1
  400302:	2200      	movs	r2, #0
  400304:	4640      	mov	r0, r8
  400306:	4649      	mov	r1, r9
  400308:	f8df 812c 	ldr.w	r8, [pc, #300]	; 400438 <DIT_FFT+0x1c8>
  40030c:	47c0      	blx	r8
  40030e:	4602      	mov	r2, r0
  400310:	460b      	mov	r3, r1
  400312:	4630      	mov	r0, r6
  400314:	4639      	mov	r1, r7
  400316:	4e49      	ldr	r6, [pc, #292]	; (40043c <DIT_FFT+0x1cc>)
  400318:	47b0      	blx	r6
  40031a:	b110      	cbz	r0, 400322 <DIT_FFT+0xb2>
  40031c:	9b06      	ldr	r3, [sp, #24]
  40031e:	429c      	cmp	r4, r3
  400320:	dd02      	ble.n	400328 <DIT_FFT+0xb8>
    for(int stage=1; stage <= s; stage++){
  400322:	f10b 0b01 	add.w	fp, fp, #1
  400326:	e7c0      	b.n	4002aa <DIT_FFT+0x3a>
            if (stage == 2){
  400328:	f1bb 0f02 	cmp.w	fp, #2
  40032c:	d101      	bne.n	400332 <DIT_FFT+0xc2>
              trigger_low();
  40032e:	4b44      	ldr	r3, [pc, #272]	; (400440 <DIT_FFT+0x1d0>)
  400330:	4798      	blx	r3
            float complex y = X[p];
  400332:	f10a 0604 	add.w	r6, sl, #4
            z *= w;
  400336:	2300      	movs	r3, #0
  400338:	f856 8035 	ldr.w	r8, [r6, r5, lsl #3]
  40033c:	9300      	str	r3, [sp, #0]
  40033e:	f856 2034 	ldr.w	r2, [r6, r4, lsl #3]
  400342:	f85a 1034 	ldr.w	r1, [sl, r4, lsl #3]
  400346:	4f3f      	ldr	r7, [pc, #252]	; (400444 <DIT_FFT+0x1d4>)
  400348:	f85a 9035 	ldr.w	r9, [sl, r5, lsl #3]
  40034c:	f04f 537e 	mov.w	r3, #1065353216	; 0x3f800000
  400350:	a80a      	add	r0, sp, #40	; 0x28
  400352:	47b8      	blx	r7
  400354:	9a0a      	ldr	r2, [sp, #40]	; 0x28
  400356:	9b0b      	ldr	r3, [sp, #44]	; 0x2c
            X[p] = y+z;
  400358:	4f3b      	ldr	r7, [pc, #236]	; (400448 <DIT_FFT+0x1d8>)
  40035a:	9209      	str	r2, [sp, #36]	; 0x24
  40035c:	4611      	mov	r1, r2
            z *= w;
  40035e:	9308      	str	r3, [sp, #32]
            X[p] = y+z;
  400360:	4648      	mov	r0, r9
  400362:	47b8      	blx	r7
  400364:	9b08      	ldr	r3, [sp, #32]
  400366:	f84a 0035 	str.w	r0, [sl, r5, lsl #3]
  40036a:	4619      	mov	r1, r3
  40036c:	4640      	mov	r0, r8
  40036e:	47b8      	blx	r7
            X[q] = y-z;
  400370:	9a09      	ldr	r2, [sp, #36]	; 0x24
            X[p] = y+z;
  400372:	f846 0035 	str.w	r0, [r6, r5, lsl #3]
            X[q] = y-z;
  400376:	4611      	mov	r1, r2
  400378:	4f34      	ldr	r7, [pc, #208]	; (40044c <DIT_FFT+0x1dc>)
  40037a:	4648      	mov	r0, r9
  40037c:	47b8      	blx	r7
  40037e:	9b08      	ldr	r3, [sp, #32]
  400380:	f84a 0034 	str.w	r0, [sl, r4, lsl #3]
  400384:	4619      	mov	r1, r3
  400386:	4640      	mov	r0, r8
  400388:	47b8      	blx	r7
            if(q % (int)pow(2,stage) == 0){
  40038a:	4f21      	ldr	r7, [pc, #132]	; (400410 <DIT_FFT+0x1a0>)
            X[q] = y-z;
  40038c:	f846 0034 	str.w	r0, [r6, r4, lsl #3]
            if(q % (int)pow(2,stage) == 0){
  400390:	4658      	mov	r0, fp
  400392:	47b8      	blx	r7
  400394:	f8df 8094 	ldr.w	r8, [pc, #148]	; 40042c <DIT_FFT+0x1bc>
  400398:	4e21      	ldr	r6, [pc, #132]	; (400420 <DIT_FFT+0x1b0>)
  40039a:	460b      	mov	r3, r1
  40039c:	4602      	mov	r2, r0
  40039e:	f04f 4180 	mov.w	r1, #1073741824	; 0x40000000
  4003a2:	2000      	movs	r0, #0
  4003a4:	47c0      	blx	r8
  4003a6:	47b0      	blx	r6
            q++;
  4003a8:	3401      	adds	r4, #1
            if(q % (int)pow(2,stage) == 0){
  4003aa:	fb94 f3f0 	sdiv	r3, r4, r0
  4003ae:	fb03 4010 	mls	r0, r3, r0, r4
            p++;
  4003b2:	3501      	adds	r5, #1
            if(q % (int)pow(2,stage) == 0){
  4003b4:	2800      	cmp	r0, #0
  4003b6:	d194      	bne.n	4002e2 <DIT_FFT+0x72>
                p = p + pow(2,stage-1);
  4003b8:	e9dd 2302 	ldrd	r2, r3, [sp, #8]
  4003bc:	2000      	movs	r0, #0
  4003be:	f04f 4180 	mov.w	r1, #1073741824	; 0x40000000
  4003c2:	47c0      	blx	r8
  4003c4:	4602      	mov	r2, r0
  4003c6:	460b      	mov	r3, r1
  4003c8:	e9cd 2304 	strd	r2, r3, [sp, #16]
  4003cc:	4628      	mov	r0, r5
  4003ce:	47b8      	blx	r7
  4003d0:	f8df 905c 	ldr.w	r9, [pc, #92]	; 400430 <DIT_FFT+0x1c0>
  4003d4:	e9dd 2304 	ldrd	r2, r3, [sp, #16]
  4003d8:	47c8      	blx	r9
  4003da:	47b0      	blx	r6
                q = q + pow(2,stage-1);
  4003dc:	e9dd 2302 	ldrd	r2, r3, [sp, #8]
                p = p + pow(2,stage-1);
  4003e0:	4605      	mov	r5, r0
                q = q + pow(2,stage-1);
  4003e2:	f04f 4180 	mov.w	r1, #1073741824	; 0x40000000
  4003e6:	2000      	movs	r0, #0
  4003e8:	47c0      	blx	r8
  4003ea:	4602      	mov	r2, r0
  4003ec:	460b      	mov	r3, r1
  4003ee:	e9cd 2304 	strd	r2, r3, [sp, #16]
  4003f2:	4620      	mov	r0, r4
  4003f4:	47b8      	blx	r7
  4003f6:	e9dd 2304 	ldrd	r2, r3, [sp, #16]
  4003fa:	47c8      	blx	r9
  4003fc:	47b0      	blx	r6
  4003fe:	9004      	str	r0, [sp, #16]
                n=0;
  400400:	e76e      	b.n	4002e0 <DIT_FFT+0x70>
  400402:	bf00      	nop
  400404:	f3af 8000 	nop.w
  400408:	fefa39ef 	.word	0xfefa39ef
  40040c:	3fe62e42 	.word	0x3fe62e42
  400410:	004023e1 	.word	0x004023e1
  400414:	00400c81 	.word	0x00400c81
  400418:	00402709 	.word	0x00402709
  40041c:	00400bed 	.word	0x00400bed
  400420:	00402a15 	.word	0x00402a15
  400424:	0040021d 	.word	0x0040021d
  400428:	00400765 	.word	0x00400765
  40042c:	00400cf5 	.word	0x00400cf5
  400430:	00402149 	.word	0x00402149
  400434:	3ff00000 	.word	0x3ff00000
  400438:	00402145 	.word	0x00402145
  40043c:	004029ad 	.word	0x004029ad
  400440:	00400745 	.word	0x00400745
  400444:	00402f21 	.word	0x00402f21
  400448:	00402a71 	.word	0x00402a71
  40044c:	00402a6d 	.word	0x00402a6d

00400450 <binary_char_to_int>:
    binaryNum[i--] = num % 2;
    num /= 2;
 }
}

void binary_char_to_int(char *char_arr, int *int_arr, int len){
  400450:	b510      	push	{r4, lr}
  for(int i = 0; i < len; i++){
  400452:	2300      	movs	r3, #0
  400454:	4293      	cmp	r3, r2
  400456:	db00      	blt.n	40045a <binary_char_to_int+0xa>
    int_arr[i] = char_arr[i] - '0';
  }
}
  400458:	bd10      	pop	{r4, pc}
    int_arr[i] = char_arr[i] - '0';
  40045a:	5cc4      	ldrb	r4, [r0, r3]
  40045c:	3c30      	subs	r4, #48	; 0x30
  40045e:	f841 4023 	str.w	r4, [r1, r3, lsl #2]
  for(int i = 0; i < len; i++){
  400462:	3301      	adds	r3, #1
  400464:	e7f6      	b.n	400454 <binary_char_to_int+0x4>
  400466:	0000      	movs	r0, r0

00400468 <take_base_2_input>:
    decimalToBinary(num, arr, arrLen);
    print_int_array_serial(arr, arrLen);
}


void take_base_2_input(int *arr_int, int arrLen){
  400468:	b5b0      	push	{r4, r5, r7, lr}
  40046a:	af00      	add	r7, sp, #0
  int maxlen = 1024;
  char arr_char[maxlen];
  40046c:	f5ad 6d80 	sub.w	sp, sp, #1024	; 0x400
void take_base_2_input(int *arr_int, int arrLen){
  400470:	4604      	mov	r4, r0
  400472:	460d      	mov	r5, r1
  my_read(arr_char, maxlen);
  400474:	4668      	mov	r0, sp
  400476:	f44f 6180 	mov.w	r1, #1024	; 0x400
  40047a:	4b08      	ldr	r3, [pc, #32]	; (40049c <take_base_2_input+0x34>)
  40047c:	4798      	blx	r3
  my_puts("\n");
  40047e:	4808      	ldr	r0, [pc, #32]	; (4004a0 <take_base_2_input+0x38>)
  400480:	4b08      	ldr	r3, [pc, #32]	; (4004a4 <take_base_2_input+0x3c>)
  400482:	4798      	blx	r3
  binary_char_to_int(arr_char, arr_int, arrLen);
  400484:	462a      	mov	r2, r5
  400486:	4621      	mov	r1, r4
  400488:	4668      	mov	r0, sp
  40048a:	4b07      	ldr	r3, [pc, #28]	; (4004a8 <take_base_2_input+0x40>)
  40048c:	4798      	blx	r3
  print_int_array_serial(arr_int, arrLen);
  40048e:	4b07      	ldr	r3, [pc, #28]	; (4004ac <take_base_2_input+0x44>)
  400490:	4629      	mov	r1, r5
  400492:	4620      	mov	r0, r4
  400494:	4798      	blx	r3

}
  400496:	46bd      	mov	sp, r7
  400498:	bdb0      	pop	{r4, r5, r7, pc}
  40049a:	bf00      	nop
  40049c:	0040016d 	.word	0x0040016d
  4004a0:	004041d7 	.word	0x004041d7
  4004a4:	00400155 	.word	0x00400155
  4004a8:	00400451 	.word	0x00400451
  4004ac:	004001a9 	.word	0x004001a9

004004b0 <main>:
}



int main(void)
{
  4004b0:	e92d 4ff8 	stmdb	sp!, {r3, r4, r5, r6, r7, r8, r9, sl, fp, lr}
    platform_init();
  4004b4:	4b1a      	ldr	r3, [pc, #104]	; (400520 <main+0x70>)
    int colLen = 1;
    while(1){



      int *input_key = (int*)malloc(rowLen * sizeof(int));
  4004b6:	4f1b      	ldr	r7, [pc, #108]	; (400524 <main+0x74>)
    platform_init();
  4004b8:	4798      	blx	r3
    init_uart();
  4004ba:	4b1b      	ldr	r3, [pc, #108]	; (400528 <main+0x78>)
  4004bc:	4798      	blx	r3
    trigger_setup();
  4004be:	4b1b      	ldr	r3, [pc, #108]	; (40052c <main+0x7c>)
  4004c0:	4798      	blx	r3

      int circulant_size = rowLen + colLen - 1;
      float complex *padded_key = (float complex*)malloc(circulant_size * sizeof(float complex));

      for(int i=0; i < circulant_size; i++){
        padded_key[i] = 0 + 0*I;
  4004c2:	f04f 0800 	mov.w	r8, #0
      int *input_key = (int*)malloc(rowLen * sizeof(int));
  4004c6:	2020      	movs	r0, #32
  4004c8:	47b8      	blx	r7
        input_key[i] = 0;
  4004ca:	2220      	movs	r2, #32
  4004cc:	2100      	movs	r1, #0
  4004ce:	4b18      	ldr	r3, [pc, #96]	; (400530 <main+0x80>)
        padded_key[i] += input_key[i]; 
  4004d0:	f8df a060 	ldr.w	sl, [pc, #96]	; 400534 <main+0x84>
  4004d4:	f8df 9060 	ldr.w	r9, [pc, #96]	; 400538 <main+0x88>
      int *input_key = (int*)malloc(rowLen * sizeof(int));
  4004d8:	4605      	mov	r5, r0
        input_key[i] = 0;
  4004da:	4798      	blx	r3
      my_puts("\nPlease enter input key (Max 32 Hex Bits): \n");
  4004dc:	4817      	ldr	r0, [pc, #92]	; (40053c <main+0x8c>)
  4004de:	4b18      	ldr	r3, [pc, #96]	; (400540 <main+0x90>)
  4004e0:	4798      	blx	r3
      take_base_2_input(input_key, rowLen);
  4004e2:	4b18      	ldr	r3, [pc, #96]	; (400544 <main+0x94>)
  4004e4:	2108      	movs	r1, #8
  4004e6:	4628      	mov	r0, r5
  4004e8:	4798      	blx	r3
      float complex *padded_key = (float complex*)malloc(circulant_size * sizeof(float complex));
  4004ea:	2040      	movs	r0, #64	; 0x40
  4004ec:	47b8      	blx	r7
      for(int i=0; i < circulant_size; i++){
  4004ee:	2400      	movs	r4, #0
      float complex *padded_key = (float complex*)malloc(circulant_size * sizeof(float complex));
  4004f0:	4606      	mov	r6, r0
        padded_key[i] = 0 + 0*I;
  4004f2:	f100 0b04 	add.w	fp, r0, #4
  4004f6:	f84b 8034 	str.w	r8, [fp, r4, lsl #3]
        padded_key[i] += input_key[i]; 
  4004fa:	f855 0024 	ldr.w	r0, [r5, r4, lsl #2]
  4004fe:	47d0      	blx	sl
  400500:	2100      	movs	r1, #0
  400502:	47c8      	blx	r9
  400504:	f846 0034 	str.w	r0, [r6, r4, lsl #3]
      for(int i=0; i < circulant_size; i++){
  400508:	3401      	adds	r4, #1
  40050a:	2c08      	cmp	r4, #8
  40050c:	d1f3      	bne.n	4004f6 <main+0x46>
      }
      //pad_key(padded_key, input_key, circulant_size, rowLen);
      
      //trigger_high();
      DIT_FFT(padded_key,circulant_size);
  40050e:	4630      	mov	r0, r6
  400510:	4b0d      	ldr	r3, [pc, #52]	; (400548 <main+0x98>)
  400512:	4621      	mov	r1, r4
  400514:	4798      	blx	r3


      //my_puts("\nCalculated P.A. key: \n");
      //print_int_array_serial(output_key_fft, colLen);  

      free(input_key);
  400516:	4b0d      	ldr	r3, [pc, #52]	; (40054c <main+0x9c>)
  400518:	4628      	mov	r0, r5
  40051a:	4798      	blx	r3
    while(1){
  40051c:	e7d3      	b.n	4004c6 <main+0x16>
  40051e:	bf00      	nop
  400520:	004005e9 	.word	0x004005e9
  400524:	004033b5 	.word	0x004033b5
  400528:	00400681 	.word	0x00400681
  40052c:	00400725 	.word	0x00400725
  400530:	00403509 	.word	0x00403509
  400534:	00402bd9 	.word	0x00402bd9
  400538:	00402a71 	.word	0x00402a71
  40053c:	004041ac 	.word	0x004041ac
  400540:	00400155 	.word	0x00400155
  400544:	00400469 	.word	0x00400469
  400548:	00400271 	.word	0x00400271
  40054c:	004033c5 	.word	0x004033c5

00400550 <Dummy_Handler>:
/**
 * \brief Default interrupt handler for unused IRQs.
 */
void Dummy_Handler(void)
{
	while (1) {
  400550:	e7fe      	b.n	400550 <Dummy_Handler>
  400552:	0000      	movs	r0, r0

00400554 <Reset_Handler>:
	if (pSrc > pDest) {
  400554:	4919      	ldr	r1, [pc, #100]	; (4005bc <Reset_Handler+0x68>)
  400556:	481a      	ldr	r0, [pc, #104]	; (4005c0 <Reset_Handler+0x6c>)
  400558:	4281      	cmp	r1, r0
{
  40055a:	b510      	push	{r4, lr}
	if (pSrc > pDest) {
  40055c:	d920      	bls.n	4005a0 <Reset_Handler+0x4c>
			*pDest++ = *pSrc++;
  40055e:	4b19      	ldr	r3, [pc, #100]	; (4005c4 <Reset_Handler+0x70>)
  400560:	1cda      	adds	r2, r3, #3
  400562:	1a12      	subs	r2, r2, r0
  400564:	f022 0203 	bic.w	r2, r2, #3
  400568:	1ec4      	subs	r4, r0, #3
  40056a:	42a3      	cmp	r3, r4
  40056c:	bf38      	it	cc
  40056e:	2200      	movcc	r2, #0
  400570:	4b15      	ldr	r3, [pc, #84]	; (4005c8 <Reset_Handler+0x74>)
  400572:	4798      	blx	r3

    No Operation does nothing. This instruction can be used for code alignment purposes.
 */
__attribute__( ( always_inline ) ) __STATIC_INLINE void __NOP(void)
{
  __ASM volatile ("nop");
  400574:	bf00      	nop
		*pDest++ = 0;
  400576:	4b15      	ldr	r3, [pc, #84]	; (4005cc <Reset_Handler+0x78>)
  400578:	4815      	ldr	r0, [pc, #84]	; (4005d0 <Reset_Handler+0x7c>)
  40057a:	1cda      	adds	r2, r3, #3
  40057c:	1a12      	subs	r2, r2, r0
  40057e:	1ec1      	subs	r1, r0, #3
  400580:	f022 0203 	bic.w	r2, r2, #3
  400584:	4299      	cmp	r1, r3
  400586:	bf88      	it	hi
  400588:	2200      	movhi	r2, #0
  40058a:	4b12      	ldr	r3, [pc, #72]	; (4005d4 <Reset_Handler+0x80>)
  40058c:	2100      	movs	r1, #0
  40058e:	4798      	blx	r3
	SCB->VTOR = ((uint32_t) pSrc);
  400590:	4b11      	ldr	r3, [pc, #68]	; (4005d8 <Reset_Handler+0x84>)
  400592:	4a12      	ldr	r2, [pc, #72]	; (4005dc <Reset_Handler+0x88>)
  400594:	609a      	str	r2, [r3, #8]
	__libc_init_array();
  400596:	4b12      	ldr	r3, [pc, #72]	; (4005e0 <Reset_Handler+0x8c>)
  400598:	4798      	blx	r3
	main();
  40059a:	4b12      	ldr	r3, [pc, #72]	; (4005e4 <Reset_Handler+0x90>)
  40059c:	4798      	blx	r3
	while (1);
  40059e:	e7fe      	b.n	40059e <Reset_Handler+0x4a>
	} else if (pSrc < pDest) {
  4005a0:	d2e8      	bcs.n	400574 <Reset_Handler+0x20>
		uint32_t nb_bytes = (uint32_t)&_erelocate - (uint32_t)&_srelocate;
  4005a2:	4b08      	ldr	r3, [pc, #32]	; (4005c4 <Reset_Handler+0x70>)
		pSrc = (uint32_t*)((uint32_t)pSrc + nb_bytes) - 1;
  4005a4:	1f0a      	subs	r2, r1, #4
		uint32_t nb_bytes = (uint32_t)&_erelocate - (uint32_t)&_srelocate;
  4005a6:	1a18      	subs	r0, r3, r0
		pSrc = (uint32_t*)((uint32_t)pSrc + nb_bytes) - 1;
  4005a8:	4410      	add	r0, r2
		for (;nb_bytes;nb_bytes -= 4) {
  4005aa:	f1c1 0104 	rsb	r1, r1, #4
  4005ae:	42c8      	cmn	r0, r1
  4005b0:	d0e0      	beq.n	400574 <Reset_Handler+0x20>
			*pDest-- = *pSrc--;
  4005b2:	f850 2904 	ldr.w	r2, [r0], #-4
  4005b6:	f843 2d04 	str.w	r2, [r3, #-4]!
		for (;nb_bytes;nb_bytes -= 4) {
  4005ba:	e7f8      	b.n	4005ae <Reset_Handler+0x5a>
  4005bc:	0040424c 	.word	0x0040424c
  4005c0:	20000000 	.word	0x20000000
  4005c4:	2000006c 	.word	0x2000006c
  4005c8:	004033d5 	.word	0x004033d5
  4005cc:	20000098 	.word	0x20000098
  4005d0:	2000006c 	.word	0x2000006c
  4005d4:	00403509 	.word	0x00403509
  4005d8:	e000ed00 	.word	0xe000ed00
  4005dc:	00400000 	.word	0x00400000
  4005e0:	0040336d 	.word	0x0040336d
  4005e4:	004004b1 	.word	0x004004b1

004005e8 <platform_init>:
#include "sysclk.h"
#include "gpio.h"

void platform_init(void)
{
	WDT->WDT_MR = WDT_MR_WDDIS;
  4005e8:	4b18      	ldr	r3, [pc, #96]	; (40064c <platform_init+0x64>)
  4005ea:	f44f 4200 	mov.w	r2, #32768	; 0x8000
{
  4005ee:	b570      	push	{r4, r5, r6, lr}
 *
 * \param ul_id Id (number) of the peripheral clock.
 */
static inline void sysclk_enable_peripheral_clock(uint32_t ul_id)
{
	pmc_enable_periph_clk(ul_id);
  4005f0:	2000      	movs	r0, #0
	WDT->WDT_MR = WDT_MR_WDDIS;
  4005f2:	655a      	str	r2, [r3, #84]	; 0x54
  4005f4:	4d16      	ldr	r5, [pc, #88]	; (400650 <platform_init+0x68>)
    sysclk_enable_peripheral_clock(ID_SUPC);
    sysclk_enable_peripheral_clock(ID_RSTC);
    sysclk_enable_peripheral_clock(ID_PMC);
    pmc_set_writeprotect(0);
    system_init_flash(CHIP_FREQ_CPU_MAX);
  4005f6:	4c17      	ldr	r4, [pc, #92]	; (400654 <platform_init+0x6c>)
	case OSC_MAINCK_4M_RC:
	case OSC_MAINCK_8M_RC:
	case OSC_MAINCK_12M_RC:
	case OSC_MAINCK_XTAL:
	case OSC_MAINCK_BYPASS:
		return pmc_osc_is_ready_mainck();
  4005f8:	4e17      	ldr	r6, [pc, #92]	; (400658 <platform_init+0x70>)
  4005fa:	47a8      	blx	r5
  4005fc:	2001      	movs	r0, #1
  4005fe:	47a8      	blx	r5
  400600:	2005      	movs	r0, #5
  400602:	47a8      	blx	r5
    pmc_set_writeprotect(0);
  400604:	4b15      	ldr	r3, [pc, #84]	; (40065c <platform_init+0x74>)
  400606:	2000      	movs	r0, #0
  400608:	4798      	blx	r3
    system_init_flash(CHIP_FREQ_CPU_MAX);
  40060a:	4815      	ldr	r0, [pc, #84]	; (400660 <platform_init+0x78>)
  40060c:	47a0      	blx	r4
    pmc_switch_mck_to_sclk(SYSCLK_PRES_1);
  40060e:	4b15      	ldr	r3, [pc, #84]	; (400664 <platform_init+0x7c>)
  400610:	2000      	movs	r0, #0
  400612:	4798      	blx	r3
		pmc_switch_mainck_to_xtal(PMC_OSC_BYPASS,
  400614:	4b14      	ldr	r3, [pc, #80]	; (400668 <platform_init+0x80>)
  400616:	213e      	movs	r1, #62	; 0x3e
  400618:	2001      	movs	r0, #1
  40061a:	4798      	blx	r3
		return pmc_osc_is_ready_mainck();
  40061c:	47b0      	blx	r6
 *
 * \param id A number identifying the oscillator to wait for.
 */
static inline void osc_wait_ready(uint8_t id)
{
	while (!osc_is_ready(id)) {
  40061e:	2800      	cmp	r0, #0
  400620:	d0fc      	beq.n	40061c <platform_init+0x34>
    osc_enable(OSC_MAINCK_BYPASS);
    osc_wait_ready(OSC_MAINCK_BYPASS);
    pmc_switch_mck_to_mainck(SYSCLK_PRES_1);
  400622:	4b12      	ldr	r3, [pc, #72]	; (40066c <platform_init+0x84>)
  400624:	2000      	movs	r0, #0
  400626:	4798      	blx	r3
    SystemCoreClockUpdate();
  400628:	4b11      	ldr	r3, [pc, #68]	; (400670 <platform_init+0x88>)
  40062a:	4798      	blx	r3
    system_init_flash(7.37E6);
  40062c:	4811      	ldr	r0, [pc, #68]	; (400674 <platform_init+0x8c>)
  40062e:	47a0      	blx	r4
    EFC0->EEFC_FMR &= ~(0b100 << 24); // disable code loop optimizations (causes trace desyncs)
  400630:	4a11      	ldr	r2, [pc, #68]	; (400678 <platform_init+0x90>)
  400632:	6813      	ldr	r3, [r2, #0]
  400634:	f023 6380 	bic.w	r3, r3, #67108864	; 0x4000000
  400638:	6013      	str	r3, [r2, #0]
  40063a:	200b      	movs	r0, #11
  40063c:	47a8      	blx	r5
    //     gpio_configure_pin(PIO_PA16_IDX, PIO_OUTPUT_1 | PIO_DEFAULT);
    //     for (volatile uint32_t i = 0; i < 100000; i++) {
    //     }
    // }
    // gpio_configure_pin(PIO_PA10_IDX, PIO_PERIPH_A | PIO_DEFAULT);
}
  40063e:	e8bd 4070 	ldmia.w	sp!, {r4, r5, r6, lr}
    gpio_configure_pin(PIO_PA15_IDX, PIO_OUTPUT_1 | PIO_DEFAULT);
  400642:	4b0e      	ldr	r3, [pc, #56]	; (40067c <platform_init+0x94>)
  400644:	f04f 5160 	mov.w	r1, #939524096	; 0x38000000
  400648:	200f      	movs	r0, #15
  40064a:	4718      	bx	r3
  40064c:	400e1400 	.word	0x400e1400
  400650:	00400b91 	.word	0x00400b91
  400654:	00400a4d 	.word	0x00400a4d
  400658:	00400b81 	.word	0x00400b81
  40065c:	00400bd1 	.word	0x00400bd1
  400660:	07270e00 	.word	0x07270e00
  400664:	00400ab1 	.word	0x00400ab1
  400668:	00400b35 	.word	0x00400b35
  40066c:	00400af1 	.word	0x00400af1
  400670:	00400981 	.word	0x00400981
  400674:	00707510 	.word	0x00707510
  400678:	400e0a00 	.word	0x400e0a00
  40067c:	004008d5 	.word	0x004008d5

00400680 <init_uart>:

void init_uart(void)
{
  400680:	b51f      	push	{r0, r1, r2, r3, r4, lr}
    #if SS_VER == SS_VER_2_1
        uopts.ul_baudrate = 230400;
    #else
        uopts.ul_baudrate = 38400;
    #endif
    uopts.ul_mck = 7.45E6; //overestimate clock a little to avoid large baud error from calc rounding down, 38400/7.37E6 results in baud of 41k, not 38400
  400682:	4b10      	ldr	r3, [pc, #64]	; (4006c4 <init_uart+0x44>)
    uopts.ul_mode = (0x00 << 14) | (0x04 << 9);

    sysclk_enable_peripheral_clock(ID_UART0);


    uart_init(UART0, &uopts);
  400684:	4c10      	ldr	r4, [pc, #64]	; (4006c8 <init_uart+0x48>)
    uopts.ul_mck = 7.45E6; //overestimate clock a little to avoid large baud error from calc rounding down, 38400/7.37E6 results in baud of 41k, not 38400
  400686:	f44f 3261 	mov.w	r2, #230400	; 0x38400
  40068a:	e9cd 3201 	strd	r3, r2, [sp, #4]
    uopts.ul_mode = (0x00 << 14) | (0x04 << 9);
  40068e:	f44f 6300 	mov.w	r3, #2048	; 0x800
  400692:	9303      	str	r3, [sp, #12]
  400694:	2008      	movs	r0, #8
  400696:	4b0d      	ldr	r3, [pc, #52]	; (4006cc <init_uart+0x4c>)
  400698:	4798      	blx	r3
    uart_init(UART0, &uopts);
  40069a:	a901      	add	r1, sp, #4
  40069c:	4b0c      	ldr	r3, [pc, #48]	; (4006d0 <init_uart+0x50>)
  40069e:	4620      	mov	r0, r4
  4006a0:	4798      	blx	r3
    uart_enable_rx(UART0);
  4006a2:	4620      	mov	r0, r4
  4006a4:	4b0b      	ldr	r3, [pc, #44]	; (4006d4 <init_uart+0x54>)
  4006a6:	4798      	blx	r3
    uart_enable_tx(UART0);
  4006a8:	4b0b      	ldr	r3, [pc, #44]	; (4006d8 <init_uart+0x58>)
  4006aa:	4620      	mov	r0, r4
  4006ac:	4798      	blx	r3
    gpio_configure_pin(PIO_PA9_IDX, PIO_PERIPH_A | PIO_DEFAULT | PIO_PULLUP);
  4006ae:	4c0b      	ldr	r4, [pc, #44]	; (4006dc <init_uart+0x5c>)
  4006b0:	490b      	ldr	r1, [pc, #44]	; (4006e0 <init_uart+0x60>)
  4006b2:	2009      	movs	r0, #9
  4006b4:	47a0      	blx	r4
    gpio_configure_pin(PIO_PA10_IDX, PIO_PERIPH_A | PIO_DEFAULT);
  4006b6:	f04f 6100 	mov.w	r1, #134217728	; 0x8000000
  4006ba:	200a      	movs	r0, #10
  4006bc:	47a0      	blx	r4
}
  4006be:	b004      	add	sp, #16
  4006c0:	bd10      	pop	{r4, pc}
  4006c2:	bf00      	nop
  4006c4:	0071ad90 	.word	0x0071ad90
  4006c8:	400e0600 	.word	0x400e0600
  4006cc:	00400b91 	.word	0x00400b91
  4006d0:	00400785 	.word	0x00400785
  4006d4:	004007bf 	.word	0x004007bf
  4006d8:	004007b9 	.word	0x004007b9
  4006dc:	004008d5 	.word	0x004008d5
  4006e0:	08000001 	.word	0x08000001

004006e4 <putch>:

void putch(char c)
{
  4006e4:	b570      	push	{r4, r5, r6, lr}
    // while (!uart_is_tx_buf_end(UART0));
    while(uart_write(UART0, c));
  4006e6:	4e04      	ldr	r6, [pc, #16]	; (4006f8 <putch+0x14>)
  4006e8:	4d04      	ldr	r5, [pc, #16]	; (4006fc <putch+0x18>)
{
  4006ea:	4604      	mov	r4, r0
    while(uart_write(UART0, c));
  4006ec:	4621      	mov	r1, r4
  4006ee:	4630      	mov	r0, r6
  4006f0:	47a8      	blx	r5
  4006f2:	2800      	cmp	r0, #0
  4006f4:	d1fa      	bne.n	4006ec <putch+0x8>
}
  4006f6:	bd70      	pop	{r4, r5, r6, pc}
  4006f8:	400e0600 	.word	0x400e0600
  4006fc:	004007c5 	.word	0x004007c5

00400700 <getch>:

char getch(void)
{
  400700:	b537      	push	{r0, r1, r2, r4, r5, lr}
    uint8_t c;
    while(uart_read(UART0, &c));
  400702:	4d06      	ldr	r5, [pc, #24]	; (40071c <getch+0x1c>)
  400704:	4c06      	ldr	r4, [pc, #24]	; (400720 <getch+0x20>)
  400706:	f10d 0107 	add.w	r1, sp, #7
  40070a:	4628      	mov	r0, r5
  40070c:	47a0      	blx	r4
  40070e:	2800      	cmp	r0, #0
  400710:	d1f9      	bne.n	400706 <getch+0x6>
    return c;
}
  400712:	f89d 0007 	ldrb.w	r0, [sp, #7]
  400716:	b003      	add	sp, #12
  400718:	bd30      	pop	{r4, r5, pc}
  40071a:	bf00      	nop
  40071c:	400e0600 	.word	0x400e0600
  400720:	004007d3 	.word	0x004007d3

00400724 <trigger_setup>:

void trigger_setup(void)
{
  400724:	b510      	push	{r4, lr}
  400726:	4b05      	ldr	r3, [pc, #20]	; (40073c <trigger_setup+0x18>)
  400728:	200b      	movs	r0, #11
  40072a:	4798      	blx	r3
    sysclk_enable_peripheral_clock(ID_PIOA);
    gpio_configure_pin(PIO_PA7_IDX, PIO_OUTPUT_0 | PIO_DEFAULT);
}
  40072c:	e8bd 4010 	ldmia.w	sp!, {r4, lr}
    gpio_configure_pin(PIO_PA7_IDX, PIO_OUTPUT_0 | PIO_DEFAULT);
  400730:	4b03      	ldr	r3, [pc, #12]	; (400740 <trigger_setup+0x1c>)
  400732:	f04f 5140 	mov.w	r1, #805306368	; 0x30000000
  400736:	2007      	movs	r0, #7
  400738:	4718      	bx	r3
  40073a:	bf00      	nop
  40073c:	00400b91 	.word	0x00400b91
  400740:	004008d5 	.word	0x004008d5

00400744 <trigger_low>:

void trigger_low(void)
{
  400744:	b510      	push	{r4, lr}
    gpio_set_pin_low(PIO_PA7_IDX);
  400746:	4b05      	ldr	r3, [pc, #20]	; (40075c <trigger_low+0x18>)
  400748:	2007      	movs	r0, #7
  40074a:	4798      	blx	r3
    gpio_configure_pin(PIO_PA7_IDX, PIO_OUTPUT_0 | PIO_DEFAULT);
}
  40074c:	e8bd 4010 	ldmia.w	sp!, {r4, lr}
    gpio_configure_pin(PIO_PA7_IDX, PIO_OUTPUT_0 | PIO_DEFAULT);
  400750:	4b03      	ldr	r3, [pc, #12]	; (400760 <trigger_low+0x1c>)
  400752:	f04f 5140 	mov.w	r1, #805306368	; 0x30000000
  400756:	2007      	movs	r0, #7
  400758:	4718      	bx	r3
  40075a:	bf00      	nop
  40075c:	004008bb 	.word	0x004008bb
  400760:	004008d5 	.word	0x004008d5

00400764 <trigger_high>:

void trigger_high(void)
{
  400764:	b510      	push	{r4, lr}
    gpio_set_pin_high(PIO_PA7_IDX);
  400766:	4b05      	ldr	r3, [pc, #20]	; (40077c <trigger_high+0x18>)
  400768:	2007      	movs	r0, #7
  40076a:	4798      	blx	r3
    gpio_configure_pin(PIO_PA7_IDX, PIO_OUTPUT_1 | PIO_DEFAULT);
  40076c:	e8bd 4010 	ldmia.w	sp!, {r4, lr}
    gpio_configure_pin(PIO_PA7_IDX, PIO_OUTPUT_1 | PIO_DEFAULT);
  400770:	4b03      	ldr	r3, [pc, #12]	; (400780 <trigger_high+0x1c>)
  400772:	f04f 5160 	mov.w	r1, #939524096	; 0x38000000
  400776:	2007      	movs	r0, #7
  400778:	4718      	bx	r3
  40077a:	bf00      	nop
  40077c:	004008a1 	.word	0x004008a1
  400780:	004008d5 	.word	0x004008d5

00400784 <uart_init>:
uint32_t uart_init(Uart *p_uart, const sam_uart_opt_t *p_uart_opt)
{
	uint32_t cd = 0;

	/* Reset and disable receiver & transmitter */
	p_uart->UART_CR = UART_CR_RSTRX | UART_CR_RSTTX
  400784:	23ac      	movs	r3, #172	; 0xac
{
  400786:	b510      	push	{r4, lr}
	p_uart->UART_CR = UART_CR_RSTRX | UART_CR_RSTTX
  400788:	6003      	str	r3, [r0, #0]
			| UART_CR_RXDIS | UART_CR_TXDIS;

	/* Check and configure baudrate */
	/* Asynchronous, no oversampling */
	cd = (p_uart_opt->ul_mck / p_uart_opt->ul_baudrate) / UART_MCK_DIV;
  40078a:	e9d1 3200 	ldrd	r3, r2, [r1]
  40078e:	fbb3 f3f2 	udiv	r3, r3, r2
  400792:	091b      	lsrs	r3, r3, #4
	if (cd < UART_MCK_DIV_MIN_FACTOR || cd > UART_MCK_DIV_MAX_FACTOR)
  400794:	1e5c      	subs	r4, r3, #1
  400796:	f64f 72fe 	movw	r2, #65534	; 0xfffe
  40079a:	4294      	cmp	r4, r2
  40079c:	d80a      	bhi.n	4007b4 <uart_init+0x30>
		return 1;

	p_uart->UART_BRGR = cd;
  40079e:	6203      	str	r3, [r0, #32]
	/* Configure mode */
	p_uart->UART_MR = p_uart_opt->ul_mode;
  4007a0:	688b      	ldr	r3, [r1, #8]
  4007a2:	6043      	str	r3, [r0, #4]

#if (!SAMV71 && !SAMV70 && !SAME70 && !SAMS70)
	/* Disable PDC channel */
	p_uart->UART_PTCR = UART_PTCR_RXTDIS | UART_PTCR_TXTDIS;
  4007a4:	f240 2302 	movw	r3, #514	; 0x202
  4007a8:	f8c0 3120 	str.w	r3, [r0, #288]	; 0x120
#endif

	/* Enable receiver and transmitter */
	p_uart->UART_CR = UART_CR_RXEN | UART_CR_TXEN;
  4007ac:	2350      	movs	r3, #80	; 0x50
  4007ae:	6003      	str	r3, [r0, #0]

	return 0;
  4007b0:	2000      	movs	r0, #0
}
  4007b2:	bd10      	pop	{r4, pc}
		return 1;
  4007b4:	2001      	movs	r0, #1
  4007b6:	e7fc      	b.n	4007b2 <uart_init+0x2e>

004007b8 <uart_enable_tx>:
 * \param p_uart Pointer to a UART instance.
 */
void uart_enable_tx(Uart *p_uart)
{
	/* Enable transmitter */
	p_uart->UART_CR = UART_CR_TXEN;
  4007b8:	2340      	movs	r3, #64	; 0x40
  4007ba:	6003      	str	r3, [r0, #0]
}
  4007bc:	4770      	bx	lr

004007be <uart_enable_rx>:
 * \param p_uart Pointer to a UART instance.
 */
void uart_enable_rx(Uart *p_uart)
{
	/* Enable receiver */
	p_uart->UART_CR = UART_CR_RXEN;
  4007be:	2310      	movs	r3, #16
  4007c0:	6003      	str	r3, [r0, #0]
}
  4007c2:	4770      	bx	lr

004007c4 <uart_write>:
 * \retval 1 I/O Failure, UART is not ready.
 */
uint32_t uart_write(Uart *p_uart, const uint8_t uc_data)
{
	/* Check if the transmitter is ready */
	if (!(p_uart->UART_SR & UART_SR_TXRDY))
  4007c4:	6943      	ldr	r3, [r0, #20]
  4007c6:	079b      	lsls	r3, r3, #30
		return 1;

	/* Send character */
	p_uart->UART_THR = uc_data;
  4007c8:	bf46      	itte	mi
  4007ca:	61c1      	strmi	r1, [r0, #28]
	return 0;
  4007cc:	2000      	movmi	r0, #0
		return 1;
  4007ce:	2001      	movpl	r0, #1
}
  4007d0:	4770      	bx	lr

004007d2 <uart_read>:
 * \retval 1 I/O Failure, UART is not ready.
 */
uint32_t uart_read(Uart *p_uart, uint8_t *puc_data)
{
	/* Check if the receiver is ready */
	if ((p_uart->UART_SR & UART_SR_RXRDY) == 0)
  4007d2:	6943      	ldr	r3, [r0, #20]
  4007d4:	07db      	lsls	r3, r3, #31
		return 1;

	/* Read character */
	*puc_data = (uint8_t) p_uart->UART_RHR;
  4007d6:	bf43      	ittte	mi
  4007d8:	6983      	ldrmi	r3, [r0, #24]
  4007da:	700b      	strbmi	r3, [r1, #0]
	return 0;
  4007dc:	2000      	movmi	r0, #0
		return 1;
  4007de:	2001      	movpl	r0, #1
}
  4007e0:	4770      	bx	lr

004007e2 <pio_set_peripheral>:

	/* Disable interrupts on the pin(s) */
	p_pio->PIO_IDR = ul_mask;

#if (SAM3S || SAM3N || SAM4S || SAM4E || SAM4N || SAM4C || SAMG || SAM4CP || SAM4CM || SAMV71 || SAMV70 || SAME70 || SAMS70)
	switch (ul_type) {
  4007e2:	f1b1 5fc0 	cmp.w	r1, #402653184	; 0x18000000
	p_pio->PIO_IDR = ul_mask;
  4007e6:	6442      	str	r2, [r0, #68]	; 0x44
	switch (ul_type) {
  4007e8:	d026      	beq.n	400838 <pio_set_peripheral+0x56>
  4007ea:	d807      	bhi.n	4007fc <pio_set_peripheral+0x1a>
  4007ec:	f1b1 6f00 	cmp.w	r1, #134217728	; 0x8000000
  4007f0:	d012      	beq.n	400818 <pio_set_peripheral+0x36>
  4007f2:	f1b1 5f80 	cmp.w	r1, #268435456	; 0x10000000
  4007f6:	d01c      	beq.n	400832 <pio_set_peripheral+0x50>
  4007f8:	b961      	cbnz	r1, 400814 <pio_set_peripheral+0x32>
  4007fa:	4770      	bx	lr
  4007fc:	f1b1 5f00 	cmp.w	r1, #536870912	; 0x20000000
  400800:	d023      	beq.n	40084a <pio_set_peripheral+0x68>
  400802:	d307      	bcc.n	400814 <pio_set_peripheral+0x32>
  400804:	f1b1 5f40 	cmp.w	r1, #805306368	; 0x30000000
  400808:	d005      	beq.n	400816 <pio_set_peripheral+0x34>
  40080a:	f021 5180 	bic.w	r1, r1, #268435456	; 0x10000000
  40080e:	f1b1 5f20 	cmp.w	r1, #671088640	; 0x28000000
  400812:	d000      	beq.n	400816 <pio_set_peripheral+0x34>
#else
#error "Unsupported device"
#endif

	/* Remove the pins from under the control of PIO */
	p_pio->PIO_PDR = ul_mask;
  400814:	6042      	str	r2, [r0, #4]
}
  400816:	4770      	bx	lr
		ul_sr = p_pio->PIO_ABCDSR[0];
  400818:	6f01      	ldr	r1, [r0, #112]	; 0x70
		p_pio->PIO_ABCDSR[0] &= (~ul_mask & ul_sr);
  40081a:	6f03      	ldr	r3, [r0, #112]	; 0x70
  40081c:	400b      	ands	r3, r1
  40081e:	ea23 0302 	bic.w	r3, r3, r2
		p_pio->PIO_ABCDSR[0] = (ul_mask | ul_sr);
  400822:	6703      	str	r3, [r0, #112]	; 0x70
		ul_sr = p_pio->PIO_ABCDSR[1];
  400824:	6f41      	ldr	r1, [r0, #116]	; 0x74
		p_pio->PIO_ABCDSR[1] &= (~ul_mask & ul_sr);
  400826:	6f43      	ldr	r3, [r0, #116]	; 0x74
  400828:	400b      	ands	r3, r1
  40082a:	ea23 0302 	bic.w	r3, r3, r2
		p_pio->PIO_ABCDSR[1] = (ul_mask | ul_sr);
  40082e:	6743      	str	r3, [r0, #116]	; 0x74
		break;
  400830:	e7f0      	b.n	400814 <pio_set_peripheral+0x32>
		ul_sr = p_pio->PIO_ABCDSR[0];
  400832:	6f03      	ldr	r3, [r0, #112]	; 0x70
		p_pio->PIO_ABCDSR[0] = (ul_mask | ul_sr);
  400834:	4313      	orrs	r3, r2
  400836:	e7f4      	b.n	400822 <pio_set_peripheral+0x40>
		ul_sr = p_pio->PIO_ABCDSR[0];
  400838:	6f01      	ldr	r1, [r0, #112]	; 0x70
		p_pio->PIO_ABCDSR[0] &= (~ul_mask & ul_sr);
  40083a:	6f03      	ldr	r3, [r0, #112]	; 0x70
  40083c:	400b      	ands	r3, r1
  40083e:	ea23 0302 	bic.w	r3, r3, r2
		p_pio->PIO_ABCDSR[0] = (ul_mask | ul_sr);
  400842:	6703      	str	r3, [r0, #112]	; 0x70
		ul_sr = p_pio->PIO_ABCDSR[1];
  400844:	6f43      	ldr	r3, [r0, #116]	; 0x74
		p_pio->PIO_ABCDSR[1] = (ul_mask | ul_sr);
  400846:	4313      	orrs	r3, r2
  400848:	e7f1      	b.n	40082e <pio_set_peripheral+0x4c>
		ul_sr = p_pio->PIO_ABCDSR[0];
  40084a:	6f03      	ldr	r3, [r0, #112]	; 0x70
		p_pio->PIO_ABCDSR[0] = (ul_mask | ul_sr);
  40084c:	4313      	orrs	r3, r2
  40084e:	e7f8      	b.n	400842 <pio_set_peripheral+0x60>

00400850 <pio_set_input>:
	if (ul_pull_up_enable) {
  400850:	07d3      	lsls	r3, r2, #31
 * \param p_pio Pointer to a PIO instance.
 * \param ul_mask Interrupt sources bit map.
 */
void pio_disable_interrupt(Pio *p_pio, const uint32_t ul_mask)
{
	p_pio->PIO_IDR = ul_mask;
  400852:	6441      	str	r1, [r0, #68]	; 0x44
		p_pio->PIO_PUER = ul_mask;
  400854:	bf4c      	ite	mi
  400856:	6641      	strmi	r1, [r0, #100]	; 0x64
		p_pio->PIO_PUDR = ul_mask;
  400858:	6601      	strpl	r1, [r0, #96]	; 0x60
	if (ul_attribute & (PIO_DEGLITCH | PIO_DEBOUNCE)) {
  40085a:	f012 0f0a 	tst.w	r2, #10
		p_pio->PIO_IFER = ul_mask;
  40085e:	bf14      	ite	ne
  400860:	6201      	strne	r1, [r0, #32]
		p_pio->PIO_IFDR = ul_mask;
  400862:	6241      	streq	r1, [r0, #36]	; 0x24
	if (ul_attribute & PIO_DEGLITCH) {
  400864:	0793      	lsls	r3, r2, #30
  400866:	d504      	bpl.n	400872 <pio_set_input+0x22>
		p_pio->PIO_IFSCDR = ul_mask;
  400868:	f8c0 1080 	str.w	r1, [r0, #128]	; 0x80
	p_pio->PIO_ODR = ul_mask;
  40086c:	6141      	str	r1, [r0, #20]
	p_pio->PIO_PER = ul_mask;
  40086e:	6001      	str	r1, [r0, #0]
}
  400870:	4770      	bx	lr
		if (ul_attribute & PIO_DEBOUNCE) {
  400872:	0713      	lsls	r3, r2, #28
			p_pio->PIO_IFSCER = ul_mask;
  400874:	bf48      	it	mi
  400876:	f8c0 1084 	strmi.w	r1, [r0, #132]	; 0x84
  40087a:	e7f7      	b.n	40086c <pio_set_input+0x1c>

0040087c <pio_set_output>:
{
  40087c:	b510      	push	{r4, lr}
  40087e:	9c02      	ldr	r4, [sp, #8]
	p_pio->PIO_IDR = ul_mask;
  400880:	6441      	str	r1, [r0, #68]	; 0x44
	if (ul_pull_up_enable) {
  400882:	b13c      	cbz	r4, 400894 <pio_set_output+0x18>
		p_pio->PIO_PUER = ul_mask;
  400884:	6641      	str	r1, [r0, #100]	; 0x64
	if (ul_multidrive_enable) {
  400886:	b13b      	cbz	r3, 400898 <pio_set_output+0x1c>
		p_pio->PIO_MDER = ul_mask;
  400888:	6501      	str	r1, [r0, #80]	; 0x50
	if (ul_default_level) {
  40088a:	b13a      	cbz	r2, 40089c <pio_set_output+0x20>
		p_pio->PIO_SODR = ul_mask;
  40088c:	6301      	str	r1, [r0, #48]	; 0x30
	p_pio->PIO_OER = ul_mask;
  40088e:	6101      	str	r1, [r0, #16]
	p_pio->PIO_PER = ul_mask;
  400890:	6001      	str	r1, [r0, #0]
}
  400892:	bd10      	pop	{r4, pc}
		p_pio->PIO_PUDR = ul_mask;
  400894:	6601      	str	r1, [r0, #96]	; 0x60
  400896:	e7f6      	b.n	400886 <pio_set_output+0xa>
		p_pio->PIO_MDDR = ul_mask;
  400898:	6541      	str	r1, [r0, #84]	; 0x54
  40089a:	e7f6      	b.n	40088a <pio_set_output+0xe>
		p_pio->PIO_CODR = ul_mask;
  40089c:	6341      	str	r1, [r0, #52]	; 0x34
  40089e:	e7f6      	b.n	40088e <pio_set_output+0x12>

004008a0 <pio_set_pin_high>:
		p_pio = PIOC;
	} else {
		p_pio = (Pio *)((uint32_t)PIOA + (PIO_DELTA * (ul_pin >> 5)));
	}
#else
	p_pio = (Pio *)((uint32_t)PIOA + (PIO_DELTA * (ul_pin >> 5)));
  4008a0:	0943      	lsrs	r3, r0, #5
  4008a2:	f503 1300 	add.w	r3, r3, #2097152	; 0x200000
  4008a6:	f203 7307 	addw	r3, r3, #1799	; 0x707
  4008aa:	025b      	lsls	r3, r3, #9
	p_pio->PIO_SODR = 1 << (ul_pin & 0x1F);
  4008ac:	f000 001f 	and.w	r0, r0, #31
  4008b0:	2201      	movs	r2, #1
  4008b2:	fa02 f000 	lsl.w	r0, r2, r0
  4008b6:	6318      	str	r0, [r3, #48]	; 0x30
}
  4008b8:	4770      	bx	lr

004008ba <pio_set_pin_low>:
	p_pio = (Pio *)((uint32_t)PIOA + (PIO_DELTA * (ul_pin >> 5)));
  4008ba:	0943      	lsrs	r3, r0, #5
  4008bc:	f503 1300 	add.w	r3, r3, #2097152	; 0x200000
  4008c0:	f203 7307 	addw	r3, r3, #1799	; 0x707
  4008c4:	025b      	lsls	r3, r3, #9
	p_pio->PIO_CODR = 1 << (ul_pin & 0x1F);
  4008c6:	f000 001f 	and.w	r0, r0, #31
  4008ca:	2201      	movs	r2, #1
  4008cc:	fa02 f000 	lsl.w	r0, r2, r0
  4008d0:	6358      	str	r0, [r3, #52]	; 0x34
}
  4008d2:	4770      	bx	lr

004008d4 <pio_configure_pin>:
{
  4008d4:	b573      	push	{r0, r1, r4, r5, r6, lr}
  4008d6:	4604      	mov	r4, r0
	p_pio = (Pio *)((uint32_t)PIOA + (PIO_DELTA * (ul_pin >> 5)));
  4008d8:	0940      	lsrs	r0, r0, #5
{
  4008da:	460d      	mov	r5, r1
	p_pio = (Pio *)((uint32_t)PIOA + (PIO_DELTA * (ul_pin >> 5)));
  4008dc:	f500 1000 	add.w	r0, r0, #2097152	; 0x200000
	switch (ul_flags & PIO_TYPE_Msk) {
  4008e0:	f001 41f0 	and.w	r1, r1, #2013265920	; 0x78000000
	p_pio = (Pio *)((uint32_t)PIOA + (PIO_DELTA * (ul_pin >> 5)));
  4008e4:	f200 7007 	addw	r0, r0, #1799	; 0x707
	switch (ul_flags & PIO_TYPE_Msk) {
  4008e8:	f1b1 5f00 	cmp.w	r1, #536870912	; 0x20000000
	p_pio = (Pio *)((uint32_t)PIOA + (PIO_DELTA * (ul_pin >> 5)));
  4008ec:	ea4f 2040 	mov.w	r0, r0, lsl #9
	switch (ul_flags & PIO_TYPE_Msk) {
  4008f0:	d01e      	beq.n	400930 <pio_configure_pin+0x5c>
  4008f2:	d80c      	bhi.n	40090e <pio_configure_pin+0x3a>
  4008f4:	f1b1 5f80 	cmp.w	r1, #268435456	; 0x10000000
  4008f8:	d01a      	beq.n	400930 <pio_configure_pin+0x5c>
  4008fa:	f1b1 5fc0 	cmp.w	r1, #402653184	; 0x18000000
  4008fe:	d017      	beq.n	400930 <pio_configure_pin+0x5c>
  400900:	f1b1 6f00 	cmp.w	r1, #134217728	; 0x8000000
  400904:	d014      	beq.n	400930 <pio_configure_pin+0x5c>
  400906:	2600      	movs	r6, #0
}
  400908:	4630      	mov	r0, r6
  40090a:	b002      	add	sp, #8
  40090c:	bd70      	pop	{r4, r5, r6, pc}
	switch (ul_flags & PIO_TYPE_Msk) {
  40090e:	f005 43e0 	and.w	r3, r5, #1879048192	; 0x70000000
  400912:	f1b3 5f40 	cmp.w	r3, #805306368	; 0x30000000
  400916:	d019      	beq.n	40094c <pio_configure_pin+0x78>
  400918:	f1b1 5f20 	cmp.w	r1, #671088640	; 0x28000000
  40091c:	d1f3      	bne.n	400906 <pio_configure_pin+0x32>
		pio_set_input(p_pio, (1 << (ul_pin & 0x1F)), ul_flags);
  40091e:	f004 041f 	and.w	r4, r4, #31
  400922:	2601      	movs	r6, #1
  400924:	4b13      	ldr	r3, [pc, #76]	; (400974 <pio_configure_pin+0xa0>)
  400926:	462a      	mov	r2, r5
  400928:	fa06 f104 	lsl.w	r1, r6, r4
  40092c:	4798      	blx	r3
		break;
  40092e:	e7eb      	b.n	400908 <pio_configure_pin+0x34>
		pio_set_peripheral(p_pio, PIO_PERIPH_D, (1 << (ul_pin & 0x1F)));
  400930:	f004 021f 	and.w	r2, r4, #31
  400934:	2401      	movs	r4, #1
  400936:	fa04 f202 	lsl.w	r2, r4, r2
  40093a:	4b0f      	ldr	r3, [pc, #60]	; (400978 <pio_configure_pin+0xa4>)
  40093c:	4798      	blx	r3
	if (ul_pull_up_enable) {
  40093e:	ea15 0604 	ands.w	r6, r5, r4
		p_pio->PIO_PUER = ul_mask;
  400942:	bf12      	itee	ne
  400944:	6642      	strne	r2, [r0, #100]	; 0x64
		p_pio->PIO_PUDR = ul_mask;
  400946:	6602      	streq	r2, [r0, #96]	; 0x60
	return 1;
  400948:	4626      	moveq	r6, r4
  40094a:	e7dd      	b.n	400908 <pio_configure_pin+0x34>
				((ul_flags & PIO_TYPE_PIO_OUTPUT_1)
  40094c:	f005 5260 	and.w	r2, r5, #939524096	; 0x38000000
		pio_set_output(p_pio, (1 << (ul_pin & 0x1F)),
  400950:	2601      	movs	r6, #1
  400952:	f102 4148 	add.w	r1, r2, #3355443200	; 0xc8000000
  400956:	ea05 0306 	and.w	r3, r5, r6
  40095a:	424a      	negs	r2, r1
  40095c:	f004 041f 	and.w	r4, r4, #31
  400960:	9300      	str	r3, [sp, #0]
  400962:	414a      	adcs	r2, r1
  400964:	f3c5 0380 	ubfx	r3, r5, #2, #1
  400968:	fa06 f104 	lsl.w	r1, r6, r4
  40096c:	4c03      	ldr	r4, [pc, #12]	; (40097c <pio_configure_pin+0xa8>)
  40096e:	47a0      	blx	r4
		break;
  400970:	e7ca      	b.n	400908 <pio_configure_pin+0x34>
  400972:	bf00      	nop
  400974:	00400851 	.word	0x00400851
  400978:	004007e3 	.word	0x004007e3
  40097c:	0040087d 	.word	0x0040087d

00400980 <SystemCoreClockUpdate>:

/**
 * \brief Get Core Clock Frequency.
 */
void SystemCoreClockUpdate( void )
{
  400980:	b510      	push	{r4, lr}
	/* Determine clock frequency according to clock register values */
	switch ( PMC->PMC_MCKR & (uint32_t) PMC_MCKR_CSS_Msk ) {
  400982:	4a2c      	ldr	r2, [pc, #176]	; (400a34 <SystemCoreClockUpdate+0xb4>)
  400984:	4b2c      	ldr	r3, [pc, #176]	; (400a38 <SystemCoreClockUpdate+0xb8>)
  400986:	6b11      	ldr	r1, [r2, #48]	; 0x30
  400988:	f001 0103 	and.w	r1, r1, #3
  40098c:	2901      	cmp	r1, #1
  40098e:	d02a      	beq.n	4009e6 <SystemCoreClockUpdate+0x66>
  400990:	3902      	subs	r1, #2
  400992:	2901      	cmp	r1, #1
  400994:	d81d      	bhi.n	4009d2 <SystemCoreClockUpdate+0x52>
		}
		break;
		
	case PMC_MCKR_CSS_PLLA_CLK:	/* PLLA clock */
	case PMC_MCKR_CSS_PLLB_CLK:	/* PLLB clock */
			if ( PMC->CKGR_MOR & CKGR_MOR_MOSCSEL ) {
  400996:	6a11      	ldr	r1, [r2, #32]
  400998:	01cc      	lsls	r4, r1, #7
  40099a:	d448      	bmi.n	400a2e <SystemCoreClockUpdate+0xae>
				SystemCoreClock = CHIP_FREQ_XTAL;
			} else {
				SystemCoreClock = CHIP_FREQ_MAINCK_RC_4MHZ;
  40099c:	4927      	ldr	r1, [pc, #156]	; (400a3c <SystemCoreClockUpdate+0xbc>)
  40099e:	6019      	str	r1, [r3, #0]
				
				switch ( PMC->CKGR_MOR & CKGR_MOR_MOSCRCF_Msk ) {
  4009a0:	6a11      	ldr	r1, [r2, #32]
  4009a2:	f001 0170 	and.w	r1, r1, #112	; 0x70
  4009a6:	2910      	cmp	r1, #16
  4009a8:	d03e      	beq.n	400a28 <SystemCoreClockUpdate+0xa8>
  4009aa:	2920      	cmp	r1, #32
  4009ac:	d03f      	beq.n	400a2e <SystemCoreClockUpdate+0xae>
				default:
					break;
				}
			}
			
			if ( (uint32_t)(PMC->PMC_MCKR & (uint32_t) PMC_MCKR_CSS_Msk) ==
  4009ae:	6b10      	ldr	r0, [r2, #48]	; 0x30
					PMC_MCKR_CSS_PLLA_CLK ) {
				SystemCoreClock *= ((((PMC->CKGR_PLLAR) & CKGR_PLLAR_MULA_Msk)
  4009b0:	6819      	ldr	r1, [r3, #0]
			if ( (uint32_t)(PMC->PMC_MCKR & (uint32_t) PMC_MCKR_CSS_Msk) ==
  4009b2:	f000 0003 	and.w	r0, r0, #3
  4009b6:	2802      	cmp	r0, #2
				SystemCoreClock *= ((((PMC->CKGR_PLLAR) & CKGR_PLLAR_MULA_Msk)
  4009b8:	bf0b      	itete	eq
  4009ba:	6a94      	ldreq	r4, [r2, #40]	; 0x28
						>> CKGR_PLLAR_MULA_Pos) + 1U);
				SystemCoreClock /= ((((PMC->CKGR_PLLAR) & CKGR_PLLAR_DIVA_Msk)
						>> CKGR_PLLAR_DIVA_Pos));
			} else {
				SystemCoreClock *= ((((PMC->CKGR_PLLBR) & CKGR_PLLBR_MULB_Msk)
  4009bc:	6ad4      	ldrne	r4, [r2, #44]	; 0x2c
				SystemCoreClock /= ((((PMC->CKGR_PLLAR) & CKGR_PLLAR_DIVA_Msk)
  4009be:	6a90      	ldreq	r0, [r2, #40]	; 0x28
						>> CKGR_PLLBR_MULB_Pos) + 1U);
				SystemCoreClock /= ((((PMC->CKGR_PLLBR) & CKGR_PLLBR_DIVB_Msk)
  4009c0:	6ad0      	ldrne	r0, [r2, #44]	; 0x2c
						>> CKGR_PLLBR_MULB_Pos) + 1U);
  4009c2:	f3c4 440a 	ubfx	r4, r4, #16, #11
				SystemCoreClock *= ((((PMC->CKGR_PLLBR) & CKGR_PLLBR_MULB_Msk)
  4009c6:	fb04 1101 	mla	r1, r4, r1, r1
						>> CKGR_PLLBR_DIVB_Pos));
  4009ca:	b2c0      	uxtb	r0, r0
				SystemCoreClock /= ((((PMC->CKGR_PLLBR) & CKGR_PLLBR_DIVB_Msk)
  4009cc:	fbb1 f1f0 	udiv	r1, r1, r0
  4009d0:	e007      	b.n	4009e2 <SystemCoreClockUpdate+0x62>
			if ( SUPC->SUPC_SR & SUPC_SR_OSCSEL ) {
  4009d2:	491b      	ldr	r1, [pc, #108]	; (400a40 <SystemCoreClockUpdate+0xc0>)
  4009d4:	6a49      	ldr	r1, [r1, #36]	; 0x24
  4009d6:	0608      	lsls	r0, r1, #24
				SystemCoreClock = CHIP_FREQ_XTAL_32K;
  4009d8:	bf4c      	ite	mi
  4009da:	f44f 4100 	movmi.w	r1, #32768	; 0x8000
				SystemCoreClock = CHIP_FREQ_SLCK_RC;
  4009de:	f44f 41fa 	movpl.w	r1, #32000	; 0x7d00
				SystemCoreClock /= ((((PMC->CKGR_PLLBR) & CKGR_PLLBR_DIVB_Msk)
  4009e2:	6019      	str	r1, [r3, #0]
  4009e4:	e00d      	b.n	400a02 <SystemCoreClockUpdate+0x82>
		if ( PMC->CKGR_MOR & CKGR_MOR_MOSCSEL ) {
  4009e6:	6a11      	ldr	r1, [r2, #32]
  4009e8:	01c9      	lsls	r1, r1, #7
  4009ea:	d501      	bpl.n	4009f0 <SystemCoreClockUpdate+0x70>
				SystemCoreClock = CHIP_FREQ_MAINCK_RC_12MHZ;
  4009ec:	4915      	ldr	r1, [pc, #84]	; (400a44 <SystemCoreClockUpdate+0xc4>)
  4009ee:	e7f8      	b.n	4009e2 <SystemCoreClockUpdate+0x62>
			SystemCoreClock = CHIP_FREQ_MAINCK_RC_4MHZ;
  4009f0:	4912      	ldr	r1, [pc, #72]	; (400a3c <SystemCoreClockUpdate+0xbc>)
  4009f2:	6019      	str	r1, [r3, #0]
			switch ( PMC->CKGR_MOR & CKGR_MOR_MOSCRCF_Msk ) {
  4009f4:	6a11      	ldr	r1, [r2, #32]
  4009f6:	f001 0170 	and.w	r1, r1, #112	; 0x70
  4009fa:	2910      	cmp	r1, #16
  4009fc:	d012      	beq.n	400a24 <SystemCoreClockUpdate+0xa4>
  4009fe:	2920      	cmp	r1, #32
  400a00:	d0f4      	beq.n	4009ec <SystemCoreClockUpdate+0x6c>
		
	default:
		break;
	}

	if ( (PMC->PMC_MCKR & PMC_MCKR_PRES_Msk) == PMC_MCKR_PRES_CLK_3 ) {
  400a02:	6b10      	ldr	r0, [r2, #48]	; 0x30
		SystemCoreClock /= 3U;
  400a04:	6819      	ldr	r1, [r3, #0]
	if ( (PMC->PMC_MCKR & PMC_MCKR_PRES_Msk) == PMC_MCKR_PRES_CLK_3 ) {
  400a06:	f000 0070 	and.w	r0, r0, #112	; 0x70
  400a0a:	2870      	cmp	r0, #112	; 0x70
	} else {
		SystemCoreClock >>=
			((PMC->PMC_MCKR & PMC_MCKR_PRES_Msk) >> PMC_MCKR_PRES_Pos);
  400a0c:	bf1b      	ittet	ne
  400a0e:	6b12      	ldrne	r2, [r2, #48]	; 0x30
  400a10:	f3c2 1202 	ubfxne	r2, r2, #4, #3
		SystemCoreClock /= 3U;
  400a14:	2203      	moveq	r2, #3
		SystemCoreClock >>=
  400a16:	fa21 f202 	lsrne.w	r2, r1, r2
		SystemCoreClock /= 3U;
  400a1a:	bf08      	it	eq
  400a1c:	fbb1 f2f2 	udiveq	r2, r1, r2
		SystemCoreClock >>=
  400a20:	601a      	str	r2, [r3, #0]
	}
}
  400a22:	bd10      	pop	{r4, pc}
				SystemCoreClock = CHIP_FREQ_MAINCK_RC_8MHZ;
  400a24:	4908      	ldr	r1, [pc, #32]	; (400a48 <SystemCoreClockUpdate+0xc8>)
  400a26:	e7dc      	b.n	4009e2 <SystemCoreClockUpdate+0x62>
					SystemCoreClock = CHIP_FREQ_MAINCK_RC_8MHZ;
  400a28:	4907      	ldr	r1, [pc, #28]	; (400a48 <SystemCoreClockUpdate+0xc8>)
					SystemCoreClock = CHIP_FREQ_MAINCK_RC_12MHZ;
  400a2a:	6019      	str	r1, [r3, #0]
					break;
  400a2c:	e7bf      	b.n	4009ae <SystemCoreClockUpdate+0x2e>
					SystemCoreClock = CHIP_FREQ_MAINCK_RC_12MHZ;
  400a2e:	4905      	ldr	r1, [pc, #20]	; (400a44 <SystemCoreClockUpdate+0xc4>)
  400a30:	e7fb      	b.n	400a2a <SystemCoreClockUpdate+0xaa>
  400a32:	bf00      	nop
  400a34:	400e0400 	.word	0x400e0400
  400a38:	20000000 	.word	0x20000000
  400a3c:	003d0900 	.word	0x003d0900
  400a40:	400e1400 	.word	0x400e1400
  400a44:	00b71b00 	.word	0x00b71b00
  400a48:	007a1200 	.word	0x007a1200

00400a4c <system_init_flash>:
 */
void system_init_flash( uint32_t ul_clk )
{
  /* Set FWS for embedded Flash access according to operating frequency */
#if !defined(ID_EFC1)
	if ( ul_clk < CHIP_FREQ_FWS_0 ) {
  400a4c:	4b0e      	ldr	r3, [pc, #56]	; (400a88 <system_init_flash+0x3c>)
  400a4e:	4298      	cmp	r0, r3
  400a50:	4b0e      	ldr	r3, [pc, #56]	; (400a8c <system_init_flash+0x40>)
  400a52:	d803      	bhi.n	400a5c <system_init_flash+0x10>
		EFC0->EEFC_FMR = EEFC_FMR_FWS(0)|EEFC_FMR_CLOE;
  400a54:	f04f 6280 	mov.w	r2, #67108864	; 0x4000000
					EFC0->EEFC_FMR = EEFC_FMR_FWS(3)|EEFC_FMR_CLOE;
				} else {
					if ( ul_clk < CHIP_FREQ_FWS_4 ) {
					EFC0->EEFC_FMR = EEFC_FMR_FWS(4)|EEFC_FMR_CLOE;
					} else {
					EFC0->EEFC_FMR = EEFC_FMR_FWS(5)|EEFC_FMR_CLOE;
  400a58:	601a      	str	r2, [r3, #0]
				}
			}
		}
	}
#endif
}
  400a5a:	4770      	bx	lr
		if ( ul_clk < CHIP_FREQ_FWS_1 ) {
  400a5c:	4a0c      	ldr	r2, [pc, #48]	; (400a90 <system_init_flash+0x44>)
  400a5e:	4290      	cmp	r0, r2
  400a60:	d201      	bcs.n	400a66 <system_init_flash+0x1a>
			EFC0->EEFC_FMR = EEFC_FMR_FWS(1)|EEFC_FMR_CLOE;
  400a62:	4a0c      	ldr	r2, [pc, #48]	; (400a94 <system_init_flash+0x48>)
  400a64:	e7f8      	b.n	400a58 <system_init_flash+0xc>
			if ( ul_clk < CHIP_FREQ_FWS_2 ) {
  400a66:	4a0c      	ldr	r2, [pc, #48]	; (400a98 <system_init_flash+0x4c>)
  400a68:	4290      	cmp	r0, r2
  400a6a:	d201      	bcs.n	400a70 <system_init_flash+0x24>
				EFC0->EEFC_FMR = EEFC_FMR_FWS(2)|EEFC_FMR_CLOE;
  400a6c:	4a0b      	ldr	r2, [pc, #44]	; (400a9c <system_init_flash+0x50>)
  400a6e:	e7f3      	b.n	400a58 <system_init_flash+0xc>
				if ( ul_clk < CHIP_FREQ_FWS_3 ) {
  400a70:	4a0b      	ldr	r2, [pc, #44]	; (400aa0 <system_init_flash+0x54>)
  400a72:	4290      	cmp	r0, r2
  400a74:	d801      	bhi.n	400a7a <system_init_flash+0x2e>
					EFC0->EEFC_FMR = EEFC_FMR_FWS(3)|EEFC_FMR_CLOE;
  400a76:	4a0b      	ldr	r2, [pc, #44]	; (400aa4 <system_init_flash+0x58>)
  400a78:	e7ee      	b.n	400a58 <system_init_flash+0xc>
					if ( ul_clk < CHIP_FREQ_FWS_4 ) {
  400a7a:	4a0b      	ldr	r2, [pc, #44]	; (400aa8 <system_init_flash+0x5c>)
  400a7c:	4290      	cmp	r0, r2
					EFC0->EEFC_FMR = EEFC_FMR_FWS(5)|EEFC_FMR_CLOE;
  400a7e:	bf8c      	ite	hi
  400a80:	4a0a      	ldrhi	r2, [pc, #40]	; (400aac <system_init_flash+0x60>)
					EFC0->EEFC_FMR = EEFC_FMR_FWS(4)|EEFC_FMR_CLOE;
  400a82:	f04f 2204 	movls.w	r2, #67109888	; 0x4000400
					EFC0->EEFC_FMR = EEFC_FMR_FWS(5)|EEFC_FMR_CLOE;
  400a86:	e7e7      	b.n	400a58 <system_init_flash+0xc>
  400a88:	01312cff 	.word	0x01312cff
  400a8c:	400e0a00 	.word	0x400e0a00
  400a90:	02625a00 	.word	0x02625a00
  400a94:	04000100 	.word	0x04000100
  400a98:	03938700 	.word	0x03938700
  400a9c:	04000200 	.word	0x04000200
  400aa0:	04c4b3ff 	.word	0x04c4b3ff
  400aa4:	04000300 	.word	0x04000300
  400aa8:	05f5e0ff 	.word	0x05f5e0ff
  400aac:	04000500 	.word	0x04000500

00400ab0 <pmc_switch_mck_to_sclk>:
 */
uint32_t pmc_switch_mck_to_sclk(uint32_t ul_pres)
{
	uint32_t ul_timeout;

	PMC->PMC_MCKR = (PMC->PMC_MCKR & (~PMC_MCKR_CSS_Msk)) |
  400ab0:	4b0e      	ldr	r3, [pc, #56]	; (400aec <pmc_switch_mck_to_sclk+0x3c>)
  400ab2:	6b1a      	ldr	r2, [r3, #48]	; 0x30
  400ab4:	f022 0203 	bic.w	r2, r2, #3
  400ab8:	631a      	str	r2, [r3, #48]	; 0x30
			PMC_MCKR_CSS_SLOW_CLK;
	for (ul_timeout = PMC_TIMEOUT; !(PMC->PMC_SR & PMC_SR_MCKRDY);
  400aba:	f640 0201 	movw	r2, #2049	; 0x801
  400abe:	6e99      	ldr	r1, [r3, #104]	; 0x68
  400ac0:	0709      	lsls	r1, r1, #28
  400ac2:	d50b      	bpl.n	400adc <pmc_switch_mck_to_sclk+0x2c>
		if (ul_timeout == 0) {
			return 1;
		}
	}

	PMC->PMC_MCKR = (PMC->PMC_MCKR & (~PMC_MCKR_PRES_Msk)) | ul_pres;
  400ac4:	6b1a      	ldr	r2, [r3, #48]	; 0x30
  400ac6:	f022 0270 	bic.w	r2, r2, #112	; 0x70
  400aca:	4310      	orrs	r0, r2
  400acc:	6318      	str	r0, [r3, #48]	; 0x30
	for (ul_timeout = PMC_TIMEOUT; !(PMC->PMC_SR & PMC_SR_MCKRDY);
  400ace:	f640 0201 	movw	r2, #2049	; 0x801
  400ad2:	6e99      	ldr	r1, [r3, #104]	; 0x68
  400ad4:	0709      	lsls	r1, r1, #28
  400ad6:	d505      	bpl.n	400ae4 <pmc_switch_mck_to_sclk+0x34>
		if (ul_timeout == 0) {
			return 1;
		}
	}

	return 0;
  400ad8:	2000      	movs	r0, #0
}
  400ada:	4770      	bx	lr
		if (ul_timeout == 0) {
  400adc:	3a01      	subs	r2, #1
  400ade:	d1ee      	bne.n	400abe <pmc_switch_mck_to_sclk+0xe>
			return 1;
  400ae0:	2001      	movs	r0, #1
  400ae2:	4770      	bx	lr
		if (ul_timeout == 0) {
  400ae4:	3a01      	subs	r2, #1
  400ae6:	d1f4      	bne.n	400ad2 <pmc_switch_mck_to_sclk+0x22>
  400ae8:	e7fa      	b.n	400ae0 <pmc_switch_mck_to_sclk+0x30>
  400aea:	bf00      	nop
  400aec:	400e0400 	.word	0x400e0400

00400af0 <pmc_switch_mck_to_mainck>:
 */
uint32_t pmc_switch_mck_to_mainck(uint32_t ul_pres)
{
	uint32_t ul_timeout;

	PMC->PMC_MCKR = (PMC->PMC_MCKR & (~PMC_MCKR_CSS_Msk)) |
  400af0:	4b0f      	ldr	r3, [pc, #60]	; (400b30 <pmc_switch_mck_to_mainck+0x40>)
  400af2:	6b1a      	ldr	r2, [r3, #48]	; 0x30
  400af4:	f022 0203 	bic.w	r2, r2, #3
  400af8:	f042 0201 	orr.w	r2, r2, #1
  400afc:	631a      	str	r2, [r3, #48]	; 0x30
			PMC_MCKR_CSS_MAIN_CLK;
	for (ul_timeout = PMC_TIMEOUT; !(PMC->PMC_SR & PMC_SR_MCKRDY);
  400afe:	f640 0201 	movw	r2, #2049	; 0x801
  400b02:	6e99      	ldr	r1, [r3, #104]	; 0x68
  400b04:	0709      	lsls	r1, r1, #28
  400b06:	d50b      	bpl.n	400b20 <pmc_switch_mck_to_mainck+0x30>
		if (ul_timeout == 0) {
			return 1;
		}
	}

	PMC->PMC_MCKR = (PMC->PMC_MCKR & (~PMC_MCKR_PRES_Msk)) | ul_pres;
  400b08:	6b1a      	ldr	r2, [r3, #48]	; 0x30
  400b0a:	f022 0270 	bic.w	r2, r2, #112	; 0x70
  400b0e:	4310      	orrs	r0, r2
  400b10:	6318      	str	r0, [r3, #48]	; 0x30
	for (ul_timeout = PMC_TIMEOUT; !(PMC->PMC_SR & PMC_SR_MCKRDY);
  400b12:	f640 0201 	movw	r2, #2049	; 0x801
  400b16:	6e99      	ldr	r1, [r3, #104]	; 0x68
  400b18:	0709      	lsls	r1, r1, #28
  400b1a:	d505      	bpl.n	400b28 <pmc_switch_mck_to_mainck+0x38>
		if (ul_timeout == 0) {
			return 1;
		}
	}

	return 0;
  400b1c:	2000      	movs	r0, #0
}
  400b1e:	4770      	bx	lr
		if (ul_timeout == 0) {
  400b20:	3a01      	subs	r2, #1
  400b22:	d1ee      	bne.n	400b02 <pmc_switch_mck_to_mainck+0x12>
			return 1;
  400b24:	2001      	movs	r0, #1
  400b26:	4770      	bx	lr
		if (ul_timeout == 0) {
  400b28:	3a01      	subs	r2, #1
  400b2a:	d1f4      	bne.n	400b16 <pmc_switch_mck_to_mainck+0x26>
  400b2c:	e7fa      	b.n	400b24 <pmc_switch_mck_to_mainck+0x34>
  400b2e:	bf00      	nop
  400b30:	400e0400 	.word	0x400e0400

00400b34 <pmc_switch_mainck_to_xtal>:
 */
void pmc_switch_mainck_to_xtal(uint32_t ul_bypass,
		uint32_t ul_xtal_startup_time)
{
	/* Enable Main Xtal oscillator */
	if (ul_bypass) {
  400b34:	4a0f      	ldr	r2, [pc, #60]	; (400b74 <pmc_switch_mainck_to_xtal+0x40>)
  400b36:	b130      	cbz	r0, 400b46 <pmc_switch_mainck_to_xtal+0x12>
		PMC->CKGR_MOR = (PMC->CKGR_MOR & ~CKGR_MOR_MOSCXTEN) |
  400b38:	6a13      	ldr	r3, [r2, #32]
				CKGR_MOR_KEY_PASSWD | CKGR_MOR_MOSCXTBY |
  400b3a:	490f      	ldr	r1, [pc, #60]	; (400b78 <pmc_switch_mainck_to_xtal+0x44>)
  400b3c:	4019      	ands	r1, r3
  400b3e:	4b0f      	ldr	r3, [pc, #60]	; (400b7c <pmc_switch_mainck_to_xtal+0x48>)
  400b40:	430b      	orrs	r3, r1
				CKGR_MOR_KEY_PASSWD | CKGR_MOR_MOSCXTEN |
				CKGR_MOR_MOSCXTST(ul_xtal_startup_time);
		/* Wait the Xtal to stabilize */
		while (!(PMC->PMC_SR & PMC_SR_MOSCXTS));

		PMC->CKGR_MOR |= CKGR_MOR_KEY_PASSWD | CKGR_MOR_MOSCSEL;
  400b42:	6213      	str	r3, [r2, #32]
	}
}
  400b44:	4770      	bx	lr
		PMC->CKGR_MOR = (PMC->CKGR_MOR & ~CKGR_MOR_MOSCXTBY) |
  400b46:	6a10      	ldr	r0, [r2, #32]
				CKGR_MOR_MOSCXTST(ul_xtal_startup_time);
  400b48:	020b      	lsls	r3, r1, #8
				CKGR_MOR_KEY_PASSWD | CKGR_MOR_MOSCXTEN |
  400b4a:	f420 115c 	bic.w	r1, r0, #3604480	; 0x370000
				CKGR_MOR_MOSCXTST(ul_xtal_startup_time);
  400b4e:	b29b      	uxth	r3, r3
				CKGR_MOR_KEY_PASSWD | CKGR_MOR_MOSCXTEN |
  400b50:	f021 0103 	bic.w	r1, r1, #3
  400b54:	430b      	orrs	r3, r1
  400b56:	f443 135c 	orr.w	r3, r3, #3604480	; 0x370000
  400b5a:	f043 0301 	orr.w	r3, r3, #1
		PMC->CKGR_MOR = (PMC->CKGR_MOR & ~CKGR_MOR_MOSCXTBY) |
  400b5e:	6213      	str	r3, [r2, #32]
		while (!(PMC->PMC_SR & PMC_SR_MOSCXTS));
  400b60:	6e93      	ldr	r3, [r2, #104]	; 0x68
  400b62:	07db      	lsls	r3, r3, #31
  400b64:	d5fc      	bpl.n	400b60 <pmc_switch_mainck_to_xtal+0x2c>
		PMC->CKGR_MOR |= CKGR_MOR_KEY_PASSWD | CKGR_MOR_MOSCSEL;
  400b66:	6a13      	ldr	r3, [r2, #32]
  400b68:	f043 739b 	orr.w	r3, r3, #20316160	; 0x1360000
  400b6c:	f443 3380 	orr.w	r3, r3, #65536	; 0x10000
  400b70:	e7e7      	b.n	400b42 <pmc_switch_mainck_to_xtal+0xe>
  400b72:	bf00      	nop
  400b74:	400e0400 	.word	0x400e0400
  400b78:	fec8fffc 	.word	0xfec8fffc
  400b7c:	01370002 	.word	0x01370002

00400b80 <pmc_osc_is_ready_mainck>:
 * \retval 1 Xtal is ready.
 * \retval 0 Xtal is not ready.
 */
uint32_t pmc_osc_is_ready_mainck(void)
{
	return PMC->PMC_SR & PMC_SR_MOSCSELS;
  400b80:	4b02      	ldr	r3, [pc, #8]	; (400b8c <pmc_osc_is_ready_mainck+0xc>)
  400b82:	6e98      	ldr	r0, [r3, #104]	; 0x68
}
  400b84:	f400 3080 	and.w	r0, r0, #65536	; 0x10000
  400b88:	4770      	bx	lr
  400b8a:	bf00      	nop
  400b8c:	400e0400 	.word	0x400e0400

00400b90 <pmc_enable_periph_clk>:
	PMC->PMC_PCR = ul_id & 0x7F;
	pcr = PMC->PMC_PCR | PMC_PCR_EN | PMC_PCR_CMD;
	PMC->PMC_PCR = pcr;
	return 0;
#else
	if (ul_id > MAX_PERIPH_ID) {
  400b90:	2822      	cmp	r0, #34	; 0x22
  400b92:	d818      	bhi.n	400bc6 <pmc_enable_periph_clk+0x36>
		return 1;
	}

	if (ul_id < 32) {
  400b94:	281f      	cmp	r0, #31
  400b96:	4a0d      	ldr	r2, [pc, #52]	; (400bcc <pmc_enable_periph_clk+0x3c>)
  400b98:	f04f 0301 	mov.w	r3, #1
  400b9c:	d808      	bhi.n	400bb0 <pmc_enable_periph_clk+0x20>
		if ((PMC->PMC_PCSR0 & (1u << ul_id)) != (1u << ul_id)) {
  400b9e:	6991      	ldr	r1, [r2, #24]
  400ba0:	fa03 f000 	lsl.w	r0, r3, r0
  400ba4:	ea30 0301 	bics.w	r3, r0, r1
  400ba8:	d000      	beq.n	400bac <pmc_enable_periph_clk+0x1c>
			PMC->PMC_PCER0 = 1 << ul_id;
  400baa:	6110      	str	r0, [r2, #16]
			PMC->PMC_PCER1 = 1 << ul_id;
		}
#endif
	}

	return 0;
  400bac:	2000      	movs	r0, #0
#endif /* defined(REG_PMC_PCR) && !SAMG55 */
}
  400bae:	4770      	bx	lr
		if ((PMC->PMC_PCSR1 & (1u << ul_id)) != (1u << ul_id)) {
  400bb0:	f8d2 1108 	ldr.w	r1, [r2, #264]	; 0x108
		ul_id -= 32;
  400bb4:	3820      	subs	r0, #32
		if ((PMC->PMC_PCSR1 & (1u << ul_id)) != (1u << ul_id)) {
  400bb6:	fa03 f000 	lsl.w	r0, r3, r0
  400bba:	ea30 0301 	bics.w	r3, r0, r1
  400bbe:	d0f5      	beq.n	400bac <pmc_enable_periph_clk+0x1c>
			PMC->PMC_PCER1 = 1 << ul_id;
  400bc0:	f8c2 0100 	str.w	r0, [r2, #256]	; 0x100
  400bc4:	e7f2      	b.n	400bac <pmc_enable_periph_clk+0x1c>
		return 1;
  400bc6:	2001      	movs	r0, #1
  400bc8:	4770      	bx	lr
  400bca:	bf00      	nop
  400bcc:	400e0400 	.word	0x400e0400

00400bd0 <pmc_set_writeprotect>:
 *
 * \param ul_enable 1 to enable, 0 to disable.
 */
void pmc_set_writeprotect(uint32_t ul_enable)
{
	if (ul_enable) {
  400bd0:	4b03      	ldr	r3, [pc, #12]	; (400be0 <pmc_set_writeprotect+0x10>)
  400bd2:	b118      	cbz	r0, 400bdc <pmc_set_writeprotect+0xc>
		PMC->PMC_WPMR = PMC_WPMR_WPKEY_PASSWD | PMC_WPMR_WPEN;
  400bd4:	4a03      	ldr	r2, [pc, #12]	; (400be4 <pmc_set_writeprotect+0x14>)
	} else {
		PMC->PMC_WPMR = PMC_WPMR_WPKEY_PASSWD;
  400bd6:	f8c3 20e4 	str.w	r2, [r3, #228]	; 0xe4
	}
}
  400bda:	4770      	bx	lr
		PMC->PMC_WPMR = PMC_WPMR_WPKEY_PASSWD;
  400bdc:	4a02      	ldr	r2, [pc, #8]	; (400be8 <pmc_set_writeprotect+0x18>)
  400bde:	e7fa      	b.n	400bd6 <pmc_set_writeprotect+0x6>
  400be0:	400e0400 	.word	0x400e0400
  400be4:	504d4301 	.word	0x504d4301
  400be8:	504d4300 	.word	0x504d4300

00400bec <round>:
  400bec:	b538      	push	{r3, r4, r5, lr}
  400bee:	f3c1 550a 	ubfx	r5, r1, #20, #11
  400bf2:	f2a5 32ff 	subw	r2, r5, #1023	; 0x3ff
  400bf6:	2a13      	cmp	r2, #19
  400bf8:	460b      	mov	r3, r1
  400bfa:	4684      	mov	ip, r0
  400bfc:	468e      	mov	lr, r1
  400bfe:	4604      	mov	r4, r0
  400c00:	dc1e      	bgt.n	400c40 <round+0x54>
  400c02:	2a00      	cmp	r2, #0
  400c04:	db0e      	blt.n	400c24 <round+0x38>
  400c06:	491d      	ldr	r1, [pc, #116]	; (400c7c <round+0x90>)
  400c08:	4111      	asrs	r1, r2
  400c0a:	ea03 0001 	and.w	r0, r3, r1
  400c0e:	4320      	orrs	r0, r4
  400c10:	d013      	beq.n	400c3a <round+0x4e>
  400c12:	f44f 2300 	mov.w	r3, #524288	; 0x80000
  400c16:	fa43 f202 	asr.w	r2, r3, r2
  400c1a:	4496      	add	lr, r2
  400c1c:	ea2e 0e01 	bic.w	lr, lr, r1
  400c20:	2400      	movs	r4, #0
  400c22:	e008      	b.n	400c36 <round+0x4a>
  400c24:	f001 4e00 	and.w	lr, r1, #2147483648	; 0x80000000
  400c28:	3201      	adds	r2, #1
  400c2a:	bf04      	itt	eq
  400c2c:	f04e 5e7f 	orreq.w	lr, lr, #1069547520	; 0x3fc00000
  400c30:	f44e 1e40 	orreq.w	lr, lr, #3145728	; 0x300000
  400c34:	2400      	movs	r4, #0
  400c36:	4673      	mov	r3, lr
  400c38:	46a4      	mov	ip, r4
  400c3a:	4660      	mov	r0, ip
  400c3c:	4619      	mov	r1, r3
  400c3e:	bd38      	pop	{r3, r4, r5, pc}
  400c40:	2a33      	cmp	r2, #51	; 0x33
  400c42:	dd08      	ble.n	400c56 <round+0x6a>
  400c44:	f5b2 6f80 	cmp.w	r2, #1024	; 0x400
  400c48:	d1f7      	bne.n	400c3a <round+0x4e>
  400c4a:	4602      	mov	r2, r0
  400c4c:	f001 fa7c 	bl	402148 <__adddf3>
  400c50:	4684      	mov	ip, r0
  400c52:	460b      	mov	r3, r1
  400c54:	e7f1      	b.n	400c3a <round+0x4e>
  400c56:	f2a5 4513 	subw	r5, r5, #1043	; 0x413
  400c5a:	f04f 31ff 	mov.w	r1, #4294967295	; 0xffffffff
  400c5e:	fa21 f505 	lsr.w	r5, r1, r5
  400c62:	4228      	tst	r0, r5
  400c64:	d0e9      	beq.n	400c3a <round+0x4e>
  400c66:	2301      	movs	r3, #1
  400c68:	f1c2 0233 	rsb	r2, r2, #51	; 0x33
  400c6c:	fa03 f202 	lsl.w	r2, r3, r2
  400c70:	1884      	adds	r4, r0, r2
  400c72:	bf28      	it	cs
  400c74:	449e      	addcs	lr, r3
  400c76:	ea24 0405 	bic.w	r4, r4, r5
  400c7a:	e7dc      	b.n	400c36 <round+0x4a>
  400c7c:	000fffff 	.word	0x000fffff

00400c80 <log>:
  400c80:	b5f8      	push	{r3, r4, r5, r6, r7, lr}
  400c82:	4604      	mov	r4, r0
  400c84:	460d      	mov	r5, r1
  400c86:	f000 f8f7 	bl	400e78 <__ieee754_log>
  400c8a:	4b17      	ldr	r3, [pc, #92]	; (400ce8 <log+0x68>)
  400c8c:	f993 3000 	ldrsb.w	r3, [r3]
  400c90:	3301      	adds	r3, #1
  400c92:	4606      	mov	r6, r0
  400c94:	460f      	mov	r7, r1
  400c96:	d01a      	beq.n	400cce <log+0x4e>
  400c98:	4622      	mov	r2, r4
  400c9a:	462b      	mov	r3, r5
  400c9c:	4620      	mov	r0, r4
  400c9e:	4629      	mov	r1, r5
  400ca0:	f001 fea2 	bl	4029e8 <__aeabi_dcmpun>
  400ca4:	b998      	cbnz	r0, 400cce <log+0x4e>
  400ca6:	2200      	movs	r2, #0
  400ca8:	2300      	movs	r3, #0
  400caa:	4620      	mov	r0, r4
  400cac:	4629      	mov	r1, r5
  400cae:	f001 fe91 	bl	4029d4 <__aeabi_dcmpgt>
  400cb2:	b960      	cbnz	r0, 400cce <log+0x4e>
  400cb4:	2200      	movs	r2, #0
  400cb6:	2300      	movs	r3, #0
  400cb8:	4620      	mov	r0, r4
  400cba:	4629      	mov	r1, r5
  400cbc:	f001 fe62 	bl	402984 <__aeabi_dcmpeq>
  400cc0:	b140      	cbz	r0, 400cd4 <log+0x54>
  400cc2:	f002 fb4d 	bl	403360 <__errno>
  400cc6:	4f09      	ldr	r7, [pc, #36]	; (400cec <log+0x6c>)
  400cc8:	2322      	movs	r3, #34	; 0x22
  400cca:	6003      	str	r3, [r0, #0]
  400ccc:	2600      	movs	r6, #0
  400cce:	4630      	mov	r0, r6
  400cd0:	4639      	mov	r1, r7
  400cd2:	bdf8      	pop	{r3, r4, r5, r6, r7, pc}
  400cd4:	f002 fb44 	bl	403360 <__errno>
  400cd8:	4603      	mov	r3, r0
  400cda:	2221      	movs	r2, #33	; 0x21
  400cdc:	601a      	str	r2, [r3, #0]
  400cde:	4804      	ldr	r0, [pc, #16]	; (400cf0 <log+0x70>)
  400ce0:	e8bd 40f8 	ldmia.w	sp!, {r3, r4, r5, r6, r7, lr}
  400ce4:	f001 b90c 	b.w	401f00 <nan>
  400ce8:	20000004 	.word	0x20000004
  400cec:	fff00000 	.word	0xfff00000
  400cf0:	00404214 	.word	0x00404214

00400cf4 <pow>:
  400cf4:	e92d 43f8 	stmdb	sp!, {r3, r4, r5, r6, r7, r8, r9, lr}
  400cf8:	461d      	mov	r5, r3
  400cfa:	4606      	mov	r6, r0
  400cfc:	460f      	mov	r7, r1
  400cfe:	4614      	mov	r4, r2
  400d00:	f000 faba 	bl	401278 <__ieee754_pow>
  400d04:	4b57      	ldr	r3, [pc, #348]	; (400e64 <pow+0x170>)
  400d06:	f993 3000 	ldrsb.w	r3, [r3]
  400d0a:	3301      	adds	r3, #1
  400d0c:	4680      	mov	r8, r0
  400d0e:	4689      	mov	r9, r1
  400d10:	d02a      	beq.n	400d68 <pow+0x74>
  400d12:	4622      	mov	r2, r4
  400d14:	462b      	mov	r3, r5
  400d16:	4620      	mov	r0, r4
  400d18:	4629      	mov	r1, r5
  400d1a:	f001 fe65 	bl	4029e8 <__aeabi_dcmpun>
  400d1e:	bb18      	cbnz	r0, 400d68 <pow+0x74>
  400d20:	4632      	mov	r2, r6
  400d22:	463b      	mov	r3, r7
  400d24:	4630      	mov	r0, r6
  400d26:	4639      	mov	r1, r7
  400d28:	f001 fe5e 	bl	4029e8 <__aeabi_dcmpun>
  400d2c:	2800      	cmp	r0, #0
  400d2e:	d141      	bne.n	400db4 <pow+0xc0>
  400d30:	2200      	movs	r2, #0
  400d32:	2300      	movs	r3, #0
  400d34:	4630      	mov	r0, r6
  400d36:	4639      	mov	r1, r7
  400d38:	f001 fe24 	bl	402984 <__aeabi_dcmpeq>
  400d3c:	b1c0      	cbz	r0, 400d70 <pow+0x7c>
  400d3e:	2200      	movs	r2, #0
  400d40:	2300      	movs	r3, #0
  400d42:	4620      	mov	r0, r4
  400d44:	4629      	mov	r1, r5
  400d46:	f001 fe1d 	bl	402984 <__aeabi_dcmpeq>
  400d4a:	2800      	cmp	r0, #0
  400d4c:	d13a      	bne.n	400dc4 <pow+0xd0>
  400d4e:	4620      	mov	r0, r4
  400d50:	4629      	mov	r1, r5
  400d52:	f001 f8cf 	bl	401ef4 <finite>
  400d56:	b138      	cbz	r0, 400d68 <pow+0x74>
  400d58:	4620      	mov	r0, r4
  400d5a:	4629      	mov	r1, r5
  400d5c:	2200      	movs	r2, #0
  400d5e:	2300      	movs	r3, #0
  400d60:	f001 fe1a 	bl	402998 <__aeabi_dcmplt>
  400d64:	2800      	cmp	r0, #0
  400d66:	d159      	bne.n	400e1c <pow+0x128>
  400d68:	4640      	mov	r0, r8
  400d6a:	4649      	mov	r1, r9
  400d6c:	e8bd 83f8 	ldmia.w	sp!, {r3, r4, r5, r6, r7, r8, r9, pc}
  400d70:	4640      	mov	r0, r8
  400d72:	4649      	mov	r1, r9
  400d74:	f001 f8be 	bl	401ef4 <finite>
  400d78:	b360      	cbz	r0, 400dd4 <pow+0xe0>
  400d7a:	2200      	movs	r2, #0
  400d7c:	2300      	movs	r3, #0
  400d7e:	4640      	mov	r0, r8
  400d80:	4649      	mov	r1, r9
  400d82:	f001 fdff 	bl	402984 <__aeabi_dcmpeq>
  400d86:	2800      	cmp	r0, #0
  400d88:	d0ee      	beq.n	400d68 <pow+0x74>
  400d8a:	4630      	mov	r0, r6
  400d8c:	4639      	mov	r1, r7
  400d8e:	f001 f8b1 	bl	401ef4 <finite>
  400d92:	2800      	cmp	r0, #0
  400d94:	d0e8      	beq.n	400d68 <pow+0x74>
  400d96:	4620      	mov	r0, r4
  400d98:	4629      	mov	r1, r5
  400d9a:	f001 f8ab 	bl	401ef4 <finite>
  400d9e:	2800      	cmp	r0, #0
  400da0:	d0e2      	beq.n	400d68 <pow+0x74>
  400da2:	f002 fadd 	bl	403360 <__errno>
  400da6:	2322      	movs	r3, #34	; 0x22
  400da8:	6003      	str	r3, [r0, #0]
  400daa:	f04f 0800 	mov.w	r8, #0
  400dae:	f04f 0900 	mov.w	r9, #0
  400db2:	e7d9      	b.n	400d68 <pow+0x74>
  400db4:	4620      	mov	r0, r4
  400db6:	4629      	mov	r1, r5
  400db8:	2200      	movs	r2, #0
  400dba:	2300      	movs	r3, #0
  400dbc:	f001 fde2 	bl	402984 <__aeabi_dcmpeq>
  400dc0:	2800      	cmp	r0, #0
  400dc2:	d0d1      	beq.n	400d68 <pow+0x74>
  400dc4:	f8df 90a0 	ldr.w	r9, [pc, #160]	; 400e68 <pow+0x174>
  400dc8:	f04f 0800 	mov.w	r8, #0
  400dcc:	4640      	mov	r0, r8
  400dce:	4649      	mov	r1, r9
  400dd0:	e8bd 83f8 	ldmia.w	sp!, {r3, r4, r5, r6, r7, r8, r9, pc}
  400dd4:	4630      	mov	r0, r6
  400dd6:	4639      	mov	r1, r7
  400dd8:	f001 f88c 	bl	401ef4 <finite>
  400ddc:	2800      	cmp	r0, #0
  400dde:	d0cc      	beq.n	400d7a <pow+0x86>
  400de0:	4620      	mov	r0, r4
  400de2:	4629      	mov	r1, r5
  400de4:	f001 f886 	bl	401ef4 <finite>
  400de8:	2800      	cmp	r0, #0
  400dea:	d0c6      	beq.n	400d7a <pow+0x86>
  400dec:	4642      	mov	r2, r8
  400dee:	464b      	mov	r3, r9
  400df0:	4640      	mov	r0, r8
  400df2:	4649      	mov	r1, r9
  400df4:	f001 fdf8 	bl	4029e8 <__aeabi_dcmpun>
  400df8:	bb30      	cbnz	r0, 400e48 <pow+0x154>
  400dfa:	f002 fab1 	bl	403360 <__errno>
  400dfe:	4603      	mov	r3, r0
  400e00:	2222      	movs	r2, #34	; 0x22
  400e02:	601a      	str	r2, [r3, #0]
  400e04:	4630      	mov	r0, r6
  400e06:	4639      	mov	r1, r7
  400e08:	2200      	movs	r2, #0
  400e0a:	2300      	movs	r3, #0
  400e0c:	f001 fdc4 	bl	402998 <__aeabi_dcmplt>
  400e10:	f04f 0800 	mov.w	r8, #0
  400e14:	b958      	cbnz	r0, 400e2e <pow+0x13a>
  400e16:	f8df 9054 	ldr.w	r9, [pc, #84]	; 400e6c <pow+0x178>
  400e1a:	e7a5      	b.n	400d68 <pow+0x74>
  400e1c:	f002 faa0 	bl	403360 <__errno>
  400e20:	2321      	movs	r3, #33	; 0x21
  400e22:	f8df 904c 	ldr.w	r9, [pc, #76]	; 400e70 <pow+0x17c>
  400e26:	6003      	str	r3, [r0, #0]
  400e28:	f04f 0800 	mov.w	r8, #0
  400e2c:	e79c      	b.n	400d68 <pow+0x74>
  400e2e:	4620      	mov	r0, r4
  400e30:	4629      	mov	r1, r5
  400e32:	f001 f86b 	bl	401f0c <rint>
  400e36:	4622      	mov	r2, r4
  400e38:	462b      	mov	r3, r5
  400e3a:	f001 fda3 	bl	402984 <__aeabi_dcmpeq>
  400e3e:	2800      	cmp	r0, #0
  400e40:	d1e9      	bne.n	400e16 <pow+0x122>
  400e42:	f8df 902c 	ldr.w	r9, [pc, #44]	; 400e70 <pow+0x17c>
  400e46:	e78f      	b.n	400d68 <pow+0x74>
  400e48:	f002 fa8a 	bl	403360 <__errno>
  400e4c:	2200      	movs	r2, #0
  400e4e:	2300      	movs	r3, #0
  400e50:	2121      	movs	r1, #33	; 0x21
  400e52:	6001      	str	r1, [r0, #0]
  400e54:	4610      	mov	r0, r2
  400e56:	4619      	mov	r1, r3
  400e58:	f001 fc56 	bl	402708 <__aeabi_ddiv>
  400e5c:	4680      	mov	r8, r0
  400e5e:	4689      	mov	r9, r1
  400e60:	e782      	b.n	400d68 <pow+0x74>
  400e62:	bf00      	nop
  400e64:	20000004 	.word	0x20000004
  400e68:	3ff00000 	.word	0x3ff00000
  400e6c:	7ff00000 	.word	0x7ff00000
  400e70:	fff00000 	.word	0xfff00000
  400e74:	00000000 	.word	0x00000000

00400e78 <__ieee754_log>:
  400e78:	e92d 4ff0 	stmdb	sp!, {r4, r5, r6, r7, r8, r9, sl, fp, lr}
  400e7c:	f5b1 1f80 	cmp.w	r1, #1048576	; 0x100000
  400e80:	b087      	sub	sp, #28
  400e82:	4602      	mov	r2, r0
  400e84:	460b      	mov	r3, r1
  400e86:	460f      	mov	r7, r1
  400e88:	da58      	bge.n	400f3c <__ieee754_log+0xc4>
  400e8a:	f021 4400 	bic.w	r4, r1, #2147483648	; 0x80000000
  400e8e:	4304      	orrs	r4, r0
  400e90:	f000 80f8 	beq.w	401084 <__ieee754_log+0x20c>
  400e94:	2900      	cmp	r1, #0
  400e96:	f2c0 8132 	blt.w	4010fe <__ieee754_log+0x286>
  400e9a:	4bd7      	ldr	r3, [pc, #860]	; (4011f8 <__ieee754_log+0x380>)
  400e9c:	2200      	movs	r2, #0
  400e9e:	f001 fb09 	bl	4024b4 <__aeabi_dmul>
  400ea2:	460f      	mov	r7, r1
  400ea4:	460b      	mov	r3, r1
  400ea6:	49d5      	ldr	r1, [pc, #852]	; (4011fc <__ieee754_log+0x384>)
  400ea8:	428f      	cmp	r7, r1
  400eaa:	4602      	mov	r2, r0
  400eac:	f06f 0035 	mvn.w	r0, #53	; 0x35
  400eb0:	dc49      	bgt.n	400f46 <__ieee754_log+0xce>
  400eb2:	153e      	asrs	r6, r7, #20
  400eb4:	f3c7 0713 	ubfx	r7, r7, #0, #20
  400eb8:	f507 2115 	add.w	r1, r7, #610304	; 0x95000
  400ebc:	f2a6 36ff 	subw	r6, r6, #1023	; 0x3ff
  400ec0:	f601 7164 	addw	r1, r1, #3940	; 0xf64
  400ec4:	4406      	add	r6, r0
  400ec6:	f401 1180 	and.w	r1, r1, #1048576	; 0x100000
  400eca:	eb06 5611 	add.w	r6, r6, r1, lsr #20
  400ece:	f081 517f 	eor.w	r1, r1, #1069547520	; 0x3fc00000
  400ed2:	f481 1140 	eor.w	r1, r1, #3145728	; 0x300000
  400ed6:	ea41 0307 	orr.w	r3, r1, r7
  400eda:	4610      	mov	r0, r2
  400edc:	4619      	mov	r1, r3
  400ede:	2200      	movs	r2, #0
  400ee0:	4bc7      	ldr	r3, [pc, #796]	; (401200 <__ieee754_log+0x388>)
  400ee2:	f001 f92f 	bl	402144 <__aeabi_dsub>
  400ee6:	1cbb      	adds	r3, r7, #2
  400ee8:	f3c3 0313 	ubfx	r3, r3, #0, #20
  400eec:	2b02      	cmp	r3, #2
  400eee:	4682      	mov	sl, r0
  400ef0:	468b      	mov	fp, r1
  400ef2:	dc2f      	bgt.n	400f54 <__ieee754_log+0xdc>
  400ef4:	2200      	movs	r2, #0
  400ef6:	2300      	movs	r3, #0
  400ef8:	f001 fd44 	bl	402984 <__aeabi_dcmpeq>
  400efc:	2800      	cmp	r0, #0
  400efe:	f000 80ca 	beq.w	401096 <__ieee754_log+0x21e>
  400f02:	2e00      	cmp	r6, #0
  400f04:	f000 814b 	beq.w	40119e <__ieee754_log+0x326>
  400f08:	4630      	mov	r0, r6
  400f0a:	f001 fa69 	bl	4023e0 <__aeabi_i2d>
  400f0e:	a3a6      	add	r3, pc, #664	; (adr r3, 4011a8 <__ieee754_log+0x330>)
  400f10:	e9d3 2300 	ldrd	r2, r3, [r3]
  400f14:	4606      	mov	r6, r0
  400f16:	460f      	mov	r7, r1
  400f18:	f001 facc 	bl	4024b4 <__aeabi_dmul>
  400f1c:	a3a4      	add	r3, pc, #656	; (adr r3, 4011b0 <__ieee754_log+0x338>)
  400f1e:	e9d3 2300 	ldrd	r2, r3, [r3]
  400f22:	4604      	mov	r4, r0
  400f24:	460d      	mov	r5, r1
  400f26:	4630      	mov	r0, r6
  400f28:	4639      	mov	r1, r7
  400f2a:	f001 fac3 	bl	4024b4 <__aeabi_dmul>
  400f2e:	4602      	mov	r2, r0
  400f30:	460b      	mov	r3, r1
  400f32:	4620      	mov	r0, r4
  400f34:	4629      	mov	r1, r5
  400f36:	f001 f907 	bl	402148 <__adddf3>
  400f3a:	e008      	b.n	400f4e <__ieee754_log+0xd6>
  400f3c:	49af      	ldr	r1, [pc, #700]	; (4011fc <__ieee754_log+0x384>)
  400f3e:	428f      	cmp	r7, r1
  400f40:	f04f 0000 	mov.w	r0, #0
  400f44:	ddb5      	ble.n	400eb2 <__ieee754_log+0x3a>
  400f46:	4610      	mov	r0, r2
  400f48:	4619      	mov	r1, r3
  400f4a:	f001 f8fd 	bl	402148 <__adddf3>
  400f4e:	b007      	add	sp, #28
  400f50:	e8bd 8ff0 	ldmia.w	sp!, {r4, r5, r6, r7, r8, r9, sl, fp, pc}
  400f54:	f5a7 23c2 	sub.w	r3, r7, #397312	; 0x61000
  400f58:	f2a3 437a 	subw	r3, r3, #1146	; 0x47a
  400f5c:	9301      	str	r3, [sp, #4]
  400f5e:	2200      	movs	r2, #0
  400f60:	f04f 4380 	mov.w	r3, #1073741824	; 0x40000000
  400f64:	f001 f8f0 	bl	402148 <__adddf3>
  400f68:	4602      	mov	r2, r0
  400f6a:	460b      	mov	r3, r1
  400f6c:	4650      	mov	r0, sl
  400f6e:	4659      	mov	r1, fp
  400f70:	f001 fbca 	bl	402708 <__aeabi_ddiv>
  400f74:	4604      	mov	r4, r0
  400f76:	4630      	mov	r0, r6
  400f78:	460d      	mov	r5, r1
  400f7a:	f001 fa31 	bl	4023e0 <__aeabi_i2d>
  400f7e:	4622      	mov	r2, r4
  400f80:	e9cd 0104 	strd	r0, r1, [sp, #16]
  400f84:	462b      	mov	r3, r5
  400f86:	4620      	mov	r0, r4
  400f88:	4629      	mov	r1, r5
  400f8a:	e9cd 4502 	strd	r4, r5, [sp, #8]
  400f8e:	f001 fa91 	bl	4024b4 <__aeabi_dmul>
  400f92:	4602      	mov	r2, r0
  400f94:	460b      	mov	r3, r1
  400f96:	4680      	mov	r8, r0
  400f98:	4689      	mov	r9, r1
  400f9a:	f001 fa8b 	bl	4024b4 <__aeabi_dmul>
  400f9e:	a386      	add	r3, pc, #536	; (adr r3, 4011b8 <__ieee754_log+0x340>)
  400fa0:	e9d3 2300 	ldrd	r2, r3, [r3]
  400fa4:	4604      	mov	r4, r0
  400fa6:	460d      	mov	r5, r1
  400fa8:	f001 fa84 	bl	4024b4 <__aeabi_dmul>
  400fac:	a384      	add	r3, pc, #528	; (adr r3, 4011c0 <__ieee754_log+0x348>)
  400fae:	e9d3 2300 	ldrd	r2, r3, [r3]
  400fb2:	f001 f8c9 	bl	402148 <__adddf3>
  400fb6:	4622      	mov	r2, r4
  400fb8:	462b      	mov	r3, r5
  400fba:	f001 fa7b 	bl	4024b4 <__aeabi_dmul>
  400fbe:	a382      	add	r3, pc, #520	; (adr r3, 4011c8 <__ieee754_log+0x350>)
  400fc0:	e9d3 2300 	ldrd	r2, r3, [r3]
  400fc4:	f001 f8c0 	bl	402148 <__adddf3>
  400fc8:	4622      	mov	r2, r4
  400fca:	462b      	mov	r3, r5
  400fcc:	f001 fa72 	bl	4024b4 <__aeabi_dmul>
  400fd0:	a37f      	add	r3, pc, #508	; (adr r3, 4011d0 <__ieee754_log+0x358>)
  400fd2:	e9d3 2300 	ldrd	r2, r3, [r3]
  400fd6:	f001 f8b7 	bl	402148 <__adddf3>
  400fda:	4642      	mov	r2, r8
  400fdc:	464b      	mov	r3, r9
  400fde:	f001 fa69 	bl	4024b4 <__aeabi_dmul>
  400fe2:	a37d      	add	r3, pc, #500	; (adr r3, 4011d8 <__ieee754_log+0x360>)
  400fe4:	e9d3 2300 	ldrd	r2, r3, [r3]
  400fe8:	4680      	mov	r8, r0
  400fea:	4689      	mov	r9, r1
  400fec:	4620      	mov	r0, r4
  400fee:	4629      	mov	r1, r5
  400ff0:	f001 fa60 	bl	4024b4 <__aeabi_dmul>
  400ff4:	a37a      	add	r3, pc, #488	; (adr r3, 4011e0 <__ieee754_log+0x368>)
  400ff6:	e9d3 2300 	ldrd	r2, r3, [r3]
  400ffa:	f001 f8a5 	bl	402148 <__adddf3>
  400ffe:	4622      	mov	r2, r4
  401000:	462b      	mov	r3, r5
  401002:	f001 fa57 	bl	4024b4 <__aeabi_dmul>
  401006:	a378      	add	r3, pc, #480	; (adr r3, 4011e8 <__ieee754_log+0x370>)
  401008:	e9d3 2300 	ldrd	r2, r3, [r3]
  40100c:	f001 f89c 	bl	402148 <__adddf3>
  401010:	4622      	mov	r2, r4
  401012:	462b      	mov	r3, r5
  401014:	f001 fa4e 	bl	4024b4 <__aeabi_dmul>
  401018:	460b      	mov	r3, r1
  40101a:	4602      	mov	r2, r0
  40101c:	4649      	mov	r1, r9
  40101e:	4640      	mov	r0, r8
  401020:	f001 f892 	bl	402148 <__adddf3>
  401024:	f5c7 27d7 	rsb	r7, r7, #440320	; 0x6b800
  401028:	9b01      	ldr	r3, [sp, #4]
  40102a:	3751      	adds	r7, #81	; 0x51
  40102c:	431f      	orrs	r7, r3
  40102e:	2f00      	cmp	r7, #0
  401030:	4680      	mov	r8, r0
  401032:	4689      	mov	r9, r1
  401034:	dd55      	ble.n	4010e2 <__ieee754_log+0x26a>
  401036:	4b73      	ldr	r3, [pc, #460]	; (401204 <__ieee754_log+0x38c>)
  401038:	2200      	movs	r2, #0
  40103a:	4650      	mov	r0, sl
  40103c:	4659      	mov	r1, fp
  40103e:	f001 fa39 	bl	4024b4 <__aeabi_dmul>
  401042:	4652      	mov	r2, sl
  401044:	465b      	mov	r3, fp
  401046:	f001 fa35 	bl	4024b4 <__aeabi_dmul>
  40104a:	4604      	mov	r4, r0
  40104c:	460d      	mov	r5, r1
  40104e:	2e00      	cmp	r6, #0
  401050:	d15c      	bne.n	40110c <__ieee754_log+0x294>
  401052:	4622      	mov	r2, r4
  401054:	462b      	mov	r3, r5
  401056:	4640      	mov	r0, r8
  401058:	4649      	mov	r1, r9
  40105a:	f001 f875 	bl	402148 <__adddf3>
  40105e:	e9dd 2302 	ldrd	r2, r3, [sp, #8]
  401062:	f001 fa27 	bl	4024b4 <__aeabi_dmul>
  401066:	4602      	mov	r2, r0
  401068:	460b      	mov	r3, r1
  40106a:	4620      	mov	r0, r4
  40106c:	4629      	mov	r1, r5
  40106e:	f001 f869 	bl	402144 <__aeabi_dsub>
  401072:	4602      	mov	r2, r0
  401074:	460b      	mov	r3, r1
  401076:	4650      	mov	r0, sl
  401078:	4659      	mov	r1, fp
  40107a:	f001 f863 	bl	402144 <__aeabi_dsub>
  40107e:	b007      	add	sp, #28
  401080:	e8bd 8ff0 	ldmia.w	sp!, {r4, r5, r6, r7, r8, r9, sl, fp, pc}
  401084:	2200      	movs	r2, #0
  401086:	2300      	movs	r3, #0
  401088:	495f      	ldr	r1, [pc, #380]	; (401208 <__ieee754_log+0x390>)
  40108a:	2000      	movs	r0, #0
  40108c:	f001 fb3c 	bl	402708 <__aeabi_ddiv>
  401090:	b007      	add	sp, #28
  401092:	e8bd 8ff0 	ldmia.w	sp!, {r4, r5, r6, r7, r8, r9, sl, fp, pc}
  401096:	a356      	add	r3, pc, #344	; (adr r3, 4011f0 <__ieee754_log+0x378>)
  401098:	e9d3 2300 	ldrd	r2, r3, [r3]
  40109c:	4650      	mov	r0, sl
  40109e:	4659      	mov	r1, fp
  4010a0:	f001 fa08 	bl	4024b4 <__aeabi_dmul>
  4010a4:	4602      	mov	r2, r0
  4010a6:	460b      	mov	r3, r1
  4010a8:	2000      	movs	r0, #0
  4010aa:	4956      	ldr	r1, [pc, #344]	; (401204 <__ieee754_log+0x38c>)
  4010ac:	f001 f84a 	bl	402144 <__aeabi_dsub>
  4010b0:	4652      	mov	r2, sl
  4010b2:	4604      	mov	r4, r0
  4010b4:	460d      	mov	r5, r1
  4010b6:	465b      	mov	r3, fp
  4010b8:	4650      	mov	r0, sl
  4010ba:	4659      	mov	r1, fp
  4010bc:	f001 f9fa 	bl	4024b4 <__aeabi_dmul>
  4010c0:	4602      	mov	r2, r0
  4010c2:	460b      	mov	r3, r1
  4010c4:	4620      	mov	r0, r4
  4010c6:	4629      	mov	r1, r5
  4010c8:	f001 f9f4 	bl	4024b4 <__aeabi_dmul>
  4010cc:	4604      	mov	r4, r0
  4010ce:	460d      	mov	r5, r1
  4010d0:	2e00      	cmp	r6, #0
  4010d2:	d150      	bne.n	401176 <__ieee754_log+0x2fe>
  4010d4:	4602      	mov	r2, r0
  4010d6:	460b      	mov	r3, r1
  4010d8:	4650      	mov	r0, sl
  4010da:	4659      	mov	r1, fp
  4010dc:	f001 f832 	bl	402144 <__aeabi_dsub>
  4010e0:	e735      	b.n	400f4e <__ieee754_log+0xd6>
  4010e2:	2e00      	cmp	r6, #0
  4010e4:	f040 8092 	bne.w	40120c <__ieee754_log+0x394>
  4010e8:	4602      	mov	r2, r0
  4010ea:	460b      	mov	r3, r1
  4010ec:	4650      	mov	r0, sl
  4010ee:	4659      	mov	r1, fp
  4010f0:	f001 f828 	bl	402144 <__aeabi_dsub>
  4010f4:	e9dd 2302 	ldrd	r2, r3, [sp, #8]
  4010f8:	f001 f9dc 	bl	4024b4 <__aeabi_dmul>
  4010fc:	e7b9      	b.n	401072 <__ieee754_log+0x1fa>
  4010fe:	f001 f821 	bl	402144 <__aeabi_dsub>
  401102:	2200      	movs	r2, #0
  401104:	2300      	movs	r3, #0
  401106:	f001 faff 	bl	402708 <__aeabi_ddiv>
  40110a:	e720      	b.n	400f4e <__ieee754_log+0xd6>
  40110c:	a326      	add	r3, pc, #152	; (adr r3, 4011a8 <__ieee754_log+0x330>)
  40110e:	e9d3 2300 	ldrd	r2, r3, [r3]
  401112:	e9dd 0104 	ldrd	r0, r1, [sp, #16]
  401116:	f001 f9cd 	bl	4024b4 <__aeabi_dmul>
  40111a:	4622      	mov	r2, r4
  40111c:	462b      	mov	r3, r5
  40111e:	4606      	mov	r6, r0
  401120:	460f      	mov	r7, r1
  401122:	4640      	mov	r0, r8
  401124:	4649      	mov	r1, r9
  401126:	f001 f80f 	bl	402148 <__adddf3>
  40112a:	e9dd 2302 	ldrd	r2, r3, [sp, #8]
  40112e:	f001 f9c1 	bl	4024b4 <__aeabi_dmul>
  401132:	a31f      	add	r3, pc, #124	; (adr r3, 4011b0 <__ieee754_log+0x338>)
  401134:	e9d3 2300 	ldrd	r2, r3, [r3]
  401138:	4680      	mov	r8, r0
  40113a:	4689      	mov	r9, r1
  40113c:	e9dd 0104 	ldrd	r0, r1, [sp, #16]
  401140:	f001 f9b8 	bl	4024b4 <__aeabi_dmul>
  401144:	4602      	mov	r2, r0
  401146:	460b      	mov	r3, r1
  401148:	4640      	mov	r0, r8
  40114a:	4649      	mov	r1, r9
  40114c:	f000 fffc 	bl	402148 <__adddf3>
  401150:	4602      	mov	r2, r0
  401152:	460b      	mov	r3, r1
  401154:	4620      	mov	r0, r4
  401156:	4629      	mov	r1, r5
  401158:	f000 fff4 	bl	402144 <__aeabi_dsub>
  40115c:	4652      	mov	r2, sl
  40115e:	465b      	mov	r3, fp
  401160:	f000 fff0 	bl	402144 <__aeabi_dsub>
  401164:	4602      	mov	r2, r0
  401166:	460b      	mov	r3, r1
  401168:	4630      	mov	r0, r6
  40116a:	4639      	mov	r1, r7
  40116c:	f000 ffea 	bl	402144 <__aeabi_dsub>
  401170:	b007      	add	sp, #28
  401172:	e8bd 8ff0 	ldmia.w	sp!, {r4, r5, r6, r7, r8, r9, sl, fp, pc}
  401176:	4630      	mov	r0, r6
  401178:	f001 f932 	bl	4023e0 <__aeabi_i2d>
  40117c:	a30a      	add	r3, pc, #40	; (adr r3, 4011a8 <__ieee754_log+0x330>)
  40117e:	e9d3 2300 	ldrd	r2, r3, [r3]
  401182:	4680      	mov	r8, r0
  401184:	4689      	mov	r9, r1
  401186:	f001 f995 	bl	4024b4 <__aeabi_dmul>
  40118a:	a309      	add	r3, pc, #36	; (adr r3, 4011b0 <__ieee754_log+0x338>)
  40118c:	e9d3 2300 	ldrd	r2, r3, [r3]
  401190:	4606      	mov	r6, r0
  401192:	460f      	mov	r7, r1
  401194:	4640      	mov	r0, r8
  401196:	4649      	mov	r1, r9
  401198:	f001 f98c 	bl	4024b4 <__aeabi_dmul>
  40119c:	e7d8      	b.n	401150 <__ieee754_log+0x2d8>
  40119e:	2000      	movs	r0, #0
  4011a0:	2100      	movs	r1, #0
  4011a2:	e6d4      	b.n	400f4e <__ieee754_log+0xd6>
  4011a4:	f3af 8000 	nop.w
  4011a8:	fee00000 	.word	0xfee00000
  4011ac:	3fe62e42 	.word	0x3fe62e42
  4011b0:	35793c76 	.word	0x35793c76
  4011b4:	3dea39ef 	.word	0x3dea39ef
  4011b8:	df3e5244 	.word	0xdf3e5244
  4011bc:	3fc2f112 	.word	0x3fc2f112
  4011c0:	96cb03de 	.word	0x96cb03de
  4011c4:	3fc74664 	.word	0x3fc74664
  4011c8:	94229359 	.word	0x94229359
  4011cc:	3fd24924 	.word	0x3fd24924
  4011d0:	55555593 	.word	0x55555593
  4011d4:	3fe55555 	.word	0x3fe55555
  4011d8:	d078c69f 	.word	0xd078c69f
  4011dc:	3fc39a09 	.word	0x3fc39a09
  4011e0:	1d8e78af 	.word	0x1d8e78af
  4011e4:	3fcc71c5 	.word	0x3fcc71c5
  4011e8:	9997fa04 	.word	0x9997fa04
  4011ec:	3fd99999 	.word	0x3fd99999
  4011f0:	55555555 	.word	0x55555555
  4011f4:	3fd55555 	.word	0x3fd55555
  4011f8:	43500000 	.word	0x43500000
  4011fc:	7fefffff 	.word	0x7fefffff
  401200:	3ff00000 	.word	0x3ff00000
  401204:	3fe00000 	.word	0x3fe00000
  401208:	c3500000 	.word	0xc3500000
  40120c:	a316      	add	r3, pc, #88	; (adr r3, 401268 <__ieee754_log+0x3f0>)
  40120e:	e9d3 2300 	ldrd	r2, r3, [r3]
  401212:	e9dd 0104 	ldrd	r0, r1, [sp, #16]
  401216:	f001 f94d 	bl	4024b4 <__aeabi_dmul>
  40121a:	4642      	mov	r2, r8
  40121c:	464b      	mov	r3, r9
  40121e:	4604      	mov	r4, r0
  401220:	460d      	mov	r5, r1
  401222:	4650      	mov	r0, sl
  401224:	4659      	mov	r1, fp
  401226:	f000 ff8d 	bl	402144 <__aeabi_dsub>
  40122a:	e9dd 2302 	ldrd	r2, r3, [sp, #8]
  40122e:	f001 f941 	bl	4024b4 <__aeabi_dmul>
  401232:	a30f      	add	r3, pc, #60	; (adr r3, 401270 <__ieee754_log+0x3f8>)
  401234:	e9d3 2300 	ldrd	r2, r3, [r3]
  401238:	4606      	mov	r6, r0
  40123a:	460f      	mov	r7, r1
  40123c:	e9dd 0104 	ldrd	r0, r1, [sp, #16]
  401240:	f001 f938 	bl	4024b4 <__aeabi_dmul>
  401244:	4602      	mov	r2, r0
  401246:	460b      	mov	r3, r1
  401248:	4630      	mov	r0, r6
  40124a:	4639      	mov	r1, r7
  40124c:	f000 ff7a 	bl	402144 <__aeabi_dsub>
  401250:	4652      	mov	r2, sl
  401252:	465b      	mov	r3, fp
  401254:	f000 ff76 	bl	402144 <__aeabi_dsub>
  401258:	4602      	mov	r2, r0
  40125a:	460b      	mov	r3, r1
  40125c:	4620      	mov	r0, r4
  40125e:	4629      	mov	r1, r5
  401260:	f000 ff70 	bl	402144 <__aeabi_dsub>
  401264:	e673      	b.n	400f4e <__ieee754_log+0xd6>
  401266:	bf00      	nop
  401268:	fee00000 	.word	0xfee00000
  40126c:	3fe62e42 	.word	0x3fe62e42
  401270:	35793c76 	.word	0x35793c76
  401274:	3dea39ef 	.word	0x3dea39ef

00401278 <__ieee754_pow>:
  401278:	e92d 4ff0 	stmdb	sp!, {r4, r5, r6, r7, r8, r9, sl, fp, lr}
  40127c:	4699      	mov	r9, r3
  40127e:	4690      	mov	r8, r2
  401280:	f029 4500 	bic.w	r5, r9, #2147483648	; 0x80000000
  401284:	461e      	mov	r6, r3
  401286:	4613      	mov	r3, r2
  401288:	ea55 0208 	orrs.w	r2, r5, r8
  40128c:	b093      	sub	sp, #76	; 0x4c
  40128e:	d035      	beq.n	4012fc <__ieee754_pow+0x84>
  401290:	4a6b      	ldr	r2, [pc, #428]	; (401440 <__ieee754_pow+0x1c8>)
  401292:	9000      	str	r0, [sp, #0]
  401294:	f021 4400 	bic.w	r4, r1, #2147483648	; 0x80000000
  401298:	4294      	cmp	r4, r2
  40129a:	4683      	mov	fp, r0
  40129c:	468a      	mov	sl, r1
  40129e:	460f      	mov	r7, r1
  4012a0:	dc25      	bgt.n	4012ee <__ieee754_pow+0x76>
  4012a2:	d034      	beq.n	40130e <__ieee754_pow+0x96>
  4012a4:	4295      	cmp	r5, r2
  4012a6:	dc22      	bgt.n	4012ee <__ieee754_pow+0x76>
  4012a8:	4a65      	ldr	r2, [pc, #404]	; (401440 <__ieee754_pow+0x1c8>)
  4012aa:	4295      	cmp	r5, r2
  4012ac:	d01d      	beq.n	4012ea <__ieee754_pow+0x72>
  4012ae:	2f00      	cmp	r7, #0
  4012b0:	db36      	blt.n	401320 <__ieee754_pow+0xa8>
  4012b2:	2200      	movs	r2, #0
  4012b4:	9202      	str	r2, [sp, #8]
  4012b6:	2b00      	cmp	r3, #0
  4012b8:	d14c      	bne.n	401354 <__ieee754_pow+0xdc>
  4012ba:	4b61      	ldr	r3, [pc, #388]	; (401440 <__ieee754_pow+0x1c8>)
  4012bc:	429d      	cmp	r5, r3
  4012be:	f000 8097 	beq.w	4013f0 <__ieee754_pow+0x178>
  4012c2:	4b60      	ldr	r3, [pc, #384]	; (401444 <__ieee754_pow+0x1cc>)
  4012c4:	429d      	cmp	r5, r3
  4012c6:	f000 80a5 	beq.w	401414 <__ieee754_pow+0x19c>
  4012ca:	f1b6 4f80 	cmp.w	r6, #1073741824	; 0x40000000
  4012ce:	f000 84af 	beq.w	401c30 <__ieee754_pow+0x9b8>
  4012d2:	4b5d      	ldr	r3, [pc, #372]	; (401448 <__ieee754_pow+0x1d0>)
  4012d4:	429e      	cmp	r6, r3
  4012d6:	d13d      	bne.n	401354 <__ieee754_pow+0xdc>
  4012d8:	2f00      	cmp	r7, #0
  4012da:	db3b      	blt.n	401354 <__ieee754_pow+0xdc>
  4012dc:	4658      	mov	r0, fp
  4012de:	4651      	mov	r1, sl
  4012e0:	b013      	add	sp, #76	; 0x4c
  4012e2:	e8bd 4ff0 	ldmia.w	sp!, {r4, r5, r6, r7, r8, r9, sl, fp, lr}
  4012e6:	f000 bd3b 	b.w	401d60 <__ieee754_sqrt>
  4012ea:	2b00      	cmp	r3, #0
  4012ec:	d0df      	beq.n	4012ae <__ieee754_pow+0x36>
  4012ee:	9b00      	ldr	r3, [sp, #0]
  4012f0:	f104 4440 	add.w	r4, r4, #3221225472	; 0xc0000000
  4012f4:	f504 1480 	add.w	r4, r4, #1048576	; 0x100000
  4012f8:	4323      	orrs	r3, r4
  4012fa:	d10b      	bne.n	401314 <__ieee754_pow+0x9c>
  4012fc:	4c51      	ldr	r4, [pc, #324]	; (401444 <__ieee754_pow+0x1cc>)
  4012fe:	2300      	movs	r3, #0
  401300:	e9cd 3400 	strd	r3, r4, [sp]
  401304:	e9dd 0100 	ldrd	r0, r1, [sp]
  401308:	b013      	add	sp, #76	; 0x4c
  40130a:	e8bd 8ff0 	ldmia.w	sp!, {r4, r5, r6, r7, r8, r9, sl, fp, pc}
  40130e:	b908      	cbnz	r0, 401314 <__ieee754_pow+0x9c>
  401310:	42a5      	cmp	r5, r4
  401312:	ddc9      	ble.n	4012a8 <__ieee754_pow+0x30>
  401314:	484d      	ldr	r0, [pc, #308]	; (40144c <__ieee754_pow+0x1d4>)
  401316:	b013      	add	sp, #76	; 0x4c
  401318:	e8bd 4ff0 	ldmia.w	sp!, {r4, r5, r6, r7, r8, r9, sl, fp, lr}
  40131c:	f000 bdf0 	b.w	401f00 <nan>
  401320:	4a4b      	ldr	r2, [pc, #300]	; (401450 <__ieee754_pow+0x1d8>)
  401322:	4295      	cmp	r5, r2
  401324:	dc7e      	bgt.n	401424 <__ieee754_pow+0x1ac>
  401326:	f1a2 7254 	sub.w	r2, r2, #55574528	; 0x3500000
  40132a:	4295      	cmp	r5, r2
  40132c:	dd0e      	ble.n	40134c <__ieee754_pow+0xd4>
  40132e:	152a      	asrs	r2, r5, #20
  401330:	f2a2 32ff 	subw	r2, r2, #1023	; 0x3ff
  401334:	2a14      	cmp	r2, #20
  401336:	f340 8485 	ble.w	401c44 <__ieee754_pow+0x9cc>
  40133a:	f1c2 0234 	rsb	r2, r2, #52	; 0x34
  40133e:	fa23 f102 	lsr.w	r1, r3, r2
  401342:	fa01 f202 	lsl.w	r2, r1, r2
  401346:	429a      	cmp	r2, r3
  401348:	f000 84d2 	beq.w	401cf0 <__ieee754_pow+0xa78>
  40134c:	2200      	movs	r2, #0
  40134e:	9202      	str	r2, [sp, #8]
  401350:	2b00      	cmp	r3, #0
  401352:	d0b6      	beq.n	4012c2 <__ieee754_pow+0x4a>
  401354:	4658      	mov	r0, fp
  401356:	4651      	mov	r1, sl
  401358:	f000 fdc8 	bl	401eec <fabs>
  40135c:	465b      	mov	r3, fp
  40135e:	e9cd 0100 	strd	r0, r1, [sp]
  401362:	bb33      	cbnz	r3, 4013b2 <__ieee754_pow+0x13a>
  401364:	b124      	cbz	r4, 401370 <__ieee754_pow+0xf8>
  401366:	4b37      	ldr	r3, [pc, #220]	; (401444 <__ieee754_pow+0x1cc>)
  401368:	f027 4240 	bic.w	r2, r7, #3221225472	; 0xc0000000
  40136c:	429a      	cmp	r2, r3
  40136e:	d120      	bne.n	4013b2 <__ieee754_pow+0x13a>
  401370:	2e00      	cmp	r6, #0
  401372:	da07      	bge.n	401384 <__ieee754_pow+0x10c>
  401374:	e9dd 2300 	ldrd	r2, r3, [sp]
  401378:	4932      	ldr	r1, [pc, #200]	; (401444 <__ieee754_pow+0x1cc>)
  40137a:	2000      	movs	r0, #0
  40137c:	f001 f9c4 	bl	402708 <__aeabi_ddiv>
  401380:	e9cd 0100 	strd	r0, r1, [sp]
  401384:	2f00      	cmp	r7, #0
  401386:	dabd      	bge.n	401304 <__ieee754_pow+0x8c>
  401388:	9b02      	ldr	r3, [sp, #8]
  40138a:	f104 4440 	add.w	r4, r4, #3221225472	; 0xc0000000
  40138e:	f504 1480 	add.w	r4, r4, #1048576	; 0x100000
  401392:	4323      	orrs	r3, r4
  401394:	f040 847b 	bne.w	401c8e <__ieee754_pow+0xa16>
  401398:	e9dd 2300 	ldrd	r2, r3, [sp]
  40139c:	4610      	mov	r0, r2
  40139e:	4619      	mov	r1, r3
  4013a0:	f000 fed0 	bl	402144 <__aeabi_dsub>
  4013a4:	4602      	mov	r2, r0
  4013a6:	460b      	mov	r3, r1
  4013a8:	f001 f9ae 	bl	402708 <__aeabi_ddiv>
  4013ac:	e9cd 0100 	strd	r0, r1, [sp]
  4013b0:	e7a8      	b.n	401304 <__ieee754_pow+0x8c>
  4013b2:	9a02      	ldr	r2, [sp, #8]
  4013b4:	0ffb      	lsrs	r3, r7, #31
  4013b6:	3b01      	subs	r3, #1
  4013b8:	930a      	str	r3, [sp, #40]	; 0x28
  4013ba:	4313      	orrs	r3, r2
  4013bc:	d035      	beq.n	40142a <__ieee754_pow+0x1b2>
  4013be:	4b25      	ldr	r3, [pc, #148]	; (401454 <__ieee754_pow+0x1dc>)
  4013c0:	429d      	cmp	r5, r3
  4013c2:	dd4b      	ble.n	40145c <__ieee754_pow+0x1e4>
  4013c4:	f103 7304 	add.w	r3, r3, #34603008	; 0x2100000
  4013c8:	429d      	cmp	r5, r3
  4013ca:	4b23      	ldr	r3, [pc, #140]	; (401458 <__ieee754_pow+0x1e0>)
  4013cc:	f340 83c0 	ble.w	401b50 <__ieee754_pow+0x8d8>
  4013d0:	429c      	cmp	r4, r3
  4013d2:	f340 8350 	ble.w	401a76 <__ieee754_pow+0x7fe>
  4013d6:	2e00      	cmp	r6, #0
  4013d8:	f340 8350 	ble.w	401a7c <__ieee754_pow+0x804>
  4013dc:	a316      	add	r3, pc, #88	; (adr r3, 401438 <__ieee754_pow+0x1c0>)
  4013de:	e9d3 2300 	ldrd	r2, r3, [r3]
  4013e2:	4610      	mov	r0, r2
  4013e4:	4619      	mov	r1, r3
  4013e6:	f001 f865 	bl	4024b4 <__aeabi_dmul>
  4013ea:	e9cd 0100 	strd	r0, r1, [sp]
  4013ee:	e789      	b.n	401304 <__ieee754_pow+0x8c>
  4013f0:	9a00      	ldr	r2, [sp, #0]
  4013f2:	f104 4340 	add.w	r3, r4, #3221225472	; 0xc0000000
  4013f6:	f503 1380 	add.w	r3, r3, #1048576	; 0x100000
  4013fa:	4313      	orrs	r3, r2
  4013fc:	f43f af7e 	beq.w	4012fc <__ieee754_pow+0x84>
  401400:	4b15      	ldr	r3, [pc, #84]	; (401458 <__ieee754_pow+0x1e0>)
  401402:	429c      	cmp	r4, r3
  401404:	f340 8364 	ble.w	401ad0 <__ieee754_pow+0x858>
  401408:	2e00      	cmp	r6, #0
  40140a:	f2c0 8337 	blt.w	401a7c <__ieee754_pow+0x804>
  40140e:	e9cd 8900 	strd	r8, r9, [sp]
  401412:	e777      	b.n	401304 <__ieee754_pow+0x8c>
  401414:	2e00      	cmp	r6, #0
  401416:	f2c0 8401 	blt.w	401c1c <__ieee754_pow+0x9a4>
  40141a:	4658      	mov	r0, fp
  40141c:	4651      	mov	r1, sl
  40141e:	e9cd 0100 	strd	r0, r1, [sp]
  401422:	e76f      	b.n	401304 <__ieee754_pow+0x8c>
  401424:	2202      	movs	r2, #2
  401426:	9202      	str	r2, [sp, #8]
  401428:	e745      	b.n	4012b6 <__ieee754_pow+0x3e>
  40142a:	465a      	mov	r2, fp
  40142c:	4658      	mov	r0, fp
  40142e:	4653      	mov	r3, sl
  401430:	4651      	mov	r1, sl
  401432:	e7b5      	b.n	4013a0 <__ieee754_pow+0x128>
  401434:	f3af 8000 	nop.w
  401438:	8800759c 	.word	0x8800759c
  40143c:	7e37e43c 	.word	0x7e37e43c
  401440:	7ff00000 	.word	0x7ff00000
  401444:	3ff00000 	.word	0x3ff00000
  401448:	3fe00000 	.word	0x3fe00000
  40144c:	00404214 	.word	0x00404214
  401450:	433fffff 	.word	0x433fffff
  401454:	41e00000 	.word	0x41e00000
  401458:	3fefffff 	.word	0x3fefffff
  40145c:	4bd4      	ldr	r3, [pc, #848]	; (4017b0 <__ieee754_pow+0x538>)
  40145e:	403b      	ands	r3, r7
  401460:	2b00      	cmp	r3, #0
  401462:	f040 833d 	bne.w	401ae0 <__ieee754_pow+0x868>
  401466:	e9dd 0100 	ldrd	r0, r1, [sp]
  40146a:	4bd2      	ldr	r3, [pc, #840]	; (4017b4 <__ieee754_pow+0x53c>)
  40146c:	2200      	movs	r2, #0
  40146e:	f001 f821 	bl	4024b4 <__aeabi_dmul>
  401472:	e9cd 0100 	strd	r0, r1, [sp]
  401476:	460c      	mov	r4, r1
  401478:	f06f 0534 	mvn.w	r5, #52	; 0x34
  40147c:	1523      	asrs	r3, r4, #20
  40147e:	f2a3 33ff 	subw	r3, r3, #1023	; 0x3ff
  401482:	1959      	adds	r1, r3, r5
  401484:	4bcc      	ldr	r3, [pc, #816]	; (4017b8 <__ieee754_pow+0x540>)
  401486:	910b      	str	r1, [sp, #44]	; 0x2c
  401488:	f3c4 0213 	ubfx	r2, r4, #0, #20
  40148c:	f042 547f 	orr.w	r4, r2, #1069547520	; 0x3fc00000
  401490:	429a      	cmp	r2, r3
  401492:	f444 1440 	orr.w	r4, r4, #3145728	; 0x300000
  401496:	dd07      	ble.n	4014a8 <__ieee754_pow+0x230>
  401498:	4bc8      	ldr	r3, [pc, #800]	; (4017bc <__ieee754_pow+0x544>)
  40149a:	429a      	cmp	r2, r3
  40149c:	f340 8404 	ble.w	401ca8 <__ieee754_pow+0xa30>
  4014a0:	3101      	adds	r1, #1
  4014a2:	910b      	str	r1, [sp, #44]	; 0x2c
  4014a4:	f5a4 1480 	sub.w	r4, r4, #1048576	; 0x100000
  4014a8:	2200      	movs	r2, #0
  4014aa:	2300      	movs	r3, #0
  4014ac:	e9cd 2308 	strd	r2, r3, [sp, #32]
  4014b0:	e9cd 2310 	strd	r2, r3, [sp, #64]	; 0x40
  4014b4:	4bc2      	ldr	r3, [pc, #776]	; (4017c0 <__ieee754_pow+0x548>)
  4014b6:	2200      	movs	r2, #0
  4014b8:	e9cd 2306 	strd	r2, r3, [sp, #24]
  4014bc:	2500      	movs	r5, #0
  4014be:	e9dd 0100 	ldrd	r0, r1, [sp]
  4014c2:	e9dd 2306 	ldrd	r2, r3, [sp, #24]
  4014c6:	4621      	mov	r1, r4
  4014c8:	4682      	mov	sl, r0
  4014ca:	f000 fe3b 	bl	402144 <__aeabi_dsub>
  4014ce:	46a3      	mov	fp, r4
  4014d0:	e9dd 2306 	ldrd	r2, r3, [sp, #24]
  4014d4:	4606      	mov	r6, r0
  4014d6:	460f      	mov	r7, r1
  4014d8:	4650      	mov	r0, sl
  4014da:	4621      	mov	r1, r4
  4014dc:	e9cd ab0c 	strd	sl, fp, [sp, #48]	; 0x30
  4014e0:	f000 fe32 	bl	402148 <__adddf3>
  4014e4:	4602      	mov	r2, r0
  4014e6:	460b      	mov	r3, r1
  4014e8:	2000      	movs	r0, #0
  4014ea:	49b5      	ldr	r1, [pc, #724]	; (4017c0 <__ieee754_pow+0x548>)
  4014ec:	f001 f90c 	bl	402708 <__aeabi_ddiv>
  4014f0:	460a      	mov	r2, r1
  4014f2:	4601      	mov	r1, r0
  4014f4:	e9cd 120e 	strd	r1, r2, [sp, #56]	; 0x38
  4014f8:	4613      	mov	r3, r2
  4014fa:	4639      	mov	r1, r7
  4014fc:	4602      	mov	r2, r0
  4014fe:	4630      	mov	r0, r6
  401500:	f000 ffd8 	bl	4024b4 <__aeabi_dmul>
  401504:	460a      	mov	r2, r1
  401506:	4683      	mov	fp, r0
  401508:	4694      	mov	ip, r2
  40150a:	e9cd bc00 	strd	fp, ip, [sp]
  40150e:	f04f 0c00 	mov.w	ip, #0
  401512:	f8cd c000 	str.w	ip, [sp]
  401516:	1064      	asrs	r4, r4, #1
  401518:	e9dd ab00 	ldrd	sl, fp, [sp]
  40151c:	f044 5400 	orr.w	r4, r4, #536870912	; 0x20000000
  401520:	4601      	mov	r1, r0
  401522:	f504 2300 	add.w	r3, r4, #524288	; 0x80000
  401526:	e9cd 1204 	strd	r1, r2, [sp, #16]
  40152a:	2000      	movs	r0, #0
  40152c:	1959      	adds	r1, r3, r5
  40152e:	4604      	mov	r4, r0
  401530:	460d      	mov	r5, r1
  401532:	4602      	mov	r2, r0
  401534:	460b      	mov	r3, r1
  401536:	4650      	mov	r0, sl
  401538:	4659      	mov	r1, fp
  40153a:	f000 ffbb 	bl	4024b4 <__aeabi_dmul>
  40153e:	4602      	mov	r2, r0
  401540:	460b      	mov	r3, r1
  401542:	4630      	mov	r0, r6
  401544:	4639      	mov	r1, r7
  401546:	f000 fdfd 	bl	402144 <__aeabi_dsub>
  40154a:	e9dd 2306 	ldrd	r2, r3, [sp, #24]
  40154e:	4606      	mov	r6, r0
  401550:	460f      	mov	r7, r1
  401552:	4620      	mov	r0, r4
  401554:	4629      	mov	r1, r5
  401556:	f000 fdf5 	bl	402144 <__aeabi_dsub>
  40155a:	4602      	mov	r2, r0
  40155c:	460b      	mov	r3, r1
  40155e:	e9dd 010c 	ldrd	r0, r1, [sp, #48]	; 0x30
  401562:	f000 fdef 	bl	402144 <__aeabi_dsub>
  401566:	4652      	mov	r2, sl
  401568:	465b      	mov	r3, fp
  40156a:	f000 ffa3 	bl	4024b4 <__aeabi_dmul>
  40156e:	4602      	mov	r2, r0
  401570:	460b      	mov	r3, r1
  401572:	4630      	mov	r0, r6
  401574:	4639      	mov	r1, r7
  401576:	f000 fde5 	bl	402144 <__aeabi_dsub>
  40157a:	e9dd 230e 	ldrd	r2, r3, [sp, #56]	; 0x38
  40157e:	f000 ff99 	bl	4024b4 <__aeabi_dmul>
  401582:	e9dd 4504 	ldrd	r4, r5, [sp, #16]
  401586:	e9cd 0106 	strd	r0, r1, [sp, #24]
  40158a:	4622      	mov	r2, r4
  40158c:	462b      	mov	r3, r5
  40158e:	4620      	mov	r0, r4
  401590:	4629      	mov	r1, r5
  401592:	f000 ff8f 	bl	4024b4 <__aeabi_dmul>
  401596:	a374      	add	r3, pc, #464	; (adr r3, 401768 <__ieee754_pow+0x4f0>)
  401598:	e9d3 2300 	ldrd	r2, r3, [r3]
  40159c:	4604      	mov	r4, r0
  40159e:	460d      	mov	r5, r1
  4015a0:	f000 ff88 	bl	4024b4 <__aeabi_dmul>
  4015a4:	a372      	add	r3, pc, #456	; (adr r3, 401770 <__ieee754_pow+0x4f8>)
  4015a6:	e9d3 2300 	ldrd	r2, r3, [r3]
  4015aa:	f000 fdcd 	bl	402148 <__adddf3>
  4015ae:	4622      	mov	r2, r4
  4015b0:	462b      	mov	r3, r5
  4015b2:	f000 ff7f 	bl	4024b4 <__aeabi_dmul>
  4015b6:	a370      	add	r3, pc, #448	; (adr r3, 401778 <__ieee754_pow+0x500>)
  4015b8:	e9d3 2300 	ldrd	r2, r3, [r3]
  4015bc:	f000 fdc4 	bl	402148 <__adddf3>
  4015c0:	4622      	mov	r2, r4
  4015c2:	462b      	mov	r3, r5
  4015c4:	f000 ff76 	bl	4024b4 <__aeabi_dmul>
  4015c8:	a36d      	add	r3, pc, #436	; (adr r3, 401780 <__ieee754_pow+0x508>)
  4015ca:	e9d3 2300 	ldrd	r2, r3, [r3]
  4015ce:	f000 fdbb 	bl	402148 <__adddf3>
  4015d2:	4622      	mov	r2, r4
  4015d4:	462b      	mov	r3, r5
  4015d6:	f000 ff6d 	bl	4024b4 <__aeabi_dmul>
  4015da:	a36b      	add	r3, pc, #428	; (adr r3, 401788 <__ieee754_pow+0x510>)
  4015dc:	e9d3 2300 	ldrd	r2, r3, [r3]
  4015e0:	f000 fdb2 	bl	402148 <__adddf3>
  4015e4:	4622      	mov	r2, r4
  4015e6:	462b      	mov	r3, r5
  4015e8:	f000 ff64 	bl	4024b4 <__aeabi_dmul>
  4015ec:	a368      	add	r3, pc, #416	; (adr r3, 401790 <__ieee754_pow+0x518>)
  4015ee:	e9d3 2300 	ldrd	r2, r3, [r3]
  4015f2:	f000 fda9 	bl	402148 <__adddf3>
  4015f6:	4622      	mov	r2, r4
  4015f8:	4606      	mov	r6, r0
  4015fa:	460f      	mov	r7, r1
  4015fc:	462b      	mov	r3, r5
  4015fe:	4620      	mov	r0, r4
  401600:	4629      	mov	r1, r5
  401602:	f000 ff57 	bl	4024b4 <__aeabi_dmul>
  401606:	4602      	mov	r2, r0
  401608:	460b      	mov	r3, r1
  40160a:	4630      	mov	r0, r6
  40160c:	4639      	mov	r1, r7
  40160e:	f000 ff51 	bl	4024b4 <__aeabi_dmul>
  401612:	4652      	mov	r2, sl
  401614:	4604      	mov	r4, r0
  401616:	460d      	mov	r5, r1
  401618:	465b      	mov	r3, fp
  40161a:	e9dd 0104 	ldrd	r0, r1, [sp, #16]
  40161e:	f000 fd93 	bl	402148 <__adddf3>
  401622:	e9dd 2306 	ldrd	r2, r3, [sp, #24]
  401626:	f000 ff45 	bl	4024b4 <__aeabi_dmul>
  40162a:	4622      	mov	r2, r4
  40162c:	462b      	mov	r3, r5
  40162e:	f000 fd8b 	bl	402148 <__adddf3>
  401632:	4652      	mov	r2, sl
  401634:	4606      	mov	r6, r0
  401636:	460f      	mov	r7, r1
  401638:	465b      	mov	r3, fp
  40163a:	4650      	mov	r0, sl
  40163c:	4659      	mov	r1, fp
  40163e:	f000 ff39 	bl	4024b4 <__aeabi_dmul>
  401642:	4602      	mov	r2, r0
  401644:	460b      	mov	r3, r1
  401646:	e9cd 230c 	strd	r2, r3, [sp, #48]	; 0x30
  40164a:	4b5e      	ldr	r3, [pc, #376]	; (4017c4 <__ieee754_pow+0x54c>)
  40164c:	2200      	movs	r2, #0
  40164e:	f000 fd7b 	bl	402148 <__adddf3>
  401652:	4632      	mov	r2, r6
  401654:	463b      	mov	r3, r7
  401656:	f000 fd77 	bl	402148 <__adddf3>
  40165a:	2400      	movs	r4, #0
  40165c:	460d      	mov	r5, r1
  40165e:	4622      	mov	r2, r4
  401660:	462b      	mov	r3, r5
  401662:	4650      	mov	r0, sl
  401664:	4659      	mov	r1, fp
  401666:	f000 ff25 	bl	4024b4 <__aeabi_dmul>
  40166a:	4b56      	ldr	r3, [pc, #344]	; (4017c4 <__ieee754_pow+0x54c>)
  40166c:	4682      	mov	sl, r0
  40166e:	468b      	mov	fp, r1
  401670:	2200      	movs	r2, #0
  401672:	4620      	mov	r0, r4
  401674:	4629      	mov	r1, r5
  401676:	f000 fd65 	bl	402144 <__aeabi_dsub>
  40167a:	e9dd 230c 	ldrd	r2, r3, [sp, #48]	; 0x30
  40167e:	f000 fd61 	bl	402144 <__aeabi_dsub>
  401682:	4602      	mov	r2, r0
  401684:	460b      	mov	r3, r1
  401686:	4630      	mov	r0, r6
  401688:	4639      	mov	r1, r7
  40168a:	f000 fd5b 	bl	402144 <__aeabi_dsub>
  40168e:	e9dd 2304 	ldrd	r2, r3, [sp, #16]
  401692:	f000 ff0f 	bl	4024b4 <__aeabi_dmul>
  401696:	4622      	mov	r2, r4
  401698:	4606      	mov	r6, r0
  40169a:	460f      	mov	r7, r1
  40169c:	462b      	mov	r3, r5
  40169e:	e9dd 0106 	ldrd	r0, r1, [sp, #24]
  4016a2:	f000 ff07 	bl	4024b4 <__aeabi_dmul>
  4016a6:	4602      	mov	r2, r0
  4016a8:	460b      	mov	r3, r1
  4016aa:	4630      	mov	r0, r6
  4016ac:	4639      	mov	r1, r7
  4016ae:	f000 fd4b 	bl	402148 <__adddf3>
  4016b2:	4606      	mov	r6, r0
  4016b4:	460f      	mov	r7, r1
  4016b6:	4602      	mov	r2, r0
  4016b8:	460b      	mov	r3, r1
  4016ba:	4650      	mov	r0, sl
  4016bc:	4659      	mov	r1, fp
  4016be:	f000 fd43 	bl	402148 <__adddf3>
  4016c2:	2400      	movs	r4, #0
  4016c4:	a334      	add	r3, pc, #208	; (adr r3, 401798 <__ieee754_pow+0x520>)
  4016c6:	e9d3 2300 	ldrd	r2, r3, [r3]
  4016ca:	4620      	mov	r0, r4
  4016cc:	460d      	mov	r5, r1
  4016ce:	f000 fef1 	bl	4024b4 <__aeabi_dmul>
  4016d2:	4652      	mov	r2, sl
  4016d4:	465b      	mov	r3, fp
  4016d6:	4682      	mov	sl, r0
  4016d8:	468b      	mov	fp, r1
  4016da:	4620      	mov	r0, r4
  4016dc:	4629      	mov	r1, r5
  4016de:	f000 fd31 	bl	402144 <__aeabi_dsub>
  4016e2:	4602      	mov	r2, r0
  4016e4:	460b      	mov	r3, r1
  4016e6:	4630      	mov	r0, r6
  4016e8:	4639      	mov	r1, r7
  4016ea:	f000 fd2b 	bl	402144 <__aeabi_dsub>
  4016ee:	a32c      	add	r3, pc, #176	; (adr r3, 4017a0 <__ieee754_pow+0x528>)
  4016f0:	e9d3 2300 	ldrd	r2, r3, [r3]
  4016f4:	f000 fede 	bl	4024b4 <__aeabi_dmul>
  4016f8:	a32b      	add	r3, pc, #172	; (adr r3, 4017a8 <__ieee754_pow+0x530>)
  4016fa:	e9d3 2300 	ldrd	r2, r3, [r3]
  4016fe:	4606      	mov	r6, r0
  401700:	460f      	mov	r7, r1
  401702:	4620      	mov	r0, r4
  401704:	4629      	mov	r1, r5
  401706:	f000 fed5 	bl	4024b4 <__aeabi_dmul>
  40170a:	4602      	mov	r2, r0
  40170c:	460b      	mov	r3, r1
  40170e:	4630      	mov	r0, r6
  401710:	4639      	mov	r1, r7
  401712:	f000 fd19 	bl	402148 <__adddf3>
  401716:	e9dd 2310 	ldrd	r2, r3, [sp, #64]	; 0x40
  40171a:	f000 fd15 	bl	402148 <__adddf3>
  40171e:	4604      	mov	r4, r0
  401720:	980b      	ldr	r0, [sp, #44]	; 0x2c
  401722:	460d      	mov	r5, r1
  401724:	f000 fe5c 	bl	4023e0 <__aeabi_i2d>
  401728:	4622      	mov	r2, r4
  40172a:	4606      	mov	r6, r0
  40172c:	460f      	mov	r7, r1
  40172e:	462b      	mov	r3, r5
  401730:	4650      	mov	r0, sl
  401732:	4659      	mov	r1, fp
  401734:	e9cd 4504 	strd	r4, r5, [sp, #16]
  401738:	f000 fd06 	bl	402148 <__adddf3>
  40173c:	e9dd 2308 	ldrd	r2, r3, [sp, #32]
  401740:	f000 fd02 	bl	402148 <__adddf3>
  401744:	4632      	mov	r2, r6
  401746:	463b      	mov	r3, r7
  401748:	f000 fcfe 	bl	402148 <__adddf3>
  40174c:	2400      	movs	r4, #0
  40174e:	4632      	mov	r2, r6
  401750:	463b      	mov	r3, r7
  401752:	4620      	mov	r0, r4
  401754:	460d      	mov	r5, r1
  401756:	f000 fcf5 	bl	402144 <__aeabi_dsub>
  40175a:	e9dd 2308 	ldrd	r2, r3, [sp, #32]
  40175e:	f000 fcf1 	bl	402144 <__aeabi_dsub>
  401762:	4652      	mov	r2, sl
  401764:	465b      	mov	r3, fp
  401766:	e02f      	b.n	4017c8 <__ieee754_pow+0x550>
  401768:	4a454eef 	.word	0x4a454eef
  40176c:	3fca7e28 	.word	0x3fca7e28
  401770:	93c9db65 	.word	0x93c9db65
  401774:	3fcd864a 	.word	0x3fcd864a
  401778:	a91d4101 	.word	0xa91d4101
  40177c:	3fd17460 	.word	0x3fd17460
  401780:	518f264d 	.word	0x518f264d
  401784:	3fd55555 	.word	0x3fd55555
  401788:	db6fabff 	.word	0xdb6fabff
  40178c:	3fdb6db6 	.word	0x3fdb6db6
  401790:	33333303 	.word	0x33333303
  401794:	3fe33333 	.word	0x3fe33333
  401798:	e0000000 	.word	0xe0000000
  40179c:	3feec709 	.word	0x3feec709
  4017a0:	dc3a03fd 	.word	0xdc3a03fd
  4017a4:	3feec709 	.word	0x3feec709
  4017a8:	145b01f5 	.word	0x145b01f5
  4017ac:	be3e2fe0 	.word	0xbe3e2fe0
  4017b0:	7ff00000 	.word	0x7ff00000
  4017b4:	43400000 	.word	0x43400000
  4017b8:	0003988e 	.word	0x0003988e
  4017bc:	000bb679 	.word	0x000bb679
  4017c0:	3ff00000 	.word	0x3ff00000
  4017c4:	40080000 	.word	0x40080000
  4017c8:	f000 fcbc 	bl	402144 <__aeabi_dsub>
  4017cc:	4602      	mov	r2, r0
  4017ce:	460b      	mov	r3, r1
  4017d0:	e9dd 0104 	ldrd	r0, r1, [sp, #16]
  4017d4:	f000 fcb6 	bl	402144 <__aeabi_dsub>
  4017d8:	e9cd 0104 	strd	r0, r1, [sp, #16]
  4017dc:	9b02      	ldr	r3, [sp, #8]
  4017de:	9a0a      	ldr	r2, [sp, #40]	; 0x28
  4017e0:	3b01      	subs	r3, #1
  4017e2:	4313      	orrs	r3, r2
  4017e4:	bf0c      	ite	eq
  4017e6:	4bd4      	ldreq	r3, [pc, #848]	; (401b38 <__ieee754_pow+0x8c0>)
  4017e8:	4bd4      	ldrne	r3, [pc, #848]	; (401b3c <__ieee754_pow+0x8c4>)
  4017ea:	2200      	movs	r2, #0
  4017ec:	e9cd 2302 	strd	r2, r3, [sp, #8]
  4017f0:	2300      	movs	r3, #0
  4017f2:	e9cd 8900 	strd	r8, r9, [sp]
  4017f6:	9300      	str	r3, [sp, #0]
  4017f8:	e9dd ab00 	ldrd	sl, fp, [sp]
  4017fc:	4640      	mov	r0, r8
  4017fe:	4652      	mov	r2, sl
  401800:	465b      	mov	r3, fp
  401802:	4649      	mov	r1, r9
  401804:	f000 fc9e 	bl	402144 <__aeabi_dsub>
  401808:	4622      	mov	r2, r4
  40180a:	462b      	mov	r3, r5
  40180c:	f000 fe52 	bl	4024b4 <__aeabi_dmul>
  401810:	4642      	mov	r2, r8
  401812:	4606      	mov	r6, r0
  401814:	460f      	mov	r7, r1
  401816:	464b      	mov	r3, r9
  401818:	e9dd 0104 	ldrd	r0, r1, [sp, #16]
  40181c:	f000 fe4a 	bl	4024b4 <__aeabi_dmul>
  401820:	4602      	mov	r2, r0
  401822:	460b      	mov	r3, r1
  401824:	4630      	mov	r0, r6
  401826:	4639      	mov	r1, r7
  401828:	f000 fc8e 	bl	402148 <__adddf3>
  40182c:	4652      	mov	r2, sl
  40182e:	4606      	mov	r6, r0
  401830:	460f      	mov	r7, r1
  401832:	465b      	mov	r3, fp
  401834:	4620      	mov	r0, r4
  401836:	4629      	mov	r1, r5
  401838:	f000 fe3c 	bl	4024b4 <__aeabi_dmul>
  40183c:	460b      	mov	r3, r1
  40183e:	4602      	mov	r2, r0
  401840:	4604      	mov	r4, r0
  401842:	460d      	mov	r5, r1
  401844:	4630      	mov	r0, r6
  401846:	4639      	mov	r1, r7
  401848:	f000 fc7e 	bl	402148 <__adddf3>
  40184c:	4bbc      	ldr	r3, [pc, #752]	; (401b40 <__ieee754_pow+0x8c8>)
  40184e:	4299      	cmp	r1, r3
  401850:	4680      	mov	r8, r0
  401852:	4689      	mov	r9, r1
  401854:	468a      	mov	sl, r1
  401856:	f340 8116 	ble.w	401a86 <__ieee754_pow+0x80e>
  40185a:	f101 433f 	add.w	r3, r1, #3204448256	; 0xbf000000
  40185e:	f503 03e0 	add.w	r3, r3, #7340032	; 0x700000
  401862:	4303      	orrs	r3, r0
  401864:	f040 8203 	bne.w	401c6e <__ieee754_pow+0x9f6>
  401868:	a39f      	add	r3, pc, #636	; (adr r3, 401ae8 <__ieee754_pow+0x870>)
  40186a:	e9d3 2300 	ldrd	r2, r3, [r3]
  40186e:	4630      	mov	r0, r6
  401870:	4639      	mov	r1, r7
  401872:	f000 fc69 	bl	402148 <__adddf3>
  401876:	4622      	mov	r2, r4
  401878:	e9cd 0100 	strd	r0, r1, [sp]
  40187c:	462b      	mov	r3, r5
  40187e:	4640      	mov	r0, r8
  401880:	4649      	mov	r1, r9
  401882:	f000 fc5f 	bl	402144 <__aeabi_dsub>
  401886:	4602      	mov	r2, r0
  401888:	460b      	mov	r3, r1
  40188a:	e9dd 0100 	ldrd	r0, r1, [sp]
  40188e:	f001 f8a1 	bl	4029d4 <__aeabi_dcmpgt>
  401892:	2800      	cmp	r0, #0
  401894:	f040 81eb 	bne.w	401c6e <__ieee754_pow+0x9f6>
  401898:	f3ca 530a 	ubfx	r3, sl, #20, #11
  40189c:	f44f 1280 	mov.w	r2, #1048576	; 0x100000
  4018a0:	f2a3 33fe 	subw	r3, r3, #1022	; 0x3fe
  4018a4:	fa42 f303 	asr.w	r3, r2, r3
  4018a8:	4453      	add	r3, sl
  4018aa:	49a6      	ldr	r1, [pc, #664]	; (401b44 <__ieee754_pow+0x8cc>)
  4018ac:	f3c3 520a 	ubfx	r2, r3, #20, #11
  4018b0:	f2a2 32ff 	subw	r2, r2, #1023	; 0x3ff
  4018b4:	fa41 fc02 	asr.w	ip, r1, r2
  4018b8:	f3c3 0113 	ubfx	r1, r3, #0, #20
  4018bc:	f1c2 0214 	rsb	r2, r2, #20
  4018c0:	f441 1180 	orr.w	r1, r1, #1048576	; 0x100000
  4018c4:	fa41 fe02 	asr.w	lr, r1, r2
  4018c8:	2000      	movs	r0, #0
  4018ca:	ea23 010c 	bic.w	r1, r3, ip
  4018ce:	f1ba 0f00 	cmp.w	sl, #0
  4018d2:	f8cd e010 	str.w	lr, [sp, #16]
  4018d6:	4602      	mov	r2, r0
  4018d8:	460b      	mov	r3, r1
  4018da:	da02      	bge.n	4018e2 <__ieee754_pow+0x66a>
  4018dc:	4671      	mov	r1, lr
  4018de:	4249      	negs	r1, r1
  4018e0:	9104      	str	r1, [sp, #16]
  4018e2:	4620      	mov	r0, r4
  4018e4:	4629      	mov	r1, r5
  4018e6:	f000 fc2d 	bl	402144 <__aeabi_dsub>
  4018ea:	9b04      	ldr	r3, [sp, #16]
  4018ec:	051b      	lsls	r3, r3, #20
  4018ee:	9300      	str	r3, [sp, #0]
  4018f0:	4602      	mov	r2, r0
  4018f2:	460b      	mov	r3, r1
  4018f4:	4604      	mov	r4, r0
  4018f6:	460d      	mov	r5, r1
  4018f8:	4630      	mov	r0, r6
  4018fa:	4639      	mov	r1, r7
  4018fc:	f000 fc24 	bl	402148 <__adddf3>
  401900:	4689      	mov	r9, r1
  401902:	f04f 0800 	mov.w	r8, #0
  401906:	a37a      	add	r3, pc, #488	; (adr r3, 401af0 <__ieee754_pow+0x878>)
  401908:	e9d3 2300 	ldrd	r2, r3, [r3]
  40190c:	4640      	mov	r0, r8
  40190e:	4649      	mov	r1, r9
  401910:	f000 fdd0 	bl	4024b4 <__aeabi_dmul>
  401914:	4622      	mov	r2, r4
  401916:	4682      	mov	sl, r0
  401918:	468b      	mov	fp, r1
  40191a:	462b      	mov	r3, r5
  40191c:	4640      	mov	r0, r8
  40191e:	4649      	mov	r1, r9
  401920:	f000 fc10 	bl	402144 <__aeabi_dsub>
  401924:	4602      	mov	r2, r0
  401926:	460b      	mov	r3, r1
  401928:	4630      	mov	r0, r6
  40192a:	4639      	mov	r1, r7
  40192c:	f000 fc0a 	bl	402144 <__aeabi_dsub>
  401930:	a371      	add	r3, pc, #452	; (adr r3, 401af8 <__ieee754_pow+0x880>)
  401932:	e9d3 2300 	ldrd	r2, r3, [r3]
  401936:	f000 fdbd 	bl	4024b4 <__aeabi_dmul>
  40193a:	a371      	add	r3, pc, #452	; (adr r3, 401b00 <__ieee754_pow+0x888>)
  40193c:	e9d3 2300 	ldrd	r2, r3, [r3]
  401940:	4604      	mov	r4, r0
  401942:	460d      	mov	r5, r1
  401944:	4640      	mov	r0, r8
  401946:	4649      	mov	r1, r9
  401948:	f000 fdb4 	bl	4024b4 <__aeabi_dmul>
  40194c:	4602      	mov	r2, r0
  40194e:	460b      	mov	r3, r1
  401950:	4620      	mov	r0, r4
  401952:	4629      	mov	r1, r5
  401954:	f000 fbf8 	bl	402148 <__adddf3>
  401958:	4606      	mov	r6, r0
  40195a:	460f      	mov	r7, r1
  40195c:	4602      	mov	r2, r0
  40195e:	460b      	mov	r3, r1
  401960:	4650      	mov	r0, sl
  401962:	4659      	mov	r1, fp
  401964:	f000 fbf0 	bl	402148 <__adddf3>
  401968:	4652      	mov	r2, sl
  40196a:	465b      	mov	r3, fp
  40196c:	4604      	mov	r4, r0
  40196e:	460d      	mov	r5, r1
  401970:	f000 fbe8 	bl	402144 <__aeabi_dsub>
  401974:	4602      	mov	r2, r0
  401976:	460b      	mov	r3, r1
  401978:	4630      	mov	r0, r6
  40197a:	4639      	mov	r1, r7
  40197c:	f000 fbe2 	bl	402144 <__aeabi_dsub>
  401980:	4622      	mov	r2, r4
  401982:	4682      	mov	sl, r0
  401984:	468b      	mov	fp, r1
  401986:	462b      	mov	r3, r5
  401988:	4620      	mov	r0, r4
  40198a:	4629      	mov	r1, r5
  40198c:	f000 fd92 	bl	4024b4 <__aeabi_dmul>
  401990:	a35d      	add	r3, pc, #372	; (adr r3, 401b08 <__ieee754_pow+0x890>)
  401992:	e9d3 2300 	ldrd	r2, r3, [r3]
  401996:	4606      	mov	r6, r0
  401998:	460f      	mov	r7, r1
  40199a:	f000 fd8b 	bl	4024b4 <__aeabi_dmul>
  40199e:	a35c      	add	r3, pc, #368	; (adr r3, 401b10 <__ieee754_pow+0x898>)
  4019a0:	e9d3 2300 	ldrd	r2, r3, [r3]
  4019a4:	f000 fbce 	bl	402144 <__aeabi_dsub>
  4019a8:	4632      	mov	r2, r6
  4019aa:	463b      	mov	r3, r7
  4019ac:	f000 fd82 	bl	4024b4 <__aeabi_dmul>
  4019b0:	a359      	add	r3, pc, #356	; (adr r3, 401b18 <__ieee754_pow+0x8a0>)
  4019b2:	e9d3 2300 	ldrd	r2, r3, [r3]
  4019b6:	f000 fbc7 	bl	402148 <__adddf3>
  4019ba:	4632      	mov	r2, r6
  4019bc:	463b      	mov	r3, r7
  4019be:	f000 fd79 	bl	4024b4 <__aeabi_dmul>
  4019c2:	a357      	add	r3, pc, #348	; (adr r3, 401b20 <__ieee754_pow+0x8a8>)
  4019c4:	e9d3 2300 	ldrd	r2, r3, [r3]
  4019c8:	f000 fbbc 	bl	402144 <__aeabi_dsub>
  4019cc:	4632      	mov	r2, r6
  4019ce:	463b      	mov	r3, r7
  4019d0:	f000 fd70 	bl	4024b4 <__aeabi_dmul>
  4019d4:	a354      	add	r3, pc, #336	; (adr r3, 401b28 <__ieee754_pow+0x8b0>)
  4019d6:	e9d3 2300 	ldrd	r2, r3, [r3]
  4019da:	f000 fbb5 	bl	402148 <__adddf3>
  4019de:	4632      	mov	r2, r6
  4019e0:	463b      	mov	r3, r7
  4019e2:	f000 fd67 	bl	4024b4 <__aeabi_dmul>
  4019e6:	4602      	mov	r2, r0
  4019e8:	460b      	mov	r3, r1
  4019ea:	4620      	mov	r0, r4
  4019ec:	4629      	mov	r1, r5
  4019ee:	f000 fba9 	bl	402144 <__aeabi_dsub>
  4019f2:	4606      	mov	r6, r0
  4019f4:	460f      	mov	r7, r1
  4019f6:	4602      	mov	r2, r0
  4019f8:	460b      	mov	r3, r1
  4019fa:	4620      	mov	r0, r4
  4019fc:	4629      	mov	r1, r5
  4019fe:	f000 fd59 	bl	4024b4 <__aeabi_dmul>
  401a02:	2200      	movs	r2, #0
  401a04:	4680      	mov	r8, r0
  401a06:	4689      	mov	r9, r1
  401a08:	4630      	mov	r0, r6
  401a0a:	4639      	mov	r1, r7
  401a0c:	f04f 4380 	mov.w	r3, #1073741824	; 0x40000000
  401a10:	f000 fb98 	bl	402144 <__aeabi_dsub>
  401a14:	4602      	mov	r2, r0
  401a16:	460b      	mov	r3, r1
  401a18:	4640      	mov	r0, r8
  401a1a:	4649      	mov	r1, r9
  401a1c:	f000 fe74 	bl	402708 <__aeabi_ddiv>
  401a20:	4652      	mov	r2, sl
  401a22:	4606      	mov	r6, r0
  401a24:	460f      	mov	r7, r1
  401a26:	465b      	mov	r3, fp
  401a28:	4620      	mov	r0, r4
  401a2a:	4629      	mov	r1, r5
  401a2c:	f000 fd42 	bl	4024b4 <__aeabi_dmul>
  401a30:	4652      	mov	r2, sl
  401a32:	465b      	mov	r3, fp
  401a34:	f000 fb88 	bl	402148 <__adddf3>
  401a38:	4602      	mov	r2, r0
  401a3a:	460b      	mov	r3, r1
  401a3c:	4630      	mov	r0, r6
  401a3e:	4639      	mov	r1, r7
  401a40:	f000 fb80 	bl	402144 <__aeabi_dsub>
  401a44:	4622      	mov	r2, r4
  401a46:	462b      	mov	r3, r5
  401a48:	f000 fb7c 	bl	402144 <__aeabi_dsub>
  401a4c:	4602      	mov	r2, r0
  401a4e:	460b      	mov	r3, r1
  401a50:	2000      	movs	r0, #0
  401a52:	493a      	ldr	r1, [pc, #232]	; (401b3c <__ieee754_pow+0x8c4>)
  401a54:	f000 fb76 	bl	402144 <__aeabi_dsub>
  401a58:	9d00      	ldr	r5, [sp, #0]
  401a5a:	460c      	mov	r4, r1
  401a5c:	442c      	add	r4, r5
  401a5e:	f5b4 1f80 	cmp.w	r4, #1048576	; 0x100000
  401a62:	f2c0 8141 	blt.w	401ce8 <__ieee754_pow+0xa70>
  401a66:	4621      	mov	r1, r4
  401a68:	e9dd 2302 	ldrd	r2, r3, [sp, #8]
  401a6c:	f000 fd22 	bl	4024b4 <__aeabi_dmul>
  401a70:	e9cd 0100 	strd	r0, r1, [sp]
  401a74:	e446      	b.n	401304 <__ieee754_pow+0x8c>
  401a76:	2e00      	cmp	r6, #0
  401a78:	f6ff acb0 	blt.w	4013dc <__ieee754_pow+0x164>
  401a7c:	2300      	movs	r3, #0
  401a7e:	2400      	movs	r4, #0
  401a80:	e9cd 3400 	strd	r3, r4, [sp]
  401a84:	e43e      	b.n	401304 <__ieee754_pow+0x8c>
  401a86:	f8df c0c0 	ldr.w	ip, [pc, #192]	; 401b48 <__ieee754_pow+0x8d0>
  401a8a:	f021 4300 	bic.w	r3, r1, #2147483648	; 0x80000000
  401a8e:	4563      	cmp	r3, ip
  401a90:	f340 80e5 	ble.w	401c5e <__ieee754_pow+0x9e6>
  401a94:	4b2d      	ldr	r3, [pc, #180]	; (401b4c <__ieee754_pow+0x8d4>)
  401a96:	440b      	add	r3, r1
  401a98:	4303      	orrs	r3, r0
  401a9a:	d10a      	bne.n	401ab2 <__ieee754_pow+0x83a>
  401a9c:	4622      	mov	r2, r4
  401a9e:	462b      	mov	r3, r5
  401aa0:	f000 fb50 	bl	402144 <__aeabi_dsub>
  401aa4:	4632      	mov	r2, r6
  401aa6:	463b      	mov	r3, r7
  401aa8:	f000 ff8a 	bl	4029c0 <__aeabi_dcmpge>
  401aac:	2800      	cmp	r0, #0
  401aae:	f43f aef3 	beq.w	401898 <__ieee754_pow+0x620>
  401ab2:	a31f      	add	r3, pc, #124	; (adr r3, 401b30 <__ieee754_pow+0x8b8>)
  401ab4:	e9d3 2300 	ldrd	r2, r3, [r3]
  401ab8:	e9dd 0102 	ldrd	r0, r1, [sp, #8]
  401abc:	f000 fcfa 	bl	4024b4 <__aeabi_dmul>
  401ac0:	a31b      	add	r3, pc, #108	; (adr r3, 401b30 <__ieee754_pow+0x8b8>)
  401ac2:	e9d3 2300 	ldrd	r2, r3, [r3]
  401ac6:	f000 fcf5 	bl	4024b4 <__aeabi_dmul>
  401aca:	e9cd 0100 	strd	r0, r1, [sp]
  401ace:	e419      	b.n	401304 <__ieee754_pow+0x8c>
  401ad0:	2e00      	cmp	r6, #0
  401ad2:	dad3      	bge.n	401a7c <__ieee754_pow+0x804>
  401ad4:	f109 4300 	add.w	r3, r9, #2147483648	; 0x80000000
  401ad8:	f8cd 8000 	str.w	r8, [sp]
  401adc:	9301      	str	r3, [sp, #4]
  401ade:	e411      	b.n	401304 <__ieee754_pow+0x8c>
  401ae0:	2500      	movs	r5, #0
  401ae2:	e4cb      	b.n	40147c <__ieee754_pow+0x204>
  401ae4:	f3af 8000 	nop.w
  401ae8:	652b82fe 	.word	0x652b82fe
  401aec:	3c971547 	.word	0x3c971547
  401af0:	00000000 	.word	0x00000000
  401af4:	3fe62e43 	.word	0x3fe62e43
  401af8:	fefa39ef 	.word	0xfefa39ef
  401afc:	3fe62e42 	.word	0x3fe62e42
  401b00:	0ca86c39 	.word	0x0ca86c39
  401b04:	be205c61 	.word	0xbe205c61
  401b08:	72bea4d0 	.word	0x72bea4d0
  401b0c:	3e663769 	.word	0x3e663769
  401b10:	c5d26bf1 	.word	0xc5d26bf1
  401b14:	3ebbbd41 	.word	0x3ebbbd41
  401b18:	af25de2c 	.word	0xaf25de2c
  401b1c:	3f11566a 	.word	0x3f11566a
  401b20:	16bebd93 	.word	0x16bebd93
  401b24:	3f66c16c 	.word	0x3f66c16c
  401b28:	5555553e 	.word	0x5555553e
  401b2c:	3fc55555 	.word	0x3fc55555
  401b30:	c2f8f359 	.word	0xc2f8f359
  401b34:	01a56e1f 	.word	0x01a56e1f
  401b38:	bff00000 	.word	0xbff00000
  401b3c:	3ff00000 	.word	0x3ff00000
  401b40:	408fffff 	.word	0x408fffff
  401b44:	000fffff 	.word	0x000fffff
  401b48:	4090cbff 	.word	0x4090cbff
  401b4c:	3f6f3400 	.word	0x3f6f3400
  401b50:	429c      	cmp	r4, r3
  401b52:	db90      	blt.n	401a76 <__ieee754_pow+0x7fe>
  401b54:	4b7e      	ldr	r3, [pc, #504]	; (401d50 <__ieee754_pow+0xad8>)
  401b56:	429c      	cmp	r4, r3
  401b58:	f73f ac3d 	bgt.w	4013d6 <__ieee754_pow+0x15e>
  401b5c:	e9dd 0100 	ldrd	r0, r1, [sp]
  401b60:	4b7b      	ldr	r3, [pc, #492]	; (401d50 <__ieee754_pow+0xad8>)
  401b62:	2200      	movs	r2, #0
  401b64:	f000 faee 	bl	402144 <__aeabi_dsub>
  401b68:	a36b      	add	r3, pc, #428	; (adr r3, 401d18 <__ieee754_pow+0xaa0>)
  401b6a:	e9d3 2300 	ldrd	r2, r3, [r3]
  401b6e:	4604      	mov	r4, r0
  401b70:	460d      	mov	r5, r1
  401b72:	f000 fc9f 	bl	4024b4 <__aeabi_dmul>
  401b76:	a36a      	add	r3, pc, #424	; (adr r3, 401d20 <__ieee754_pow+0xaa8>)
  401b78:	e9d3 2300 	ldrd	r2, r3, [r3]
  401b7c:	4682      	mov	sl, r0
  401b7e:	468b      	mov	fp, r1
  401b80:	4620      	mov	r0, r4
  401b82:	4629      	mov	r1, r5
  401b84:	f000 fc96 	bl	4024b4 <__aeabi_dmul>
  401b88:	4b72      	ldr	r3, [pc, #456]	; (401d54 <__ieee754_pow+0xadc>)
  401b8a:	e9cd 0100 	strd	r0, r1, [sp]
  401b8e:	2200      	movs	r2, #0
  401b90:	4620      	mov	r0, r4
  401b92:	4629      	mov	r1, r5
  401b94:	f000 fc8e 	bl	4024b4 <__aeabi_dmul>
  401b98:	4602      	mov	r2, r0
  401b9a:	460b      	mov	r3, r1
  401b9c:	a162      	add	r1, pc, #392	; (adr r1, 401d28 <__ieee754_pow+0xab0>)
  401b9e:	e9d1 0100 	ldrd	r0, r1, [r1]
  401ba2:	f000 facf 	bl	402144 <__aeabi_dsub>
  401ba6:	4622      	mov	r2, r4
  401ba8:	462b      	mov	r3, r5
  401baa:	f000 fc83 	bl	4024b4 <__aeabi_dmul>
  401bae:	4602      	mov	r2, r0
  401bb0:	460b      	mov	r3, r1
  401bb2:	2000      	movs	r0, #0
  401bb4:	4968      	ldr	r1, [pc, #416]	; (401d58 <__ieee754_pow+0xae0>)
  401bb6:	f000 fac5 	bl	402144 <__aeabi_dsub>
  401bba:	4622      	mov	r2, r4
  401bbc:	4606      	mov	r6, r0
  401bbe:	460f      	mov	r7, r1
  401bc0:	462b      	mov	r3, r5
  401bc2:	4620      	mov	r0, r4
  401bc4:	4629      	mov	r1, r5
  401bc6:	f000 fc75 	bl	4024b4 <__aeabi_dmul>
  401bca:	4602      	mov	r2, r0
  401bcc:	460b      	mov	r3, r1
  401bce:	4630      	mov	r0, r6
  401bd0:	4639      	mov	r1, r7
  401bd2:	f000 fc6f 	bl	4024b4 <__aeabi_dmul>
  401bd6:	a356      	add	r3, pc, #344	; (adr r3, 401d30 <__ieee754_pow+0xab8>)
  401bd8:	e9d3 2300 	ldrd	r2, r3, [r3]
  401bdc:	f000 fc6a 	bl	4024b4 <__aeabi_dmul>
  401be0:	4602      	mov	r2, r0
  401be2:	460b      	mov	r3, r1
  401be4:	e9dd 0100 	ldrd	r0, r1, [sp]
  401be8:	f000 faac 	bl	402144 <__aeabi_dsub>
  401bec:	4602      	mov	r2, r0
  401bee:	460b      	mov	r3, r1
  401bf0:	4606      	mov	r6, r0
  401bf2:	460f      	mov	r7, r1
  401bf4:	4650      	mov	r0, sl
  401bf6:	4659      	mov	r1, fp
  401bf8:	f000 faa6 	bl	402148 <__adddf3>
  401bfc:	2400      	movs	r4, #0
  401bfe:	4652      	mov	r2, sl
  401c00:	465b      	mov	r3, fp
  401c02:	4620      	mov	r0, r4
  401c04:	460d      	mov	r5, r1
  401c06:	f000 fa9d 	bl	402144 <__aeabi_dsub>
  401c0a:	4602      	mov	r2, r0
  401c0c:	460b      	mov	r3, r1
  401c0e:	4630      	mov	r0, r6
  401c10:	4639      	mov	r1, r7
  401c12:	f000 fa97 	bl	402144 <__aeabi_dsub>
  401c16:	e9cd 0104 	strd	r0, r1, [sp, #16]
  401c1a:	e5df      	b.n	4017dc <__ieee754_pow+0x564>
  401c1c:	494c      	ldr	r1, [pc, #304]	; (401d50 <__ieee754_pow+0xad8>)
  401c1e:	465a      	mov	r2, fp
  401c20:	4653      	mov	r3, sl
  401c22:	2000      	movs	r0, #0
  401c24:	f000 fd70 	bl	402708 <__aeabi_ddiv>
  401c28:	e9cd 0100 	strd	r0, r1, [sp]
  401c2c:	f7ff bb6a 	b.w	401304 <__ieee754_pow+0x8c>
  401c30:	465a      	mov	r2, fp
  401c32:	4658      	mov	r0, fp
  401c34:	4653      	mov	r3, sl
  401c36:	4651      	mov	r1, sl
  401c38:	f000 fc3c 	bl	4024b4 <__aeabi_dmul>
  401c3c:	e9cd 0100 	strd	r0, r1, [sp]
  401c40:	f7ff bb60 	b.w	401304 <__ieee754_pow+0x8c>
  401c44:	2b00      	cmp	r3, #0
  401c46:	d141      	bne.n	401ccc <__ieee754_pow+0xa54>
  401c48:	f1c2 0214 	rsb	r2, r2, #20
  401c4c:	fa45 f102 	asr.w	r1, r5, r2
  401c50:	fa01 f202 	lsl.w	r2, r1, r2
  401c54:	42aa      	cmp	r2, r5
  401c56:	d055      	beq.n	401d04 <__ieee754_pow+0xa8c>
  401c58:	9302      	str	r3, [sp, #8]
  401c5a:	f7ff bb32 	b.w	4012c2 <__ieee754_pow+0x4a>
  401c5e:	4a3e      	ldr	r2, [pc, #248]	; (401d58 <__ieee754_pow+0xae0>)
  401c60:	4293      	cmp	r3, r2
  401c62:	dc56      	bgt.n	401d12 <__ieee754_pow+0xa9a>
  401c64:	e9dd 2300 	ldrd	r2, r3, [sp]
  401c68:	9200      	str	r2, [sp, #0]
  401c6a:	9204      	str	r2, [sp, #16]
  401c6c:	e649      	b.n	401902 <__ieee754_pow+0x68a>
  401c6e:	a332      	add	r3, pc, #200	; (adr r3, 401d38 <__ieee754_pow+0xac0>)
  401c70:	e9d3 2300 	ldrd	r2, r3, [r3]
  401c74:	e9dd 0102 	ldrd	r0, r1, [sp, #8]
  401c78:	f000 fc1c 	bl	4024b4 <__aeabi_dmul>
  401c7c:	a32e      	add	r3, pc, #184	; (adr r3, 401d38 <__ieee754_pow+0xac0>)
  401c7e:	e9d3 2300 	ldrd	r2, r3, [r3]
  401c82:	f000 fc17 	bl	4024b4 <__aeabi_dmul>
  401c86:	e9cd 0100 	strd	r0, r1, [sp]
  401c8a:	f7ff bb3b 	b.w	401304 <__ieee754_pow+0x8c>
  401c8e:	9b02      	ldr	r3, [sp, #8]
  401c90:	2b01      	cmp	r3, #1
  401c92:	f47f ab37 	bne.w	401304 <__ieee754_pow+0x8c>
  401c96:	e9dd 4500 	ldrd	r4, r5, [sp]
  401c9a:	4622      	mov	r2, r4
  401c9c:	f105 4300 	add.w	r3, r5, #2147483648	; 0x80000000
  401ca0:	e9cd 2300 	strd	r2, r3, [sp]
  401ca4:	f7ff bb2e 	b.w	401304 <__ieee754_pow+0x8c>
  401ca8:	a325      	add	r3, pc, #148	; (adr r3, 401d40 <__ieee754_pow+0xac8>)
  401caa:	e9d3 2300 	ldrd	r2, r3, [r3]
  401cae:	e9cd 2308 	strd	r2, r3, [sp, #32]
  401cb2:	a325      	add	r3, pc, #148	; (adr r3, 401d48 <__ieee754_pow+0xad0>)
  401cb4:	e9d3 2300 	ldrd	r2, r3, [r3]
  401cb8:	e9cd 2310 	strd	r2, r3, [sp, #64]	; 0x40
  401cbc:	4b27      	ldr	r3, [pc, #156]	; (401d5c <__ieee754_pow+0xae4>)
  401cbe:	2200      	movs	r2, #0
  401cc0:	e9cd 2306 	strd	r2, r3, [sp, #24]
  401cc4:	f44f 2580 	mov.w	r5, #262144	; 0x40000
  401cc8:	f7ff bbf9 	b.w	4014be <__ieee754_pow+0x246>
  401ccc:	4658      	mov	r0, fp
  401cce:	4651      	mov	r1, sl
  401cd0:	f000 f90c 	bl	401eec <fabs>
  401cd4:	465b      	mov	r3, fp
  401cd6:	e9cd 0100 	strd	r0, r1, [sp]
  401cda:	2b00      	cmp	r3, #0
  401cdc:	f47f aba5 	bne.w	40142a <__ieee754_pow+0x1b2>
  401ce0:	f8cd b008 	str.w	fp, [sp, #8]
  401ce4:	f7ff bb3e 	b.w	401364 <__ieee754_pow+0xec>
  401ce8:	9a04      	ldr	r2, [sp, #16]
  401cea:	f000 f9ad 	bl	402048 <scalbn>
  401cee:	e6bb      	b.n	401a68 <__ieee754_pow+0x7f0>
  401cf0:	f001 0101 	and.w	r1, r1, #1
  401cf4:	f1c1 0202 	rsb	r2, r1, #2
  401cf8:	9202      	str	r2, [sp, #8]
  401cfa:	2b00      	cmp	r3, #0
  401cfc:	f43f aae1 	beq.w	4012c2 <__ieee754_pow+0x4a>
  401d00:	f7ff bb28 	b.w	401354 <__ieee754_pow+0xdc>
  401d04:	f001 0101 	and.w	r1, r1, #1
  401d08:	f1c1 0302 	rsb	r3, r1, #2
  401d0c:	9302      	str	r3, [sp, #8]
  401d0e:	f7ff bad8 	b.w	4012c2 <__ieee754_pow+0x4a>
  401d12:	151b      	asrs	r3, r3, #20
  401d14:	e5c2      	b.n	40189c <__ieee754_pow+0x624>
  401d16:	bf00      	nop
  401d18:	60000000 	.word	0x60000000
  401d1c:	3ff71547 	.word	0x3ff71547
  401d20:	f85ddf44 	.word	0xf85ddf44
  401d24:	3e54ae0b 	.word	0x3e54ae0b
  401d28:	55555555 	.word	0x55555555
  401d2c:	3fd55555 	.word	0x3fd55555
  401d30:	652b82fe 	.word	0x652b82fe
  401d34:	3ff71547 	.word	0x3ff71547
  401d38:	8800759c 	.word	0x8800759c
  401d3c:	7e37e43c 	.word	0x7e37e43c
  401d40:	40000000 	.word	0x40000000
  401d44:	3fe2b803 	.word	0x3fe2b803
  401d48:	43cfd006 	.word	0x43cfd006
  401d4c:	3e4cfdeb 	.word	0x3e4cfdeb
  401d50:	3ff00000 	.word	0x3ff00000
  401d54:	3fd00000 	.word	0x3fd00000
  401d58:	3fe00000 	.word	0x3fe00000
  401d5c:	3ff80000 	.word	0x3ff80000

00401d60 <__ieee754_sqrt>:
  401d60:	4a61      	ldr	r2, [pc, #388]	; (401ee8 <__ieee754_sqrt+0x188>)
  401d62:	438a      	bics	r2, r1
  401d64:	e92d 43f8 	stmdb	sp!, {r3, r4, r5, r6, r7, r8, r9, lr}
  401d68:	4605      	mov	r5, r0
  401d6a:	460c      	mov	r4, r1
  401d6c:	f000 809e 	beq.w	401eac <__ieee754_sqrt+0x14c>
  401d70:	2900      	cmp	r1, #0
  401d72:	460b      	mov	r3, r1
  401d74:	4684      	mov	ip, r0
  401d76:	dd54      	ble.n	401e22 <__ieee754_sqrt+0xc2>
  401d78:	1509      	asrs	r1, r1, #20
  401d7a:	d062      	beq.n	401e42 <__ieee754_sqrt+0xe2>
  401d7c:	f3c3 0313 	ubfx	r3, r3, #0, #20
  401d80:	07c8      	lsls	r0, r1, #31
  401d82:	f2a1 37ff 	subw	r7, r1, #1023	; 0x3ff
  401d86:	f443 1380 	orr.w	r3, r3, #1048576	; 0x100000
  401d8a:	d404      	bmi.n	401d96 <__ieee754_sqrt+0x36>
  401d8c:	005b      	lsls	r3, r3, #1
  401d8e:	eb03 73dc 	add.w	r3, r3, ip, lsr #31
  401d92:	ea4f 0c4c 	mov.w	ip, ip, lsl #1
  401d96:	ea4f 72dc 	mov.w	r2, ip, lsr #31
  401d9a:	2600      	movs	r6, #0
  401d9c:	eb02 0343 	add.w	r3, r2, r3, lsl #1
  401da0:	107f      	asrs	r7, r7, #1
  401da2:	ea4f 0c4c 	mov.w	ip, ip, lsl #1
  401da6:	f04f 0e16 	mov.w	lr, #22
  401daa:	4634      	mov	r4, r6
  401dac:	f44f 1200 	mov.w	r2, #2097152	; 0x200000
  401db0:	18a1      	adds	r1, r4, r2
  401db2:	4299      	cmp	r1, r3
  401db4:	dc02      	bgt.n	401dbc <__ieee754_sqrt+0x5c>
  401db6:	1a5b      	subs	r3, r3, r1
  401db8:	188c      	adds	r4, r1, r2
  401dba:	4416      	add	r6, r2
  401dbc:	005b      	lsls	r3, r3, #1
  401dbe:	f1be 0e01 	subs.w	lr, lr, #1
  401dc2:	eb03 73dc 	add.w	r3, r3, ip, lsr #31
  401dc6:	ea4f 0252 	mov.w	r2, r2, lsr #1
  401dca:	ea4f 0c4c 	mov.w	ip, ip, lsl #1
  401dce:	d1ef      	bne.n	401db0 <__ieee754_sqrt+0x50>
  401dd0:	4675      	mov	r5, lr
  401dd2:	2020      	movs	r0, #32
  401dd4:	f04f 4200 	mov.w	r2, #2147483648	; 0x80000000
  401dd8:	e00a      	b.n	401df0 <__ieee754_sqrt+0x90>
  401dda:	d043      	beq.n	401e64 <__ieee754_sqrt+0x104>
  401ddc:	ea4f 71dc 	mov.w	r1, ip, lsr #31
  401de0:	3801      	subs	r0, #1
  401de2:	eb01 0343 	add.w	r3, r1, r3, lsl #1
  401de6:	ea4f 0c4c 	mov.w	ip, ip, lsl #1
  401dea:	ea4f 0252 	mov.w	r2, r2, lsr #1
  401dee:	d042      	beq.n	401e76 <__ieee754_sqrt+0x116>
  401df0:	42a3      	cmp	r3, r4
  401df2:	eb02 010e 	add.w	r1, r2, lr
  401df6:	ddf0      	ble.n	401dda <__ieee754_sqrt+0x7a>
  401df8:	2900      	cmp	r1, #0
  401dfa:	eb01 0e02 	add.w	lr, r1, r2
  401dfe:	db0a      	blt.n	401e16 <__ieee754_sqrt+0xb6>
  401e00:	46a0      	mov	r8, r4
  401e02:	1b1b      	subs	r3, r3, r4
  401e04:	4561      	cmp	r1, ip
  401e06:	bf88      	it	hi
  401e08:	f103 33ff 	addhi.w	r3, r3, #4294967295	; 0xffffffff
  401e0c:	ebac 0c01 	sub.w	ip, ip, r1
  401e10:	4415      	add	r5, r2
  401e12:	4644      	mov	r4, r8
  401e14:	e7e2      	b.n	401ddc <__ieee754_sqrt+0x7c>
  401e16:	f1be 0f00 	cmp.w	lr, #0
  401e1a:	dbf1      	blt.n	401e00 <__ieee754_sqrt+0xa0>
  401e1c:	f104 0801 	add.w	r8, r4, #1
  401e20:	e7ef      	b.n	401e02 <__ieee754_sqrt+0xa2>
  401e22:	f021 4200 	bic.w	r2, r1, #2147483648	; 0x80000000
  401e26:	4302      	orrs	r2, r0
  401e28:	d036      	beq.n	401e98 <__ieee754_sqrt+0x138>
  401e2a:	2900      	cmp	r1, #0
  401e2c:	d14c      	bne.n	401ec8 <__ieee754_sqrt+0x168>
  401e2e:	ea4f 22dc 	mov.w	r2, ip, lsr #11
  401e32:	3915      	subs	r1, #21
  401e34:	4613      	mov	r3, r2
  401e36:	ea4f 5c4c 	mov.w	ip, ip, lsl #21
  401e3a:	2a00      	cmp	r2, #0
  401e3c:	d0f7      	beq.n	401e2e <__ieee754_sqrt+0xce>
  401e3e:	02d6      	lsls	r6, r2, #11
  401e40:	d44c      	bmi.n	401edc <__ieee754_sqrt+0x17c>
  401e42:	2000      	movs	r0, #0
  401e44:	005b      	lsls	r3, r3, #1
  401e46:	02dd      	lsls	r5, r3, #11
  401e48:	4604      	mov	r4, r0
  401e4a:	f100 0001 	add.w	r0, r0, #1
  401e4e:	d5f9      	bpl.n	401e44 <__ieee754_sqrt+0xe4>
  401e50:	461a      	mov	r2, r3
  401e52:	4663      	mov	r3, ip
  401e54:	fa0c fc00 	lsl.w	ip, ip, r0
  401e58:	f1c0 0020 	rsb	r0, r0, #32
  401e5c:	40c3      	lsrs	r3, r0
  401e5e:	1b09      	subs	r1, r1, r4
  401e60:	4313      	orrs	r3, r2
  401e62:	e78b      	b.n	401d7c <__ieee754_sqrt+0x1c>
  401e64:	4561      	cmp	r1, ip
  401e66:	d8b9      	bhi.n	401ddc <__ieee754_sqrt+0x7c>
  401e68:	2900      	cmp	r1, #0
  401e6a:	eb01 0e02 	add.w	lr, r1, r2
  401e6e:	dbd2      	blt.n	401e16 <__ieee754_sqrt+0xb6>
  401e70:	4698      	mov	r8, r3
  401e72:	2300      	movs	r3, #0
  401e74:	e7ca      	b.n	401e0c <__ieee754_sqrt+0xac>
  401e76:	ea53 030c 	orrs.w	r3, r3, ip
  401e7a:	d111      	bne.n	401ea0 <__ieee754_sqrt+0x140>
  401e7c:	0868      	lsrs	r0, r5, #1
  401e7e:	1073      	asrs	r3, r6, #1
  401e80:	f103 537f 	add.w	r3, r3, #1069547520	; 0x3fc00000
  401e84:	f503 1300 	add.w	r3, r3, #2097152	; 0x200000
  401e88:	07f2      	lsls	r2, r6, #31
  401e8a:	bf48      	it	mi
  401e8c:	f040 4000 	orrmi.w	r0, r0, #2147483648	; 0x80000000
  401e90:	eb03 5907 	add.w	r9, r3, r7, lsl #20
  401e94:	4605      	mov	r5, r0
  401e96:	464c      	mov	r4, r9
  401e98:	4628      	mov	r0, r5
  401e9a:	4621      	mov	r1, r4
  401e9c:	e8bd 83f8 	ldmia.w	sp!, {r3, r4, r5, r6, r7, r8, r9, pc}
  401ea0:	1c69      	adds	r1, r5, #1
  401ea2:	bf16      	itet	ne
  401ea4:	1c68      	addne	r0, r5, #1
  401ea6:	3601      	addeq	r6, #1
  401ea8:	0840      	lsrne	r0, r0, #1
  401eaa:	e7e8      	b.n	401e7e <__ieee754_sqrt+0x11e>
  401eac:	4602      	mov	r2, r0
  401eae:	460b      	mov	r3, r1
  401eb0:	f000 fb00 	bl	4024b4 <__aeabi_dmul>
  401eb4:	462a      	mov	r2, r5
  401eb6:	4623      	mov	r3, r4
  401eb8:	f000 f946 	bl	402148 <__adddf3>
  401ebc:	4605      	mov	r5, r0
  401ebe:	460c      	mov	r4, r1
  401ec0:	4628      	mov	r0, r5
  401ec2:	4621      	mov	r1, r4
  401ec4:	e8bd 83f8 	ldmia.w	sp!, {r3, r4, r5, r6, r7, r8, r9, pc}
  401ec8:	4602      	mov	r2, r0
  401eca:	f000 f93b 	bl	402144 <__aeabi_dsub>
  401ece:	4602      	mov	r2, r0
  401ed0:	460b      	mov	r3, r1
  401ed2:	f000 fc19 	bl	402708 <__aeabi_ddiv>
  401ed6:	4605      	mov	r5, r0
  401ed8:	460c      	mov	r4, r1
  401eda:	e7dd      	b.n	401e98 <__ieee754_sqrt+0x138>
  401edc:	4663      	mov	r3, ip
  401ede:	2020      	movs	r0, #32
  401ee0:	f04f 34ff 	mov.w	r4, #4294967295	; 0xffffffff
  401ee4:	e7ba      	b.n	401e5c <__ieee754_sqrt+0xfc>
  401ee6:	bf00      	nop
  401ee8:	7ff00000 	.word	0x7ff00000

00401eec <fabs>:
  401eec:	f021 4100 	bic.w	r1, r1, #2147483648	; 0x80000000
  401ef0:	4770      	bx	lr
  401ef2:	bf00      	nop

00401ef4 <finite>:
  401ef4:	f041 4000 	orr.w	r0, r1, #2147483648	; 0x80000000
  401ef8:	f500 1080 	add.w	r0, r0, #1048576	; 0x100000
  401efc:	0fc0      	lsrs	r0, r0, #31
  401efe:	4770      	bx	lr

00401f00 <nan>:
  401f00:	4901      	ldr	r1, [pc, #4]	; (401f08 <nan+0x8>)
  401f02:	2000      	movs	r0, #0
  401f04:	4770      	bx	lr
  401f06:	bf00      	nop
  401f08:	7ff80000 	.word	0x7ff80000

00401f0c <rint>:
  401f0c:	b5f0      	push	{r4, r5, r6, r7, lr}
  401f0e:	f3c1 550a 	ubfx	r5, r1, #20, #11
  401f12:	f2a5 3cff 	subw	ip, r5, #1023	; 0x3ff
  401f16:	f1bc 0f13 	cmp.w	ip, #19
  401f1a:	b083      	sub	sp, #12
  401f1c:	4602      	mov	r2, r0
  401f1e:	460b      	mov	r3, r1
  401f20:	460c      	mov	r4, r1
  401f22:	4686      	mov	lr, r0
  401f24:	ea4f 76d1 	mov.w	r6, r1, lsr #31
  401f28:	dc65      	bgt.n	401ff6 <rint+0xea>
  401f2a:	f1bc 0f00 	cmp.w	ip, #0
  401f2e:	db30      	blt.n	401f92 <rint+0x86>
  401f30:	4942      	ldr	r1, [pc, #264]	; (40203c <rint+0x130>)
  401f32:	fa41 f10c 	asr.w	r1, r1, ip
  401f36:	ea03 0001 	and.w	r0, r3, r1
  401f3a:	4310      	orrs	r0, r2
  401f3c:	d061      	beq.n	402002 <rint+0xf6>
  401f3e:	ea03 0351 	and.w	r3, r3, r1, lsr #1
  401f42:	ea52 0e03 	orrs.w	lr, r2, r3
  401f46:	ea4f 0151 	mov.w	r1, r1, lsr #1
  401f4a:	d00d      	beq.n	401f68 <rint+0x5c>
  401f4c:	ea24 0101 	bic.w	r1, r4, r1
  401f50:	f44f 2480 	mov.w	r4, #262144	; 0x40000
  401f54:	f1bc 0f13 	cmp.w	ip, #19
  401f58:	fa44 f40c 	asr.w	r4, r4, ip
  401f5c:	bf0c      	ite	eq
  401f5e:	f04f 4e00 	moveq.w	lr, #2147483648	; 0x80000000
  401f62:	f04f 0e00 	movne.w	lr, #0
  401f66:	430c      	orrs	r4, r1
  401f68:	4935      	ldr	r1, [pc, #212]	; (402040 <rint+0x134>)
  401f6a:	eb01 06c6 	add.w	r6, r1, r6, lsl #3
  401f6e:	4623      	mov	r3, r4
  401f70:	e9d6 4500 	ldrd	r4, r5, [r6]
  401f74:	4672      	mov	r2, lr
  401f76:	4620      	mov	r0, r4
  401f78:	4629      	mov	r1, r5
  401f7a:	f000 f8e5 	bl	402148 <__adddf3>
  401f7e:	e9cd 0100 	strd	r0, r1, [sp]
  401f82:	e9dd 0100 	ldrd	r0, r1, [sp]
  401f86:	4622      	mov	r2, r4
  401f88:	462b      	mov	r3, r5
  401f8a:	f000 f8db 	bl	402144 <__aeabi_dsub>
  401f8e:	b003      	add	sp, #12
  401f90:	bdf0      	pop	{r4, r5, r6, r7, pc}
  401f92:	f021 4100 	bic.w	r1, r1, #2147483648	; 0x80000000
  401f96:	4301      	orrs	r1, r0
  401f98:	4619      	mov	r1, r3
  401f9a:	d0f8      	beq.n	401f8e <rint+0x82>
  401f9c:	f3c3 0313 	ubfx	r3, r3, #0, #20
  401fa0:	ea43 0e00 	orr.w	lr, r3, r0
  401fa4:	4a26      	ldr	r2, [pc, #152]	; (402040 <rint+0x134>)
  401fa6:	f1ce 0300 	rsb	r3, lr, #0
  401faa:	ea43 030e 	orr.w	r3, r3, lr
  401fae:	eb02 06c6 	add.w	r6, r2, r6, lsl #3
  401fb2:	e9d6 6700 	ldrd	r6, r7, [r6]
  401fb6:	0c62      	lsrs	r2, r4, #17
  401fb8:	0b1b      	lsrs	r3, r3, #12
  401fba:	f403 2300 	and.w	r3, r3, #524288	; 0x80000
  401fbe:	0452      	lsls	r2, r2, #17
  401fc0:	ea43 0102 	orr.w	r1, r3, r2
  401fc4:	460b      	mov	r3, r1
  401fc6:	4602      	mov	r2, r0
  401fc8:	4639      	mov	r1, r7
  401fca:	4630      	mov	r0, r6
  401fcc:	f000 f8bc 	bl	402148 <__adddf3>
  401fd0:	e9cd 0100 	strd	r0, r1, [sp]
  401fd4:	4632      	mov	r2, r6
  401fd6:	463b      	mov	r3, r7
  401fd8:	e9dd 0100 	ldrd	r0, r1, [sp]
  401fdc:	f000 f8b2 	bl	402144 <__aeabi_dsub>
  401fe0:	f004 4400 	and.w	r4, r4, #2147483648	; 0x80000000
  401fe4:	f021 4100 	bic.w	r1, r1, #2147483648	; 0x80000000
  401fe8:	4602      	mov	r2, r0
  401fea:	ea41 0304 	orr.w	r3, r1, r4
  401fee:	4610      	mov	r0, r2
  401ff0:	4619      	mov	r1, r3
  401ff2:	b003      	add	sp, #12
  401ff4:	bdf0      	pop	{r4, r5, r6, r7, pc}
  401ff6:	f1bc 0f33 	cmp.w	ip, #51	; 0x33
  401ffa:	dd06      	ble.n	40200a <rint+0xfe>
  401ffc:	f5bc 6f80 	cmp.w	ip, #1024	; 0x400
  402000:	d018      	beq.n	402034 <rint+0x128>
  402002:	4610      	mov	r0, r2
  402004:	4619      	mov	r1, r3
  402006:	b003      	add	sp, #12
  402008:	bdf0      	pop	{r4, r5, r6, r7, pc}
  40200a:	f2a5 4513 	subw	r5, r5, #1043	; 0x413
  40200e:	f04f 31ff 	mov.w	r1, #4294967295	; 0xffffffff
  402012:	40e9      	lsrs	r1, r5
  402014:	4208      	tst	r0, r1
  402016:	d0f4      	beq.n	402002 <rint+0xf6>
  402018:	ea10 0251 	ands.w	r2, r0, r1, lsr #1
  40201c:	ea4f 0351 	mov.w	r3, r1, lsr #1
  402020:	d0a2      	beq.n	401f68 <rint+0x5c>
  402022:	f04f 4e80 	mov.w	lr, #1073741824	; 0x40000000
  402026:	ea20 0303 	bic.w	r3, r0, r3
  40202a:	fa4e f505 	asr.w	r5, lr, r5
  40202e:	ea43 0e05 	orr.w	lr, r3, r5
  402032:	e799      	b.n	401f68 <rint+0x5c>
  402034:	f000 f888 	bl	402148 <__adddf3>
  402038:	e7a9      	b.n	401f8e <rint+0x82>
  40203a:	bf00      	nop
  40203c:	000fffff 	.word	0x000fffff
  402040:	004041e0 	.word	0x004041e0
  402044:	00000000 	.word	0x00000000

00402048 <scalbn>:
  402048:	f3c1 530a 	ubfx	r3, r1, #20, #11
  40204c:	b570      	push	{r4, r5, r6, lr}
  40204e:	468c      	mov	ip, r1
  402050:	4604      	mov	r4, r0
  402052:	460d      	mov	r5, r1
  402054:	4616      	mov	r6, r2
  402056:	bb7b      	cbnz	r3, 4020b8 <scalbn+0x70>
  402058:	f021 4c00 	bic.w	ip, r1, #2147483648	; 0x80000000
  40205c:	4603      	mov	r3, r0
  40205e:	ea5c 0303 	orrs.w	r3, ip, r3
  402062:	d028      	beq.n	4020b6 <scalbn+0x6e>
  402064:	4b30      	ldr	r3, [pc, #192]	; (402128 <scalbn+0xe0>)
  402066:	2200      	movs	r2, #0
  402068:	f000 fa24 	bl	4024b4 <__aeabi_dmul>
  40206c:	4b2f      	ldr	r3, [pc, #188]	; (40212c <scalbn+0xe4>)
  40206e:	429e      	cmp	r6, r3
  402070:	4604      	mov	r4, r0
  402072:	460d      	mov	r5, r1
  402074:	db1a      	blt.n	4020ac <scalbn+0x64>
  402076:	f3c1 530a 	ubfx	r3, r1, #20, #11
  40207a:	468c      	mov	ip, r1
  40207c:	3b36      	subs	r3, #54	; 0x36
  40207e:	4433      	add	r3, r6
  402080:	f240 72fe 	movw	r2, #2046	; 0x7fe
  402084:	4293      	cmp	r3, r2
  402086:	dc20      	bgt.n	4020ca <scalbn+0x82>
  402088:	2b00      	cmp	r3, #0
  40208a:	dc3c      	bgt.n	402106 <scalbn+0xbe>
  40208c:	f113 0f35 	cmn.w	r3, #53	; 0x35
  402090:	da2c      	bge.n	4020ec <scalbn+0xa4>
  402092:	f24c 3350 	movw	r3, #50000	; 0xc350
  402096:	429e      	cmp	r6, r3
  402098:	dc17      	bgt.n	4020ca <scalbn+0x82>
  40209a:	f005 4300 	and.w	r3, r5, #2147483648	; 0x80000000
  40209e:	f043 71d2 	orr.w	r1, r3, #27525120	; 0x1a40000
  4020a2:	f441 31b7 	orr.w	r1, r1, #93696	; 0x16e00
  4020a6:	4822      	ldr	r0, [pc, #136]	; (402130 <scalbn+0xe8>)
  4020a8:	f041 011f 	orr.w	r1, r1, #31
  4020ac:	a31a      	add	r3, pc, #104	; (adr r3, 402118 <scalbn+0xd0>)
  4020ae:	e9d3 2300 	ldrd	r2, r3, [r3]
  4020b2:	f000 f9ff 	bl	4024b4 <__aeabi_dmul>
  4020b6:	bd70      	pop	{r4, r5, r6, pc}
  4020b8:	f240 72ff 	movw	r2, #2047	; 0x7ff
  4020bc:	4293      	cmp	r3, r2
  4020be:	d1de      	bne.n	40207e <scalbn+0x36>
  4020c0:	4602      	mov	r2, r0
  4020c2:	460b      	mov	r3, r1
  4020c4:	f000 f840 	bl	402148 <__adddf3>
  4020c8:	bd70      	pop	{r4, r5, r6, pc}
  4020ca:	f005 4300 	and.w	r3, r5, #2147483648	; 0x80000000
  4020ce:	f043 41fc 	orr.w	r1, r3, #2113929216	; 0x7e000000
  4020d2:	f441 115f 	orr.w	r1, r1, #3653632	; 0x37c000
  4020d6:	f441 5110 	orr.w	r1, r1, #9216	; 0x2400
  4020da:	a311      	add	r3, pc, #68	; (adr r3, 402120 <scalbn+0xd8>)
  4020dc:	e9d3 2300 	ldrd	r2, r3, [r3]
  4020e0:	4814      	ldr	r0, [pc, #80]	; (402134 <scalbn+0xec>)
  4020e2:	f041 013c 	orr.w	r1, r1, #60	; 0x3c
  4020e6:	f000 f9e5 	bl	4024b4 <__aeabi_dmul>
  4020ea:	bd70      	pop	{r4, r5, r6, pc}
  4020ec:	f02c 4cff 	bic.w	ip, ip, #2139095040	; 0x7f800000
  4020f0:	3336      	adds	r3, #54	; 0x36
  4020f2:	f42c 0ce0 	bic.w	ip, ip, #7340032	; 0x700000
  4020f6:	ea4c 5103 	orr.w	r1, ip, r3, lsl #20
  4020fa:	4620      	mov	r0, r4
  4020fc:	4b0e      	ldr	r3, [pc, #56]	; (402138 <scalbn+0xf0>)
  4020fe:	2200      	movs	r2, #0
  402100:	f000 f9d8 	bl	4024b4 <__aeabi_dmul>
  402104:	bd70      	pop	{r4, r5, r6, pc}
  402106:	f02c 4cff 	bic.w	ip, ip, #2139095040	; 0x7f800000
  40210a:	f42c 0ce0 	bic.w	ip, ip, #7340032	; 0x700000
  40210e:	4620      	mov	r0, r4
  402110:	ea4c 5103 	orr.w	r1, ip, r3, lsl #20
  402114:	bd70      	pop	{r4, r5, r6, pc}
  402116:	bf00      	nop
  402118:	c2f8f359 	.word	0xc2f8f359
  40211c:	01a56e1f 	.word	0x01a56e1f
  402120:	8800759c 	.word	0x8800759c
  402124:	7e37e43c 	.word	0x7e37e43c
  402128:	43500000 	.word	0x43500000
  40212c:	ffff3cb0 	.word	0xffff3cb0
  402130:	c2f8f359 	.word	0xc2f8f359
  402134:	8800759c 	.word	0x8800759c
  402138:	3c900000 	.word	0x3c900000

0040213c <__aeabi_drsub>:
  40213c:	f081 4100 	eor.w	r1, r1, #2147483648	; 0x80000000
  402140:	e002      	b.n	402148 <__adddf3>
  402142:	bf00      	nop

00402144 <__aeabi_dsub>:
  402144:	f083 4300 	eor.w	r3, r3, #2147483648	; 0x80000000

00402148 <__adddf3>:
  402148:	b530      	push	{r4, r5, lr}
  40214a:	ea4f 0441 	mov.w	r4, r1, lsl #1
  40214e:	ea4f 0543 	mov.w	r5, r3, lsl #1
  402152:	ea94 0f05 	teq	r4, r5
  402156:	bf08      	it	eq
  402158:	ea90 0f02 	teqeq	r0, r2
  40215c:	bf1f      	itttt	ne
  40215e:	ea54 0c00 	orrsne.w	ip, r4, r0
  402162:	ea55 0c02 	orrsne.w	ip, r5, r2
  402166:	ea7f 5c64 	mvnsne.w	ip, r4, asr #21
  40216a:	ea7f 5c65 	mvnsne.w	ip, r5, asr #21
  40216e:	f000 80e2 	beq.w	402336 <__adddf3+0x1ee>
  402172:	ea4f 5454 	mov.w	r4, r4, lsr #21
  402176:	ebd4 5555 	rsbs	r5, r4, r5, lsr #21
  40217a:	bfb8      	it	lt
  40217c:	426d      	neglt	r5, r5
  40217e:	dd0c      	ble.n	40219a <__adddf3+0x52>
  402180:	442c      	add	r4, r5
  402182:	ea80 0202 	eor.w	r2, r0, r2
  402186:	ea81 0303 	eor.w	r3, r1, r3
  40218a:	ea82 0000 	eor.w	r0, r2, r0
  40218e:	ea83 0101 	eor.w	r1, r3, r1
  402192:	ea80 0202 	eor.w	r2, r0, r2
  402196:	ea81 0303 	eor.w	r3, r1, r3
  40219a:	2d36      	cmp	r5, #54	; 0x36
  40219c:	bf88      	it	hi
  40219e:	bd30      	pophi	{r4, r5, pc}
  4021a0:	f011 4f00 	tst.w	r1, #2147483648	; 0x80000000
  4021a4:	ea4f 3101 	mov.w	r1, r1, lsl #12
  4021a8:	f44f 1c80 	mov.w	ip, #1048576	; 0x100000
  4021ac:	ea4c 3111 	orr.w	r1, ip, r1, lsr #12
  4021b0:	d002      	beq.n	4021b8 <__adddf3+0x70>
  4021b2:	4240      	negs	r0, r0
  4021b4:	eb61 0141 	sbc.w	r1, r1, r1, lsl #1
  4021b8:	f013 4f00 	tst.w	r3, #2147483648	; 0x80000000
  4021bc:	ea4f 3303 	mov.w	r3, r3, lsl #12
  4021c0:	ea4c 3313 	orr.w	r3, ip, r3, lsr #12
  4021c4:	d002      	beq.n	4021cc <__adddf3+0x84>
  4021c6:	4252      	negs	r2, r2
  4021c8:	eb63 0343 	sbc.w	r3, r3, r3, lsl #1
  4021cc:	ea94 0f05 	teq	r4, r5
  4021d0:	f000 80a7 	beq.w	402322 <__adddf3+0x1da>
  4021d4:	f1a4 0401 	sub.w	r4, r4, #1
  4021d8:	f1d5 0e20 	rsbs	lr, r5, #32
  4021dc:	db0d      	blt.n	4021fa <__adddf3+0xb2>
  4021de:	fa02 fc0e 	lsl.w	ip, r2, lr
  4021e2:	fa22 f205 	lsr.w	r2, r2, r5
  4021e6:	1880      	adds	r0, r0, r2
  4021e8:	f141 0100 	adc.w	r1, r1, #0
  4021ec:	fa03 f20e 	lsl.w	r2, r3, lr
  4021f0:	1880      	adds	r0, r0, r2
  4021f2:	fa43 f305 	asr.w	r3, r3, r5
  4021f6:	4159      	adcs	r1, r3
  4021f8:	e00e      	b.n	402218 <__adddf3+0xd0>
  4021fa:	f1a5 0520 	sub.w	r5, r5, #32
  4021fe:	f10e 0e20 	add.w	lr, lr, #32
  402202:	2a01      	cmp	r2, #1
  402204:	fa03 fc0e 	lsl.w	ip, r3, lr
  402208:	bf28      	it	cs
  40220a:	f04c 0c02 	orrcs.w	ip, ip, #2
  40220e:	fa43 f305 	asr.w	r3, r3, r5
  402212:	18c0      	adds	r0, r0, r3
  402214:	eb51 71e3 	adcs.w	r1, r1, r3, asr #31
  402218:	f001 4500 	and.w	r5, r1, #2147483648	; 0x80000000
  40221c:	d507      	bpl.n	40222e <__adddf3+0xe6>
  40221e:	f04f 0e00 	mov.w	lr, #0
  402222:	f1dc 0c00 	rsbs	ip, ip, #0
  402226:	eb7e 0000 	sbcs.w	r0, lr, r0
  40222a:	eb6e 0101 	sbc.w	r1, lr, r1
  40222e:	f5b1 1f80 	cmp.w	r1, #1048576	; 0x100000
  402232:	d31b      	bcc.n	40226c <__adddf3+0x124>
  402234:	f5b1 1f00 	cmp.w	r1, #2097152	; 0x200000
  402238:	d30c      	bcc.n	402254 <__adddf3+0x10c>
  40223a:	0849      	lsrs	r1, r1, #1
  40223c:	ea5f 0030 	movs.w	r0, r0, rrx
  402240:	ea4f 0c3c 	mov.w	ip, ip, rrx
  402244:	f104 0401 	add.w	r4, r4, #1
  402248:	ea4f 5244 	mov.w	r2, r4, lsl #21
  40224c:	f512 0f80 	cmn.w	r2, #4194304	; 0x400000
  402250:	f080 809a 	bcs.w	402388 <__adddf3+0x240>
  402254:	f1bc 4f00 	cmp.w	ip, #2147483648	; 0x80000000
  402258:	bf08      	it	eq
  40225a:	ea5f 0c50 	movseq.w	ip, r0, lsr #1
  40225e:	f150 0000 	adcs.w	r0, r0, #0
  402262:	eb41 5104 	adc.w	r1, r1, r4, lsl #20
  402266:	ea41 0105 	orr.w	r1, r1, r5
  40226a:	bd30      	pop	{r4, r5, pc}
  40226c:	ea5f 0c4c 	movs.w	ip, ip, lsl #1
  402270:	4140      	adcs	r0, r0
  402272:	eb41 0101 	adc.w	r1, r1, r1
  402276:	3c01      	subs	r4, #1
  402278:	bf28      	it	cs
  40227a:	f5b1 1f80 	cmpcs.w	r1, #1048576	; 0x100000
  40227e:	d2e9      	bcs.n	402254 <__adddf3+0x10c>
  402280:	f091 0f00 	teq	r1, #0
  402284:	bf04      	itt	eq
  402286:	4601      	moveq	r1, r0
  402288:	2000      	moveq	r0, #0
  40228a:	fab1 f381 	clz	r3, r1
  40228e:	bf08      	it	eq
  402290:	3320      	addeq	r3, #32
  402292:	f1a3 030b 	sub.w	r3, r3, #11
  402296:	f1b3 0220 	subs.w	r2, r3, #32
  40229a:	da0c      	bge.n	4022b6 <__adddf3+0x16e>
  40229c:	320c      	adds	r2, #12
  40229e:	dd08      	ble.n	4022b2 <__adddf3+0x16a>
  4022a0:	f102 0c14 	add.w	ip, r2, #20
  4022a4:	f1c2 020c 	rsb	r2, r2, #12
  4022a8:	fa01 f00c 	lsl.w	r0, r1, ip
  4022ac:	fa21 f102 	lsr.w	r1, r1, r2
  4022b0:	e00c      	b.n	4022cc <__adddf3+0x184>
  4022b2:	f102 0214 	add.w	r2, r2, #20
  4022b6:	bfd8      	it	le
  4022b8:	f1c2 0c20 	rsble	ip, r2, #32
  4022bc:	fa01 f102 	lsl.w	r1, r1, r2
  4022c0:	fa20 fc0c 	lsr.w	ip, r0, ip
  4022c4:	bfdc      	itt	le
  4022c6:	ea41 010c 	orrle.w	r1, r1, ip
  4022ca:	4090      	lslle	r0, r2
  4022cc:	1ae4      	subs	r4, r4, r3
  4022ce:	bfa2      	ittt	ge
  4022d0:	eb01 5104 	addge.w	r1, r1, r4, lsl #20
  4022d4:	4329      	orrge	r1, r5
  4022d6:	bd30      	popge	{r4, r5, pc}
  4022d8:	ea6f 0404 	mvn.w	r4, r4
  4022dc:	3c1f      	subs	r4, #31
  4022de:	da1c      	bge.n	40231a <__adddf3+0x1d2>
  4022e0:	340c      	adds	r4, #12
  4022e2:	dc0e      	bgt.n	402302 <__adddf3+0x1ba>
  4022e4:	f104 0414 	add.w	r4, r4, #20
  4022e8:	f1c4 0220 	rsb	r2, r4, #32
  4022ec:	fa20 f004 	lsr.w	r0, r0, r4
  4022f0:	fa01 f302 	lsl.w	r3, r1, r2
  4022f4:	ea40 0003 	orr.w	r0, r0, r3
  4022f8:	fa21 f304 	lsr.w	r3, r1, r4
  4022fc:	ea45 0103 	orr.w	r1, r5, r3
  402300:	bd30      	pop	{r4, r5, pc}
  402302:	f1c4 040c 	rsb	r4, r4, #12
  402306:	f1c4 0220 	rsb	r2, r4, #32
  40230a:	fa20 f002 	lsr.w	r0, r0, r2
  40230e:	fa01 f304 	lsl.w	r3, r1, r4
  402312:	ea40 0003 	orr.w	r0, r0, r3
  402316:	4629      	mov	r1, r5
  402318:	bd30      	pop	{r4, r5, pc}
  40231a:	fa21 f004 	lsr.w	r0, r1, r4
  40231e:	4629      	mov	r1, r5
  402320:	bd30      	pop	{r4, r5, pc}
  402322:	f094 0f00 	teq	r4, #0
  402326:	f483 1380 	eor.w	r3, r3, #1048576	; 0x100000
  40232a:	bf06      	itte	eq
  40232c:	f481 1180 	eoreq.w	r1, r1, #1048576	; 0x100000
  402330:	3401      	addeq	r4, #1
  402332:	3d01      	subne	r5, #1
  402334:	e74e      	b.n	4021d4 <__adddf3+0x8c>
  402336:	ea7f 5c64 	mvns.w	ip, r4, asr #21
  40233a:	bf18      	it	ne
  40233c:	ea7f 5c65 	mvnsne.w	ip, r5, asr #21
  402340:	d029      	beq.n	402396 <__adddf3+0x24e>
  402342:	ea94 0f05 	teq	r4, r5
  402346:	bf08      	it	eq
  402348:	ea90 0f02 	teqeq	r0, r2
  40234c:	d005      	beq.n	40235a <__adddf3+0x212>
  40234e:	ea54 0c00 	orrs.w	ip, r4, r0
  402352:	bf04      	itt	eq
  402354:	4619      	moveq	r1, r3
  402356:	4610      	moveq	r0, r2
  402358:	bd30      	pop	{r4, r5, pc}
  40235a:	ea91 0f03 	teq	r1, r3
  40235e:	bf1e      	ittt	ne
  402360:	2100      	movne	r1, #0
  402362:	2000      	movne	r0, #0
  402364:	bd30      	popne	{r4, r5, pc}
  402366:	ea5f 5c54 	movs.w	ip, r4, lsr #21
  40236a:	d105      	bne.n	402378 <__adddf3+0x230>
  40236c:	0040      	lsls	r0, r0, #1
  40236e:	4149      	adcs	r1, r1
  402370:	bf28      	it	cs
  402372:	f041 4100 	orrcs.w	r1, r1, #2147483648	; 0x80000000
  402376:	bd30      	pop	{r4, r5, pc}
  402378:	f514 0480 	adds.w	r4, r4, #4194304	; 0x400000
  40237c:	bf3c      	itt	cc
  40237e:	f501 1180 	addcc.w	r1, r1, #1048576	; 0x100000
  402382:	bd30      	popcc	{r4, r5, pc}
  402384:	f001 4500 	and.w	r5, r1, #2147483648	; 0x80000000
  402388:	f045 41fe 	orr.w	r1, r5, #2130706432	; 0x7f000000
  40238c:	f441 0170 	orr.w	r1, r1, #15728640	; 0xf00000
  402390:	f04f 0000 	mov.w	r0, #0
  402394:	bd30      	pop	{r4, r5, pc}
  402396:	ea7f 5c64 	mvns.w	ip, r4, asr #21
  40239a:	bf1a      	itte	ne
  40239c:	4619      	movne	r1, r3
  40239e:	4610      	movne	r0, r2
  4023a0:	ea7f 5c65 	mvnseq.w	ip, r5, asr #21
  4023a4:	bf1c      	itt	ne
  4023a6:	460b      	movne	r3, r1
  4023a8:	4602      	movne	r2, r0
  4023aa:	ea50 3401 	orrs.w	r4, r0, r1, lsl #12
  4023ae:	bf06      	itte	eq
  4023b0:	ea52 3503 	orrseq.w	r5, r2, r3, lsl #12
  4023b4:	ea91 0f03 	teqeq	r1, r3
  4023b8:	f441 2100 	orrne.w	r1, r1, #524288	; 0x80000
  4023bc:	bd30      	pop	{r4, r5, pc}
  4023be:	bf00      	nop

004023c0 <__aeabi_ui2d>:
  4023c0:	f090 0f00 	teq	r0, #0
  4023c4:	bf04      	itt	eq
  4023c6:	2100      	moveq	r1, #0
  4023c8:	4770      	bxeq	lr
  4023ca:	b530      	push	{r4, r5, lr}
  4023cc:	f44f 6480 	mov.w	r4, #1024	; 0x400
  4023d0:	f104 0432 	add.w	r4, r4, #50	; 0x32
  4023d4:	f04f 0500 	mov.w	r5, #0
  4023d8:	f04f 0100 	mov.w	r1, #0
  4023dc:	e750      	b.n	402280 <__adddf3+0x138>
  4023de:	bf00      	nop

004023e0 <__aeabi_i2d>:
  4023e0:	f090 0f00 	teq	r0, #0
  4023e4:	bf04      	itt	eq
  4023e6:	2100      	moveq	r1, #0
  4023e8:	4770      	bxeq	lr
  4023ea:	b530      	push	{r4, r5, lr}
  4023ec:	f44f 6480 	mov.w	r4, #1024	; 0x400
  4023f0:	f104 0432 	add.w	r4, r4, #50	; 0x32
  4023f4:	f010 4500 	ands.w	r5, r0, #2147483648	; 0x80000000
  4023f8:	bf48      	it	mi
  4023fa:	4240      	negmi	r0, r0
  4023fc:	f04f 0100 	mov.w	r1, #0
  402400:	e73e      	b.n	402280 <__adddf3+0x138>
  402402:	bf00      	nop

00402404 <__aeabi_f2d>:
  402404:	0042      	lsls	r2, r0, #1
  402406:	ea4f 01e2 	mov.w	r1, r2, asr #3
  40240a:	ea4f 0131 	mov.w	r1, r1, rrx
  40240e:	ea4f 7002 	mov.w	r0, r2, lsl #28
  402412:	bf1f      	itttt	ne
  402414:	f012 437f 	andsne.w	r3, r2, #4278190080	; 0xff000000
  402418:	f093 4f7f 	teqne	r3, #4278190080	; 0xff000000
  40241c:	f081 5160 	eorne.w	r1, r1, #939524096	; 0x38000000
  402420:	4770      	bxne	lr
  402422:	f032 427f 	bics.w	r2, r2, #4278190080	; 0xff000000
  402426:	bf08      	it	eq
  402428:	4770      	bxeq	lr
  40242a:	f093 4f7f 	teq	r3, #4278190080	; 0xff000000
  40242e:	bf04      	itt	eq
  402430:	f441 2100 	orreq.w	r1, r1, #524288	; 0x80000
  402434:	4770      	bxeq	lr
  402436:	b530      	push	{r4, r5, lr}
  402438:	f44f 7460 	mov.w	r4, #896	; 0x380
  40243c:	f001 4500 	and.w	r5, r1, #2147483648	; 0x80000000
  402440:	f021 4100 	bic.w	r1, r1, #2147483648	; 0x80000000
  402444:	e71c      	b.n	402280 <__adddf3+0x138>
  402446:	bf00      	nop

00402448 <__aeabi_ul2d>:
  402448:	ea50 0201 	orrs.w	r2, r0, r1
  40244c:	bf08      	it	eq
  40244e:	4770      	bxeq	lr
  402450:	b530      	push	{r4, r5, lr}
  402452:	f04f 0500 	mov.w	r5, #0
  402456:	e00a      	b.n	40246e <__aeabi_l2d+0x16>

00402458 <__aeabi_l2d>:
  402458:	ea50 0201 	orrs.w	r2, r0, r1
  40245c:	bf08      	it	eq
  40245e:	4770      	bxeq	lr
  402460:	b530      	push	{r4, r5, lr}
  402462:	f011 4500 	ands.w	r5, r1, #2147483648	; 0x80000000
  402466:	d502      	bpl.n	40246e <__aeabi_l2d+0x16>
  402468:	4240      	negs	r0, r0
  40246a:	eb61 0141 	sbc.w	r1, r1, r1, lsl #1
  40246e:	f44f 6480 	mov.w	r4, #1024	; 0x400
  402472:	f104 0432 	add.w	r4, r4, #50	; 0x32
  402476:	ea5f 5c91 	movs.w	ip, r1, lsr #22
  40247a:	f43f aed8 	beq.w	40222e <__adddf3+0xe6>
  40247e:	f04f 0203 	mov.w	r2, #3
  402482:	ea5f 0cdc 	movs.w	ip, ip, lsr #3
  402486:	bf18      	it	ne
  402488:	3203      	addne	r2, #3
  40248a:	ea5f 0cdc 	movs.w	ip, ip, lsr #3
  40248e:	bf18      	it	ne
  402490:	3203      	addne	r2, #3
  402492:	eb02 02dc 	add.w	r2, r2, ip, lsr #3
  402496:	f1c2 0320 	rsb	r3, r2, #32
  40249a:	fa00 fc03 	lsl.w	ip, r0, r3
  40249e:	fa20 f002 	lsr.w	r0, r0, r2
  4024a2:	fa01 fe03 	lsl.w	lr, r1, r3
  4024a6:	ea40 000e 	orr.w	r0, r0, lr
  4024aa:	fa21 f102 	lsr.w	r1, r1, r2
  4024ae:	4414      	add	r4, r2
  4024b0:	e6bd      	b.n	40222e <__adddf3+0xe6>
  4024b2:	bf00      	nop

004024b4 <__aeabi_dmul>:
  4024b4:	b570      	push	{r4, r5, r6, lr}
  4024b6:	f04f 0cff 	mov.w	ip, #255	; 0xff
  4024ba:	f44c 6ce0 	orr.w	ip, ip, #1792	; 0x700
  4024be:	ea1c 5411 	ands.w	r4, ip, r1, lsr #20
  4024c2:	bf1d      	ittte	ne
  4024c4:	ea1c 5513 	andsne.w	r5, ip, r3, lsr #20
  4024c8:	ea94 0f0c 	teqne	r4, ip
  4024cc:	ea95 0f0c 	teqne	r5, ip
  4024d0:	f000 f8de 	bleq	402690 <__aeabi_dmul+0x1dc>
  4024d4:	442c      	add	r4, r5
  4024d6:	ea81 0603 	eor.w	r6, r1, r3
  4024da:	ea21 514c 	bic.w	r1, r1, ip, lsl #21
  4024de:	ea23 534c 	bic.w	r3, r3, ip, lsl #21
  4024e2:	ea50 3501 	orrs.w	r5, r0, r1, lsl #12
  4024e6:	bf18      	it	ne
  4024e8:	ea52 3503 	orrsne.w	r5, r2, r3, lsl #12
  4024ec:	f441 1180 	orr.w	r1, r1, #1048576	; 0x100000
  4024f0:	f443 1380 	orr.w	r3, r3, #1048576	; 0x100000
  4024f4:	d038      	beq.n	402568 <__aeabi_dmul+0xb4>
  4024f6:	fba0 ce02 	umull	ip, lr, r0, r2
  4024fa:	f04f 0500 	mov.w	r5, #0
  4024fe:	fbe1 e502 	umlal	lr, r5, r1, r2
  402502:	f006 4200 	and.w	r2, r6, #2147483648	; 0x80000000
  402506:	fbe0 e503 	umlal	lr, r5, r0, r3
  40250a:	f04f 0600 	mov.w	r6, #0
  40250e:	fbe1 5603 	umlal	r5, r6, r1, r3
  402512:	f09c 0f00 	teq	ip, #0
  402516:	bf18      	it	ne
  402518:	f04e 0e01 	orrne.w	lr, lr, #1
  40251c:	f1a4 04ff 	sub.w	r4, r4, #255	; 0xff
  402520:	f5b6 7f00 	cmp.w	r6, #512	; 0x200
  402524:	f564 7440 	sbc.w	r4, r4, #768	; 0x300
  402528:	d204      	bcs.n	402534 <__aeabi_dmul+0x80>
  40252a:	ea5f 0e4e 	movs.w	lr, lr, lsl #1
  40252e:	416d      	adcs	r5, r5
  402530:	eb46 0606 	adc.w	r6, r6, r6
  402534:	ea42 21c6 	orr.w	r1, r2, r6, lsl #11
  402538:	ea41 5155 	orr.w	r1, r1, r5, lsr #21
  40253c:	ea4f 20c5 	mov.w	r0, r5, lsl #11
  402540:	ea40 505e 	orr.w	r0, r0, lr, lsr #21
  402544:	ea4f 2ece 	mov.w	lr, lr, lsl #11
  402548:	f1b4 0cfd 	subs.w	ip, r4, #253	; 0xfd
  40254c:	bf88      	it	hi
  40254e:	f5bc 6fe0 	cmphi.w	ip, #1792	; 0x700
  402552:	d81e      	bhi.n	402592 <__aeabi_dmul+0xde>
  402554:	f1be 4f00 	cmp.w	lr, #2147483648	; 0x80000000
  402558:	bf08      	it	eq
  40255a:	ea5f 0e50 	movseq.w	lr, r0, lsr #1
  40255e:	f150 0000 	adcs.w	r0, r0, #0
  402562:	eb41 5104 	adc.w	r1, r1, r4, lsl #20
  402566:	bd70      	pop	{r4, r5, r6, pc}
  402568:	f006 4600 	and.w	r6, r6, #2147483648	; 0x80000000
  40256c:	ea46 0101 	orr.w	r1, r6, r1
  402570:	ea40 0002 	orr.w	r0, r0, r2
  402574:	ea81 0103 	eor.w	r1, r1, r3
  402578:	ebb4 045c 	subs.w	r4, r4, ip, lsr #1
  40257c:	bfc2      	ittt	gt
  40257e:	ebd4 050c 	rsbsgt	r5, r4, ip
  402582:	ea41 5104 	orrgt.w	r1, r1, r4, lsl #20
  402586:	bd70      	popgt	{r4, r5, r6, pc}
  402588:	f441 1180 	orr.w	r1, r1, #1048576	; 0x100000
  40258c:	f04f 0e00 	mov.w	lr, #0
  402590:	3c01      	subs	r4, #1
  402592:	f300 80ab 	bgt.w	4026ec <__aeabi_dmul+0x238>
  402596:	f114 0f36 	cmn.w	r4, #54	; 0x36
  40259a:	bfde      	ittt	le
  40259c:	2000      	movle	r0, #0
  40259e:	f001 4100 	andle.w	r1, r1, #2147483648	; 0x80000000
  4025a2:	bd70      	pople	{r4, r5, r6, pc}
  4025a4:	f1c4 0400 	rsb	r4, r4, #0
  4025a8:	3c20      	subs	r4, #32
  4025aa:	da35      	bge.n	402618 <__aeabi_dmul+0x164>
  4025ac:	340c      	adds	r4, #12
  4025ae:	dc1b      	bgt.n	4025e8 <__aeabi_dmul+0x134>
  4025b0:	f104 0414 	add.w	r4, r4, #20
  4025b4:	f1c4 0520 	rsb	r5, r4, #32
  4025b8:	fa00 f305 	lsl.w	r3, r0, r5
  4025bc:	fa20 f004 	lsr.w	r0, r0, r4
  4025c0:	fa01 f205 	lsl.w	r2, r1, r5
  4025c4:	ea40 0002 	orr.w	r0, r0, r2
  4025c8:	f001 4200 	and.w	r2, r1, #2147483648	; 0x80000000
  4025cc:	f021 4100 	bic.w	r1, r1, #2147483648	; 0x80000000
  4025d0:	eb10 70d3 	adds.w	r0, r0, r3, lsr #31
  4025d4:	fa21 f604 	lsr.w	r6, r1, r4
  4025d8:	eb42 0106 	adc.w	r1, r2, r6
  4025dc:	ea5e 0e43 	orrs.w	lr, lr, r3, lsl #1
  4025e0:	bf08      	it	eq
  4025e2:	ea20 70d3 	biceq.w	r0, r0, r3, lsr #31
  4025e6:	bd70      	pop	{r4, r5, r6, pc}
  4025e8:	f1c4 040c 	rsb	r4, r4, #12
  4025ec:	f1c4 0520 	rsb	r5, r4, #32
  4025f0:	fa00 f304 	lsl.w	r3, r0, r4
  4025f4:	fa20 f005 	lsr.w	r0, r0, r5
  4025f8:	fa01 f204 	lsl.w	r2, r1, r4
  4025fc:	ea40 0002 	orr.w	r0, r0, r2
  402600:	f001 4100 	and.w	r1, r1, #2147483648	; 0x80000000
  402604:	eb10 70d3 	adds.w	r0, r0, r3, lsr #31
  402608:	f141 0100 	adc.w	r1, r1, #0
  40260c:	ea5e 0e43 	orrs.w	lr, lr, r3, lsl #1
  402610:	bf08      	it	eq
  402612:	ea20 70d3 	biceq.w	r0, r0, r3, lsr #31
  402616:	bd70      	pop	{r4, r5, r6, pc}
  402618:	f1c4 0520 	rsb	r5, r4, #32
  40261c:	fa00 f205 	lsl.w	r2, r0, r5
  402620:	ea4e 0e02 	orr.w	lr, lr, r2
  402624:	fa20 f304 	lsr.w	r3, r0, r4
  402628:	fa01 f205 	lsl.w	r2, r1, r5
  40262c:	ea43 0302 	orr.w	r3, r3, r2
  402630:	fa21 f004 	lsr.w	r0, r1, r4
  402634:	f001 4100 	and.w	r1, r1, #2147483648	; 0x80000000
  402638:	fa21 f204 	lsr.w	r2, r1, r4
  40263c:	ea20 0002 	bic.w	r0, r0, r2
  402640:	eb00 70d3 	add.w	r0, r0, r3, lsr #31
  402644:	ea5e 0e43 	orrs.w	lr, lr, r3, lsl #1
  402648:	bf08      	it	eq
  40264a:	ea20 70d3 	biceq.w	r0, r0, r3, lsr #31
  40264e:	bd70      	pop	{r4, r5, r6, pc}
  402650:	f094 0f00 	teq	r4, #0
  402654:	d10f      	bne.n	402676 <__aeabi_dmul+0x1c2>
  402656:	f001 4600 	and.w	r6, r1, #2147483648	; 0x80000000
  40265a:	0040      	lsls	r0, r0, #1
  40265c:	eb41 0101 	adc.w	r1, r1, r1
  402660:	f411 1f80 	tst.w	r1, #1048576	; 0x100000
  402664:	bf08      	it	eq
  402666:	3c01      	subeq	r4, #1
  402668:	d0f7      	beq.n	40265a <__aeabi_dmul+0x1a6>
  40266a:	ea41 0106 	orr.w	r1, r1, r6
  40266e:	f095 0f00 	teq	r5, #0
  402672:	bf18      	it	ne
  402674:	4770      	bxne	lr
  402676:	f003 4600 	and.w	r6, r3, #2147483648	; 0x80000000
  40267a:	0052      	lsls	r2, r2, #1
  40267c:	eb43 0303 	adc.w	r3, r3, r3
  402680:	f413 1f80 	tst.w	r3, #1048576	; 0x100000
  402684:	bf08      	it	eq
  402686:	3d01      	subeq	r5, #1
  402688:	d0f7      	beq.n	40267a <__aeabi_dmul+0x1c6>
  40268a:	ea43 0306 	orr.w	r3, r3, r6
  40268e:	4770      	bx	lr
  402690:	ea94 0f0c 	teq	r4, ip
  402694:	ea0c 5513 	and.w	r5, ip, r3, lsr #20
  402698:	bf18      	it	ne
  40269a:	ea95 0f0c 	teqne	r5, ip
  40269e:	d00c      	beq.n	4026ba <__aeabi_dmul+0x206>
  4026a0:	ea50 0641 	orrs.w	r6, r0, r1, lsl #1
  4026a4:	bf18      	it	ne
  4026a6:	ea52 0643 	orrsne.w	r6, r2, r3, lsl #1
  4026aa:	d1d1      	bne.n	402650 <__aeabi_dmul+0x19c>
  4026ac:	ea81 0103 	eor.w	r1, r1, r3
  4026b0:	f001 4100 	and.w	r1, r1, #2147483648	; 0x80000000
  4026b4:	f04f 0000 	mov.w	r0, #0
  4026b8:	bd70      	pop	{r4, r5, r6, pc}
  4026ba:	ea50 0641 	orrs.w	r6, r0, r1, lsl #1
  4026be:	bf06      	itte	eq
  4026c0:	4610      	moveq	r0, r2
  4026c2:	4619      	moveq	r1, r3
  4026c4:	ea52 0643 	orrsne.w	r6, r2, r3, lsl #1
  4026c8:	d019      	beq.n	4026fe <__aeabi_dmul+0x24a>
  4026ca:	ea94 0f0c 	teq	r4, ip
  4026ce:	d102      	bne.n	4026d6 <__aeabi_dmul+0x222>
  4026d0:	ea50 3601 	orrs.w	r6, r0, r1, lsl #12
  4026d4:	d113      	bne.n	4026fe <__aeabi_dmul+0x24a>
  4026d6:	ea95 0f0c 	teq	r5, ip
  4026da:	d105      	bne.n	4026e8 <__aeabi_dmul+0x234>
  4026dc:	ea52 3603 	orrs.w	r6, r2, r3, lsl #12
  4026e0:	bf1c      	itt	ne
  4026e2:	4610      	movne	r0, r2
  4026e4:	4619      	movne	r1, r3
  4026e6:	d10a      	bne.n	4026fe <__aeabi_dmul+0x24a>
  4026e8:	ea81 0103 	eor.w	r1, r1, r3
  4026ec:	f001 4100 	and.w	r1, r1, #2147483648	; 0x80000000
  4026f0:	f041 41fe 	orr.w	r1, r1, #2130706432	; 0x7f000000
  4026f4:	f441 0170 	orr.w	r1, r1, #15728640	; 0xf00000
  4026f8:	f04f 0000 	mov.w	r0, #0
  4026fc:	bd70      	pop	{r4, r5, r6, pc}
  4026fe:	f041 41fe 	orr.w	r1, r1, #2130706432	; 0x7f000000
  402702:	f441 0178 	orr.w	r1, r1, #16252928	; 0xf80000
  402706:	bd70      	pop	{r4, r5, r6, pc}

00402708 <__aeabi_ddiv>:
  402708:	b570      	push	{r4, r5, r6, lr}
  40270a:	f04f 0cff 	mov.w	ip, #255	; 0xff
  40270e:	f44c 6ce0 	orr.w	ip, ip, #1792	; 0x700
  402712:	ea1c 5411 	ands.w	r4, ip, r1, lsr #20
  402716:	bf1d      	ittte	ne
  402718:	ea1c 5513 	andsne.w	r5, ip, r3, lsr #20
  40271c:	ea94 0f0c 	teqne	r4, ip
  402720:	ea95 0f0c 	teqne	r5, ip
  402724:	f000 f8a7 	bleq	402876 <__aeabi_ddiv+0x16e>
  402728:	eba4 0405 	sub.w	r4, r4, r5
  40272c:	ea81 0e03 	eor.w	lr, r1, r3
  402730:	ea52 3503 	orrs.w	r5, r2, r3, lsl #12
  402734:	ea4f 3101 	mov.w	r1, r1, lsl #12
  402738:	f000 8088 	beq.w	40284c <__aeabi_ddiv+0x144>
  40273c:	ea4f 3303 	mov.w	r3, r3, lsl #12
  402740:	f04f 5580 	mov.w	r5, #268435456	; 0x10000000
  402744:	ea45 1313 	orr.w	r3, r5, r3, lsr #4
  402748:	ea43 6312 	orr.w	r3, r3, r2, lsr #24
  40274c:	ea4f 2202 	mov.w	r2, r2, lsl #8
  402750:	ea45 1511 	orr.w	r5, r5, r1, lsr #4
  402754:	ea45 6510 	orr.w	r5, r5, r0, lsr #24
  402758:	ea4f 2600 	mov.w	r6, r0, lsl #8
  40275c:	f00e 4100 	and.w	r1, lr, #2147483648	; 0x80000000
  402760:	429d      	cmp	r5, r3
  402762:	bf08      	it	eq
  402764:	4296      	cmpeq	r6, r2
  402766:	f144 04fd 	adc.w	r4, r4, #253	; 0xfd
  40276a:	f504 7440 	add.w	r4, r4, #768	; 0x300
  40276e:	d202      	bcs.n	402776 <__aeabi_ddiv+0x6e>
  402770:	085b      	lsrs	r3, r3, #1
  402772:	ea4f 0232 	mov.w	r2, r2, rrx
  402776:	1ab6      	subs	r6, r6, r2
  402778:	eb65 0503 	sbc.w	r5, r5, r3
  40277c:	085b      	lsrs	r3, r3, #1
  40277e:	ea4f 0232 	mov.w	r2, r2, rrx
  402782:	f44f 1080 	mov.w	r0, #1048576	; 0x100000
  402786:	f44f 2c00 	mov.w	ip, #524288	; 0x80000
  40278a:	ebb6 0e02 	subs.w	lr, r6, r2
  40278e:	eb75 0e03 	sbcs.w	lr, r5, r3
  402792:	bf22      	ittt	cs
  402794:	1ab6      	subcs	r6, r6, r2
  402796:	4675      	movcs	r5, lr
  402798:	ea40 000c 	orrcs.w	r0, r0, ip
  40279c:	085b      	lsrs	r3, r3, #1
  40279e:	ea4f 0232 	mov.w	r2, r2, rrx
  4027a2:	ebb6 0e02 	subs.w	lr, r6, r2
  4027a6:	eb75 0e03 	sbcs.w	lr, r5, r3
  4027aa:	bf22      	ittt	cs
  4027ac:	1ab6      	subcs	r6, r6, r2
  4027ae:	4675      	movcs	r5, lr
  4027b0:	ea40 005c 	orrcs.w	r0, r0, ip, lsr #1
  4027b4:	085b      	lsrs	r3, r3, #1
  4027b6:	ea4f 0232 	mov.w	r2, r2, rrx
  4027ba:	ebb6 0e02 	subs.w	lr, r6, r2
  4027be:	eb75 0e03 	sbcs.w	lr, r5, r3
  4027c2:	bf22      	ittt	cs
  4027c4:	1ab6      	subcs	r6, r6, r2
  4027c6:	4675      	movcs	r5, lr
  4027c8:	ea40 009c 	orrcs.w	r0, r0, ip, lsr #2
  4027cc:	085b      	lsrs	r3, r3, #1
  4027ce:	ea4f 0232 	mov.w	r2, r2, rrx
  4027d2:	ebb6 0e02 	subs.w	lr, r6, r2
  4027d6:	eb75 0e03 	sbcs.w	lr, r5, r3
  4027da:	bf22      	ittt	cs
  4027dc:	1ab6      	subcs	r6, r6, r2
  4027de:	4675      	movcs	r5, lr
  4027e0:	ea40 00dc 	orrcs.w	r0, r0, ip, lsr #3
  4027e4:	ea55 0e06 	orrs.w	lr, r5, r6
  4027e8:	d018      	beq.n	40281c <__aeabi_ddiv+0x114>
  4027ea:	ea4f 1505 	mov.w	r5, r5, lsl #4
  4027ee:	ea45 7516 	orr.w	r5, r5, r6, lsr #28
  4027f2:	ea4f 1606 	mov.w	r6, r6, lsl #4
  4027f6:	ea4f 03c3 	mov.w	r3, r3, lsl #3
  4027fa:	ea43 7352 	orr.w	r3, r3, r2, lsr #29
  4027fe:	ea4f 02c2 	mov.w	r2, r2, lsl #3
  402802:	ea5f 1c1c 	movs.w	ip, ip, lsr #4
  402806:	d1c0      	bne.n	40278a <__aeabi_ddiv+0x82>
  402808:	f411 1f80 	tst.w	r1, #1048576	; 0x100000
  40280c:	d10b      	bne.n	402826 <__aeabi_ddiv+0x11e>
  40280e:	ea41 0100 	orr.w	r1, r1, r0
  402812:	f04f 0000 	mov.w	r0, #0
  402816:	f04f 4c00 	mov.w	ip, #2147483648	; 0x80000000
  40281a:	e7b6      	b.n	40278a <__aeabi_ddiv+0x82>
  40281c:	f411 1f80 	tst.w	r1, #1048576	; 0x100000
  402820:	bf04      	itt	eq
  402822:	4301      	orreq	r1, r0
  402824:	2000      	moveq	r0, #0
  402826:	f1b4 0cfd 	subs.w	ip, r4, #253	; 0xfd
  40282a:	bf88      	it	hi
  40282c:	f5bc 6fe0 	cmphi.w	ip, #1792	; 0x700
  402830:	f63f aeaf 	bhi.w	402592 <__aeabi_dmul+0xde>
  402834:	ebb5 0c03 	subs.w	ip, r5, r3
  402838:	bf04      	itt	eq
  40283a:	ebb6 0c02 	subseq.w	ip, r6, r2
  40283e:	ea5f 0c50 	movseq.w	ip, r0, lsr #1
  402842:	f150 0000 	adcs.w	r0, r0, #0
  402846:	eb41 5104 	adc.w	r1, r1, r4, lsl #20
  40284a:	bd70      	pop	{r4, r5, r6, pc}
  40284c:	f00e 4e00 	and.w	lr, lr, #2147483648	; 0x80000000
  402850:	ea4e 3111 	orr.w	r1, lr, r1, lsr #12
  402854:	eb14 045c 	adds.w	r4, r4, ip, lsr #1
  402858:	bfc2      	ittt	gt
  40285a:	ebd4 050c 	rsbsgt	r5, r4, ip
  40285e:	ea41 5104 	orrgt.w	r1, r1, r4, lsl #20
  402862:	bd70      	popgt	{r4, r5, r6, pc}
  402864:	f441 1180 	orr.w	r1, r1, #1048576	; 0x100000
  402868:	f04f 0e00 	mov.w	lr, #0
  40286c:	3c01      	subs	r4, #1
  40286e:	e690      	b.n	402592 <__aeabi_dmul+0xde>
  402870:	ea45 0e06 	orr.w	lr, r5, r6
  402874:	e68d      	b.n	402592 <__aeabi_dmul+0xde>
  402876:	ea0c 5513 	and.w	r5, ip, r3, lsr #20
  40287a:	ea94 0f0c 	teq	r4, ip
  40287e:	bf08      	it	eq
  402880:	ea95 0f0c 	teqeq	r5, ip
  402884:	f43f af3b 	beq.w	4026fe <__aeabi_dmul+0x24a>
  402888:	ea94 0f0c 	teq	r4, ip
  40288c:	d10a      	bne.n	4028a4 <__aeabi_ddiv+0x19c>
  40288e:	ea50 3401 	orrs.w	r4, r0, r1, lsl #12
  402892:	f47f af34 	bne.w	4026fe <__aeabi_dmul+0x24a>
  402896:	ea95 0f0c 	teq	r5, ip
  40289a:	f47f af25 	bne.w	4026e8 <__aeabi_dmul+0x234>
  40289e:	4610      	mov	r0, r2
  4028a0:	4619      	mov	r1, r3
  4028a2:	e72c      	b.n	4026fe <__aeabi_dmul+0x24a>
  4028a4:	ea95 0f0c 	teq	r5, ip
  4028a8:	d106      	bne.n	4028b8 <__aeabi_ddiv+0x1b0>
  4028aa:	ea52 3503 	orrs.w	r5, r2, r3, lsl #12
  4028ae:	f43f aefd 	beq.w	4026ac <__aeabi_dmul+0x1f8>
  4028b2:	4610      	mov	r0, r2
  4028b4:	4619      	mov	r1, r3
  4028b6:	e722      	b.n	4026fe <__aeabi_dmul+0x24a>
  4028b8:	ea50 0641 	orrs.w	r6, r0, r1, lsl #1
  4028bc:	bf18      	it	ne
  4028be:	ea52 0643 	orrsne.w	r6, r2, r3, lsl #1
  4028c2:	f47f aec5 	bne.w	402650 <__aeabi_dmul+0x19c>
  4028c6:	ea50 0441 	orrs.w	r4, r0, r1, lsl #1
  4028ca:	f47f af0d 	bne.w	4026e8 <__aeabi_dmul+0x234>
  4028ce:	ea52 0543 	orrs.w	r5, r2, r3, lsl #1
  4028d2:	f47f aeeb 	bne.w	4026ac <__aeabi_dmul+0x1f8>
  4028d6:	e712      	b.n	4026fe <__aeabi_dmul+0x24a>

004028d8 <__gedf2>:
  4028d8:	f04f 3cff 	mov.w	ip, #4294967295	; 0xffffffff
  4028dc:	e006      	b.n	4028ec <__cmpdf2+0x4>
  4028de:	bf00      	nop

004028e0 <__ledf2>:
  4028e0:	f04f 0c01 	mov.w	ip, #1
  4028e4:	e002      	b.n	4028ec <__cmpdf2+0x4>
  4028e6:	bf00      	nop

004028e8 <__cmpdf2>:
  4028e8:	f04f 0c01 	mov.w	ip, #1
  4028ec:	f84d cd04 	str.w	ip, [sp, #-4]!
  4028f0:	ea4f 0c41 	mov.w	ip, r1, lsl #1
  4028f4:	ea7f 5c6c 	mvns.w	ip, ip, asr #21
  4028f8:	ea4f 0c43 	mov.w	ip, r3, lsl #1
  4028fc:	bf18      	it	ne
  4028fe:	ea7f 5c6c 	mvnsne.w	ip, ip, asr #21
  402902:	d01b      	beq.n	40293c <__cmpdf2+0x54>
  402904:	b001      	add	sp, #4
  402906:	ea50 0c41 	orrs.w	ip, r0, r1, lsl #1
  40290a:	bf0c      	ite	eq
  40290c:	ea52 0c43 	orrseq.w	ip, r2, r3, lsl #1
  402910:	ea91 0f03 	teqne	r1, r3
  402914:	bf02      	ittt	eq
  402916:	ea90 0f02 	teqeq	r0, r2
  40291a:	2000      	moveq	r0, #0
  40291c:	4770      	bxeq	lr
  40291e:	f110 0f00 	cmn.w	r0, #0
  402922:	ea91 0f03 	teq	r1, r3
  402926:	bf58      	it	pl
  402928:	4299      	cmppl	r1, r3
  40292a:	bf08      	it	eq
  40292c:	4290      	cmpeq	r0, r2
  40292e:	bf2c      	ite	cs
  402930:	17d8      	asrcs	r0, r3, #31
  402932:	ea6f 70e3 	mvncc.w	r0, r3, asr #31
  402936:	f040 0001 	orr.w	r0, r0, #1
  40293a:	4770      	bx	lr
  40293c:	ea4f 0c41 	mov.w	ip, r1, lsl #1
  402940:	ea7f 5c6c 	mvns.w	ip, ip, asr #21
  402944:	d102      	bne.n	40294c <__cmpdf2+0x64>
  402946:	ea50 3c01 	orrs.w	ip, r0, r1, lsl #12
  40294a:	d107      	bne.n	40295c <__cmpdf2+0x74>
  40294c:	ea4f 0c43 	mov.w	ip, r3, lsl #1
  402950:	ea7f 5c6c 	mvns.w	ip, ip, asr #21
  402954:	d1d6      	bne.n	402904 <__cmpdf2+0x1c>
  402956:	ea52 3c03 	orrs.w	ip, r2, r3, lsl #12
  40295a:	d0d3      	beq.n	402904 <__cmpdf2+0x1c>
  40295c:	f85d 0b04 	ldr.w	r0, [sp], #4
  402960:	4770      	bx	lr
  402962:	bf00      	nop

00402964 <__aeabi_cdrcmple>:
  402964:	4684      	mov	ip, r0
  402966:	4610      	mov	r0, r2
  402968:	4662      	mov	r2, ip
  40296a:	468c      	mov	ip, r1
  40296c:	4619      	mov	r1, r3
  40296e:	4663      	mov	r3, ip
  402970:	e000      	b.n	402974 <__aeabi_cdcmpeq>
  402972:	bf00      	nop

00402974 <__aeabi_cdcmpeq>:
  402974:	b501      	push	{r0, lr}
  402976:	f7ff ffb7 	bl	4028e8 <__cmpdf2>
  40297a:	2800      	cmp	r0, #0
  40297c:	bf48      	it	mi
  40297e:	f110 0f00 	cmnmi.w	r0, #0
  402982:	bd01      	pop	{r0, pc}

00402984 <__aeabi_dcmpeq>:
  402984:	f84d ed08 	str.w	lr, [sp, #-8]!
  402988:	f7ff fff4 	bl	402974 <__aeabi_cdcmpeq>
  40298c:	bf0c      	ite	eq
  40298e:	2001      	moveq	r0, #1
  402990:	2000      	movne	r0, #0
  402992:	f85d fb08 	ldr.w	pc, [sp], #8
  402996:	bf00      	nop

00402998 <__aeabi_dcmplt>:
  402998:	f84d ed08 	str.w	lr, [sp, #-8]!
  40299c:	f7ff ffea 	bl	402974 <__aeabi_cdcmpeq>
  4029a0:	bf34      	ite	cc
  4029a2:	2001      	movcc	r0, #1
  4029a4:	2000      	movcs	r0, #0
  4029a6:	f85d fb08 	ldr.w	pc, [sp], #8
  4029aa:	bf00      	nop

004029ac <__aeabi_dcmple>:
  4029ac:	f84d ed08 	str.w	lr, [sp, #-8]!
  4029b0:	f7ff ffe0 	bl	402974 <__aeabi_cdcmpeq>
  4029b4:	bf94      	ite	ls
  4029b6:	2001      	movls	r0, #1
  4029b8:	2000      	movhi	r0, #0
  4029ba:	f85d fb08 	ldr.w	pc, [sp], #8
  4029be:	bf00      	nop

004029c0 <__aeabi_dcmpge>:
  4029c0:	f84d ed08 	str.w	lr, [sp, #-8]!
  4029c4:	f7ff ffce 	bl	402964 <__aeabi_cdrcmple>
  4029c8:	bf94      	ite	ls
  4029ca:	2001      	movls	r0, #1
  4029cc:	2000      	movhi	r0, #0
  4029ce:	f85d fb08 	ldr.w	pc, [sp], #8
  4029d2:	bf00      	nop

004029d4 <__aeabi_dcmpgt>:
  4029d4:	f84d ed08 	str.w	lr, [sp, #-8]!
  4029d8:	f7ff ffc4 	bl	402964 <__aeabi_cdrcmple>
  4029dc:	bf34      	ite	cc
  4029de:	2001      	movcc	r0, #1
  4029e0:	2000      	movcs	r0, #0
  4029e2:	f85d fb08 	ldr.w	pc, [sp], #8
  4029e6:	bf00      	nop

004029e8 <__aeabi_dcmpun>:
  4029e8:	ea4f 0c41 	mov.w	ip, r1, lsl #1
  4029ec:	ea7f 5c6c 	mvns.w	ip, ip, asr #21
  4029f0:	d102      	bne.n	4029f8 <__aeabi_dcmpun+0x10>
  4029f2:	ea50 3c01 	orrs.w	ip, r0, r1, lsl #12
  4029f6:	d10a      	bne.n	402a0e <__aeabi_dcmpun+0x26>
  4029f8:	ea4f 0c43 	mov.w	ip, r3, lsl #1
  4029fc:	ea7f 5c6c 	mvns.w	ip, ip, asr #21
  402a00:	d102      	bne.n	402a08 <__aeabi_dcmpun+0x20>
  402a02:	ea52 3c03 	orrs.w	ip, r2, r3, lsl #12
  402a06:	d102      	bne.n	402a0e <__aeabi_dcmpun+0x26>
  402a08:	f04f 0000 	mov.w	r0, #0
  402a0c:	4770      	bx	lr
  402a0e:	f04f 0001 	mov.w	r0, #1
  402a12:	4770      	bx	lr

00402a14 <__aeabi_d2iz>:
  402a14:	ea4f 0241 	mov.w	r2, r1, lsl #1
  402a18:	f512 1200 	adds.w	r2, r2, #2097152	; 0x200000
  402a1c:	d215      	bcs.n	402a4a <__aeabi_d2iz+0x36>
  402a1e:	d511      	bpl.n	402a44 <__aeabi_d2iz+0x30>
  402a20:	f46f 7378 	mvn.w	r3, #992	; 0x3e0
  402a24:	ebb3 5262 	subs.w	r2, r3, r2, asr #21
  402a28:	d912      	bls.n	402a50 <__aeabi_d2iz+0x3c>
  402a2a:	ea4f 23c1 	mov.w	r3, r1, lsl #11
  402a2e:	f043 4300 	orr.w	r3, r3, #2147483648	; 0x80000000
  402a32:	ea43 5350 	orr.w	r3, r3, r0, lsr #21
  402a36:	f011 4f00 	tst.w	r1, #2147483648	; 0x80000000
  402a3a:	fa23 f002 	lsr.w	r0, r3, r2
  402a3e:	bf18      	it	ne
  402a40:	4240      	negne	r0, r0
  402a42:	4770      	bx	lr
  402a44:	f04f 0000 	mov.w	r0, #0
  402a48:	4770      	bx	lr
  402a4a:	ea50 3001 	orrs.w	r0, r0, r1, lsl #12
  402a4e:	d105      	bne.n	402a5c <__aeabi_d2iz+0x48>
  402a50:	f011 4000 	ands.w	r0, r1, #2147483648	; 0x80000000
  402a54:	bf08      	it	eq
  402a56:	f06f 4000 	mvneq.w	r0, #2147483648	; 0x80000000
  402a5a:	4770      	bx	lr
  402a5c:	f04f 0000 	mov.w	r0, #0
  402a60:	4770      	bx	lr
  402a62:	bf00      	nop

00402a64 <__aeabi_frsub>:
  402a64:	f080 4000 	eor.w	r0, r0, #2147483648	; 0x80000000
  402a68:	e002      	b.n	402a70 <__addsf3>
  402a6a:	bf00      	nop

00402a6c <__aeabi_fsub>:
  402a6c:	f081 4100 	eor.w	r1, r1, #2147483648	; 0x80000000

00402a70 <__addsf3>:
  402a70:	0042      	lsls	r2, r0, #1
  402a72:	bf1f      	itttt	ne
  402a74:	ea5f 0341 	movsne.w	r3, r1, lsl #1
  402a78:	ea92 0f03 	teqne	r2, r3
  402a7c:	ea7f 6c22 	mvnsne.w	ip, r2, asr #24
  402a80:	ea7f 6c23 	mvnsne.w	ip, r3, asr #24
  402a84:	d06a      	beq.n	402b5c <__addsf3+0xec>
  402a86:	ea4f 6212 	mov.w	r2, r2, lsr #24
  402a8a:	ebd2 6313 	rsbs	r3, r2, r3, lsr #24
  402a8e:	bfc1      	itttt	gt
  402a90:	18d2      	addgt	r2, r2, r3
  402a92:	4041      	eorgt	r1, r0
  402a94:	4048      	eorgt	r0, r1
  402a96:	4041      	eorgt	r1, r0
  402a98:	bfb8      	it	lt
  402a9a:	425b      	neglt	r3, r3
  402a9c:	2b19      	cmp	r3, #25
  402a9e:	bf88      	it	hi
  402aa0:	4770      	bxhi	lr
  402aa2:	f010 4f00 	tst.w	r0, #2147483648	; 0x80000000
  402aa6:	f440 0000 	orr.w	r0, r0, #8388608	; 0x800000
  402aaa:	f020 407f 	bic.w	r0, r0, #4278190080	; 0xff000000
  402aae:	bf18      	it	ne
  402ab0:	4240      	negne	r0, r0
  402ab2:	f011 4f00 	tst.w	r1, #2147483648	; 0x80000000
  402ab6:	f441 0100 	orr.w	r1, r1, #8388608	; 0x800000
  402aba:	f021 417f 	bic.w	r1, r1, #4278190080	; 0xff000000
  402abe:	bf18      	it	ne
  402ac0:	4249      	negne	r1, r1
  402ac2:	ea92 0f03 	teq	r2, r3
  402ac6:	d03f      	beq.n	402b48 <__addsf3+0xd8>
  402ac8:	f1a2 0201 	sub.w	r2, r2, #1
  402acc:	fa41 fc03 	asr.w	ip, r1, r3
  402ad0:	eb10 000c 	adds.w	r0, r0, ip
  402ad4:	f1c3 0320 	rsb	r3, r3, #32
  402ad8:	fa01 f103 	lsl.w	r1, r1, r3
  402adc:	f000 4300 	and.w	r3, r0, #2147483648	; 0x80000000
  402ae0:	d502      	bpl.n	402ae8 <__addsf3+0x78>
  402ae2:	4249      	negs	r1, r1
  402ae4:	eb60 0040 	sbc.w	r0, r0, r0, lsl #1
  402ae8:	f5b0 0f00 	cmp.w	r0, #8388608	; 0x800000
  402aec:	d313      	bcc.n	402b16 <__addsf3+0xa6>
  402aee:	f1b0 7f80 	cmp.w	r0, #16777216	; 0x1000000
  402af2:	d306      	bcc.n	402b02 <__addsf3+0x92>
  402af4:	0840      	lsrs	r0, r0, #1
  402af6:	ea4f 0131 	mov.w	r1, r1, rrx
  402afa:	f102 0201 	add.w	r2, r2, #1
  402afe:	2afe      	cmp	r2, #254	; 0xfe
  402b00:	d251      	bcs.n	402ba6 <__addsf3+0x136>
  402b02:	f1b1 4f00 	cmp.w	r1, #2147483648	; 0x80000000
  402b06:	eb40 50c2 	adc.w	r0, r0, r2, lsl #23
  402b0a:	bf08      	it	eq
  402b0c:	f020 0001 	biceq.w	r0, r0, #1
  402b10:	ea40 0003 	orr.w	r0, r0, r3
  402b14:	4770      	bx	lr
  402b16:	0049      	lsls	r1, r1, #1
  402b18:	eb40 0000 	adc.w	r0, r0, r0
  402b1c:	3a01      	subs	r2, #1
  402b1e:	bf28      	it	cs
  402b20:	f5b0 0f00 	cmpcs.w	r0, #8388608	; 0x800000
  402b24:	d2ed      	bcs.n	402b02 <__addsf3+0x92>
  402b26:	fab0 fc80 	clz	ip, r0
  402b2a:	f1ac 0c08 	sub.w	ip, ip, #8
  402b2e:	ebb2 020c 	subs.w	r2, r2, ip
  402b32:	fa00 f00c 	lsl.w	r0, r0, ip
  402b36:	bfaa      	itet	ge
  402b38:	eb00 50c2 	addge.w	r0, r0, r2, lsl #23
  402b3c:	4252      	neglt	r2, r2
  402b3e:	4318      	orrge	r0, r3
  402b40:	bfbc      	itt	lt
  402b42:	40d0      	lsrlt	r0, r2
  402b44:	4318      	orrlt	r0, r3
  402b46:	4770      	bx	lr
  402b48:	f092 0f00 	teq	r2, #0
  402b4c:	f481 0100 	eor.w	r1, r1, #8388608	; 0x800000
  402b50:	bf06      	itte	eq
  402b52:	f480 0000 	eoreq.w	r0, r0, #8388608	; 0x800000
  402b56:	3201      	addeq	r2, #1
  402b58:	3b01      	subne	r3, #1
  402b5a:	e7b5      	b.n	402ac8 <__addsf3+0x58>
  402b5c:	ea4f 0341 	mov.w	r3, r1, lsl #1
  402b60:	ea7f 6c22 	mvns.w	ip, r2, asr #24
  402b64:	bf18      	it	ne
  402b66:	ea7f 6c23 	mvnsne.w	ip, r3, asr #24
  402b6a:	d021      	beq.n	402bb0 <__addsf3+0x140>
  402b6c:	ea92 0f03 	teq	r2, r3
  402b70:	d004      	beq.n	402b7c <__addsf3+0x10c>
  402b72:	f092 0f00 	teq	r2, #0
  402b76:	bf08      	it	eq
  402b78:	4608      	moveq	r0, r1
  402b7a:	4770      	bx	lr
  402b7c:	ea90 0f01 	teq	r0, r1
  402b80:	bf1c      	itt	ne
  402b82:	2000      	movne	r0, #0
  402b84:	4770      	bxne	lr
  402b86:	f012 4f7f 	tst.w	r2, #4278190080	; 0xff000000
  402b8a:	d104      	bne.n	402b96 <__addsf3+0x126>
  402b8c:	0040      	lsls	r0, r0, #1
  402b8e:	bf28      	it	cs
  402b90:	f040 4000 	orrcs.w	r0, r0, #2147483648	; 0x80000000
  402b94:	4770      	bx	lr
  402b96:	f112 7200 	adds.w	r2, r2, #33554432	; 0x2000000
  402b9a:	bf3c      	itt	cc
  402b9c:	f500 0000 	addcc.w	r0, r0, #8388608	; 0x800000
  402ba0:	4770      	bxcc	lr
  402ba2:	f000 4300 	and.w	r3, r0, #2147483648	; 0x80000000
  402ba6:	f043 40fe 	orr.w	r0, r3, #2130706432	; 0x7f000000
  402baa:	f440 0000 	orr.w	r0, r0, #8388608	; 0x800000
  402bae:	4770      	bx	lr
  402bb0:	ea7f 6222 	mvns.w	r2, r2, asr #24
  402bb4:	bf16      	itet	ne
  402bb6:	4608      	movne	r0, r1
  402bb8:	ea7f 6323 	mvnseq.w	r3, r3, asr #24
  402bbc:	4601      	movne	r1, r0
  402bbe:	0242      	lsls	r2, r0, #9
  402bc0:	bf06      	itte	eq
  402bc2:	ea5f 2341 	movseq.w	r3, r1, lsl #9
  402bc6:	ea90 0f01 	teqeq	r0, r1
  402bca:	f440 0080 	orrne.w	r0, r0, #4194304	; 0x400000
  402bce:	4770      	bx	lr

00402bd0 <__aeabi_ui2f>:
  402bd0:	f04f 0300 	mov.w	r3, #0
  402bd4:	e004      	b.n	402be0 <__aeabi_i2f+0x8>
  402bd6:	bf00      	nop

00402bd8 <__aeabi_i2f>:
  402bd8:	f010 4300 	ands.w	r3, r0, #2147483648	; 0x80000000
  402bdc:	bf48      	it	mi
  402bde:	4240      	negmi	r0, r0
  402be0:	ea5f 0c00 	movs.w	ip, r0
  402be4:	bf08      	it	eq
  402be6:	4770      	bxeq	lr
  402be8:	f043 4396 	orr.w	r3, r3, #1258291200	; 0x4b000000
  402bec:	4601      	mov	r1, r0
  402bee:	f04f 0000 	mov.w	r0, #0
  402bf2:	e01c      	b.n	402c2e <__aeabi_l2f+0x2a>

00402bf4 <__aeabi_ul2f>:
  402bf4:	ea50 0201 	orrs.w	r2, r0, r1
  402bf8:	bf08      	it	eq
  402bfa:	4770      	bxeq	lr
  402bfc:	f04f 0300 	mov.w	r3, #0
  402c00:	e00a      	b.n	402c18 <__aeabi_l2f+0x14>
  402c02:	bf00      	nop

00402c04 <__aeabi_l2f>:
  402c04:	ea50 0201 	orrs.w	r2, r0, r1
  402c08:	bf08      	it	eq
  402c0a:	4770      	bxeq	lr
  402c0c:	f011 4300 	ands.w	r3, r1, #2147483648	; 0x80000000
  402c10:	d502      	bpl.n	402c18 <__aeabi_l2f+0x14>
  402c12:	4240      	negs	r0, r0
  402c14:	eb61 0141 	sbc.w	r1, r1, r1, lsl #1
  402c18:	ea5f 0c01 	movs.w	ip, r1
  402c1c:	bf02      	ittt	eq
  402c1e:	4684      	moveq	ip, r0
  402c20:	4601      	moveq	r1, r0
  402c22:	2000      	moveq	r0, #0
  402c24:	f043 43b6 	orr.w	r3, r3, #1526726656	; 0x5b000000
  402c28:	bf08      	it	eq
  402c2a:	f1a3 5380 	subeq.w	r3, r3, #268435456	; 0x10000000
  402c2e:	f5a3 0300 	sub.w	r3, r3, #8388608	; 0x800000
  402c32:	fabc f28c 	clz	r2, ip
  402c36:	3a08      	subs	r2, #8
  402c38:	eba3 53c2 	sub.w	r3, r3, r2, lsl #23
  402c3c:	db10      	blt.n	402c60 <__aeabi_l2f+0x5c>
  402c3e:	fa01 fc02 	lsl.w	ip, r1, r2
  402c42:	4463      	add	r3, ip
  402c44:	fa00 fc02 	lsl.w	ip, r0, r2
  402c48:	f1c2 0220 	rsb	r2, r2, #32
  402c4c:	f1bc 4f00 	cmp.w	ip, #2147483648	; 0x80000000
  402c50:	fa20 f202 	lsr.w	r2, r0, r2
  402c54:	eb43 0002 	adc.w	r0, r3, r2
  402c58:	bf08      	it	eq
  402c5a:	f020 0001 	biceq.w	r0, r0, #1
  402c5e:	4770      	bx	lr
  402c60:	f102 0220 	add.w	r2, r2, #32
  402c64:	fa01 fc02 	lsl.w	ip, r1, r2
  402c68:	f1c2 0220 	rsb	r2, r2, #32
  402c6c:	ea50 004c 	orrs.w	r0, r0, ip, lsl #1
  402c70:	fa21 f202 	lsr.w	r2, r1, r2
  402c74:	eb43 0002 	adc.w	r0, r3, r2
  402c78:	bf08      	it	eq
  402c7a:	ea20 70dc 	biceq.w	r0, r0, ip, lsr #31
  402c7e:	4770      	bx	lr

00402c80 <__aeabi_fmul>:
  402c80:	f04f 0cff 	mov.w	ip, #255	; 0xff
  402c84:	ea1c 52d0 	ands.w	r2, ip, r0, lsr #23
  402c88:	bf1e      	ittt	ne
  402c8a:	ea1c 53d1 	andsne.w	r3, ip, r1, lsr #23
  402c8e:	ea92 0f0c 	teqne	r2, ip
  402c92:	ea93 0f0c 	teqne	r3, ip
  402c96:	d06f      	beq.n	402d78 <__aeabi_fmul+0xf8>
  402c98:	441a      	add	r2, r3
  402c9a:	ea80 0c01 	eor.w	ip, r0, r1
  402c9e:	0240      	lsls	r0, r0, #9
  402ca0:	bf18      	it	ne
  402ca2:	ea5f 2141 	movsne.w	r1, r1, lsl #9
  402ca6:	d01e      	beq.n	402ce6 <__aeabi_fmul+0x66>
  402ca8:	f04f 6300 	mov.w	r3, #134217728	; 0x8000000
  402cac:	ea43 1050 	orr.w	r0, r3, r0, lsr #5
  402cb0:	ea43 1151 	orr.w	r1, r3, r1, lsr #5
  402cb4:	fba0 3101 	umull	r3, r1, r0, r1
  402cb8:	f00c 4000 	and.w	r0, ip, #2147483648	; 0x80000000
  402cbc:	f5b1 0f00 	cmp.w	r1, #8388608	; 0x800000
  402cc0:	bf3e      	ittt	cc
  402cc2:	0049      	lslcc	r1, r1, #1
  402cc4:	ea41 71d3 	orrcc.w	r1, r1, r3, lsr #31
  402cc8:	005b      	lslcc	r3, r3, #1
  402cca:	ea40 0001 	orr.w	r0, r0, r1
  402cce:	f162 027f 	sbc.w	r2, r2, #127	; 0x7f
  402cd2:	2afd      	cmp	r2, #253	; 0xfd
  402cd4:	d81d      	bhi.n	402d12 <__aeabi_fmul+0x92>
  402cd6:	f1b3 4f00 	cmp.w	r3, #2147483648	; 0x80000000
  402cda:	eb40 50c2 	adc.w	r0, r0, r2, lsl #23
  402cde:	bf08      	it	eq
  402ce0:	f020 0001 	biceq.w	r0, r0, #1
  402ce4:	4770      	bx	lr
  402ce6:	f090 0f00 	teq	r0, #0
  402cea:	f00c 4c00 	and.w	ip, ip, #2147483648	; 0x80000000
  402cee:	bf08      	it	eq
  402cf0:	0249      	lsleq	r1, r1, #9
  402cf2:	ea4c 2050 	orr.w	r0, ip, r0, lsr #9
  402cf6:	ea40 2051 	orr.w	r0, r0, r1, lsr #9
  402cfa:	3a7f      	subs	r2, #127	; 0x7f
  402cfc:	bfc2      	ittt	gt
  402cfe:	f1d2 03ff 	rsbsgt	r3, r2, #255	; 0xff
  402d02:	ea40 50c2 	orrgt.w	r0, r0, r2, lsl #23
  402d06:	4770      	bxgt	lr
  402d08:	f440 0000 	orr.w	r0, r0, #8388608	; 0x800000
  402d0c:	f04f 0300 	mov.w	r3, #0
  402d10:	3a01      	subs	r2, #1
  402d12:	dc5d      	bgt.n	402dd0 <__aeabi_fmul+0x150>
  402d14:	f112 0f19 	cmn.w	r2, #25
  402d18:	bfdc      	itt	le
  402d1a:	f000 4000 	andle.w	r0, r0, #2147483648	; 0x80000000
  402d1e:	4770      	bxle	lr
  402d20:	f1c2 0200 	rsb	r2, r2, #0
  402d24:	0041      	lsls	r1, r0, #1
  402d26:	fa21 f102 	lsr.w	r1, r1, r2
  402d2a:	f1c2 0220 	rsb	r2, r2, #32
  402d2e:	fa00 fc02 	lsl.w	ip, r0, r2
  402d32:	ea5f 0031 	movs.w	r0, r1, rrx
  402d36:	f140 0000 	adc.w	r0, r0, #0
  402d3a:	ea53 034c 	orrs.w	r3, r3, ip, lsl #1
  402d3e:	bf08      	it	eq
  402d40:	ea20 70dc 	biceq.w	r0, r0, ip, lsr #31
  402d44:	4770      	bx	lr
  402d46:	f092 0f00 	teq	r2, #0
  402d4a:	f000 4c00 	and.w	ip, r0, #2147483648	; 0x80000000
  402d4e:	bf02      	ittt	eq
  402d50:	0040      	lsleq	r0, r0, #1
  402d52:	f410 0f00 	tsteq.w	r0, #8388608	; 0x800000
  402d56:	3a01      	subeq	r2, #1
  402d58:	d0f9      	beq.n	402d4e <__aeabi_fmul+0xce>
  402d5a:	ea40 000c 	orr.w	r0, r0, ip
  402d5e:	f093 0f00 	teq	r3, #0
  402d62:	f001 4c00 	and.w	ip, r1, #2147483648	; 0x80000000
  402d66:	bf02      	ittt	eq
  402d68:	0049      	lsleq	r1, r1, #1
  402d6a:	f411 0f00 	tsteq.w	r1, #8388608	; 0x800000
  402d6e:	3b01      	subeq	r3, #1
  402d70:	d0f9      	beq.n	402d66 <__aeabi_fmul+0xe6>
  402d72:	ea41 010c 	orr.w	r1, r1, ip
  402d76:	e78f      	b.n	402c98 <__aeabi_fmul+0x18>
  402d78:	ea0c 53d1 	and.w	r3, ip, r1, lsr #23
  402d7c:	ea92 0f0c 	teq	r2, ip
  402d80:	bf18      	it	ne
  402d82:	ea93 0f0c 	teqne	r3, ip
  402d86:	d00a      	beq.n	402d9e <__aeabi_fmul+0x11e>
  402d88:	f030 4c00 	bics.w	ip, r0, #2147483648	; 0x80000000
  402d8c:	bf18      	it	ne
  402d8e:	f031 4c00 	bicsne.w	ip, r1, #2147483648	; 0x80000000
  402d92:	d1d8      	bne.n	402d46 <__aeabi_fmul+0xc6>
  402d94:	ea80 0001 	eor.w	r0, r0, r1
  402d98:	f000 4000 	and.w	r0, r0, #2147483648	; 0x80000000
  402d9c:	4770      	bx	lr
  402d9e:	f090 0f00 	teq	r0, #0
  402da2:	bf17      	itett	ne
  402da4:	f090 4f00 	teqne	r0, #2147483648	; 0x80000000
  402da8:	4608      	moveq	r0, r1
  402daa:	f091 0f00 	teqne	r1, #0
  402dae:	f091 4f00 	teqne	r1, #2147483648	; 0x80000000
  402db2:	d014      	beq.n	402dde <__aeabi_fmul+0x15e>
  402db4:	ea92 0f0c 	teq	r2, ip
  402db8:	d101      	bne.n	402dbe <__aeabi_fmul+0x13e>
  402dba:	0242      	lsls	r2, r0, #9
  402dbc:	d10f      	bne.n	402dde <__aeabi_fmul+0x15e>
  402dbe:	ea93 0f0c 	teq	r3, ip
  402dc2:	d103      	bne.n	402dcc <__aeabi_fmul+0x14c>
  402dc4:	024b      	lsls	r3, r1, #9
  402dc6:	bf18      	it	ne
  402dc8:	4608      	movne	r0, r1
  402dca:	d108      	bne.n	402dde <__aeabi_fmul+0x15e>
  402dcc:	ea80 0001 	eor.w	r0, r0, r1
  402dd0:	f000 4000 	and.w	r0, r0, #2147483648	; 0x80000000
  402dd4:	f040 40fe 	orr.w	r0, r0, #2130706432	; 0x7f000000
  402dd8:	f440 0000 	orr.w	r0, r0, #8388608	; 0x800000
  402ddc:	4770      	bx	lr
  402dde:	f040 40fe 	orr.w	r0, r0, #2130706432	; 0x7f000000
  402de2:	f440 0040 	orr.w	r0, r0, #12582912	; 0xc00000
  402de6:	4770      	bx	lr

00402de8 <__aeabi_fdiv>:
  402de8:	f04f 0cff 	mov.w	ip, #255	; 0xff
  402dec:	ea1c 52d0 	ands.w	r2, ip, r0, lsr #23
  402df0:	bf1e      	ittt	ne
  402df2:	ea1c 53d1 	andsne.w	r3, ip, r1, lsr #23
  402df6:	ea92 0f0c 	teqne	r2, ip
  402dfa:	ea93 0f0c 	teqne	r3, ip
  402dfe:	d069      	beq.n	402ed4 <__aeabi_fdiv+0xec>
  402e00:	eba2 0203 	sub.w	r2, r2, r3
  402e04:	ea80 0c01 	eor.w	ip, r0, r1
  402e08:	0249      	lsls	r1, r1, #9
  402e0a:	ea4f 2040 	mov.w	r0, r0, lsl #9
  402e0e:	d037      	beq.n	402e80 <__aeabi_fdiv+0x98>
  402e10:	f04f 5380 	mov.w	r3, #268435456	; 0x10000000
  402e14:	ea43 1111 	orr.w	r1, r3, r1, lsr #4
  402e18:	ea43 1310 	orr.w	r3, r3, r0, lsr #4
  402e1c:	f00c 4000 	and.w	r0, ip, #2147483648	; 0x80000000
  402e20:	428b      	cmp	r3, r1
  402e22:	bf38      	it	cc
  402e24:	005b      	lslcc	r3, r3, #1
  402e26:	f142 027d 	adc.w	r2, r2, #125	; 0x7d
  402e2a:	f44f 0c00 	mov.w	ip, #8388608	; 0x800000
  402e2e:	428b      	cmp	r3, r1
  402e30:	bf24      	itt	cs
  402e32:	1a5b      	subcs	r3, r3, r1
  402e34:	ea40 000c 	orrcs.w	r0, r0, ip
  402e38:	ebb3 0f51 	cmp.w	r3, r1, lsr #1
  402e3c:	bf24      	itt	cs
  402e3e:	eba3 0351 	subcs.w	r3, r3, r1, lsr #1
  402e42:	ea40 005c 	orrcs.w	r0, r0, ip, lsr #1
  402e46:	ebb3 0f91 	cmp.w	r3, r1, lsr #2
  402e4a:	bf24      	itt	cs
  402e4c:	eba3 0391 	subcs.w	r3, r3, r1, lsr #2
  402e50:	ea40 009c 	orrcs.w	r0, r0, ip, lsr #2
  402e54:	ebb3 0fd1 	cmp.w	r3, r1, lsr #3
  402e58:	bf24      	itt	cs
  402e5a:	eba3 03d1 	subcs.w	r3, r3, r1, lsr #3
  402e5e:	ea40 00dc 	orrcs.w	r0, r0, ip, lsr #3
  402e62:	011b      	lsls	r3, r3, #4
  402e64:	bf18      	it	ne
  402e66:	ea5f 1c1c 	movsne.w	ip, ip, lsr #4
  402e6a:	d1e0      	bne.n	402e2e <__aeabi_fdiv+0x46>
  402e6c:	2afd      	cmp	r2, #253	; 0xfd
  402e6e:	f63f af50 	bhi.w	402d12 <__aeabi_fmul+0x92>
  402e72:	428b      	cmp	r3, r1
  402e74:	eb40 50c2 	adc.w	r0, r0, r2, lsl #23
  402e78:	bf08      	it	eq
  402e7a:	f020 0001 	biceq.w	r0, r0, #1
  402e7e:	4770      	bx	lr
  402e80:	f00c 4c00 	and.w	ip, ip, #2147483648	; 0x80000000
  402e84:	ea4c 2050 	orr.w	r0, ip, r0, lsr #9
  402e88:	327f      	adds	r2, #127	; 0x7f
  402e8a:	bfc2      	ittt	gt
  402e8c:	f1d2 03ff 	rsbsgt	r3, r2, #255	; 0xff
  402e90:	ea40 50c2 	orrgt.w	r0, r0, r2, lsl #23
  402e94:	4770      	bxgt	lr
  402e96:	f440 0000 	orr.w	r0, r0, #8388608	; 0x800000
  402e9a:	f04f 0300 	mov.w	r3, #0
  402e9e:	3a01      	subs	r2, #1
  402ea0:	e737      	b.n	402d12 <__aeabi_fmul+0x92>
  402ea2:	f092 0f00 	teq	r2, #0
  402ea6:	f000 4c00 	and.w	ip, r0, #2147483648	; 0x80000000
  402eaa:	bf02      	ittt	eq
  402eac:	0040      	lsleq	r0, r0, #1
  402eae:	f410 0f00 	tsteq.w	r0, #8388608	; 0x800000
  402eb2:	3a01      	subeq	r2, #1
  402eb4:	d0f9      	beq.n	402eaa <__aeabi_fdiv+0xc2>
  402eb6:	ea40 000c 	orr.w	r0, r0, ip
  402eba:	f093 0f00 	teq	r3, #0
  402ebe:	f001 4c00 	and.w	ip, r1, #2147483648	; 0x80000000
  402ec2:	bf02      	ittt	eq
  402ec4:	0049      	lsleq	r1, r1, #1
  402ec6:	f411 0f00 	tsteq.w	r1, #8388608	; 0x800000
  402eca:	3b01      	subeq	r3, #1
  402ecc:	d0f9      	beq.n	402ec2 <__aeabi_fdiv+0xda>
  402ece:	ea41 010c 	orr.w	r1, r1, ip
  402ed2:	e795      	b.n	402e00 <__aeabi_fdiv+0x18>
  402ed4:	ea0c 53d1 	and.w	r3, ip, r1, lsr #23
  402ed8:	ea92 0f0c 	teq	r2, ip
  402edc:	d108      	bne.n	402ef0 <__aeabi_fdiv+0x108>
  402ede:	0242      	lsls	r2, r0, #9
  402ee0:	f47f af7d 	bne.w	402dde <__aeabi_fmul+0x15e>
  402ee4:	ea93 0f0c 	teq	r3, ip
  402ee8:	f47f af70 	bne.w	402dcc <__aeabi_fmul+0x14c>
  402eec:	4608      	mov	r0, r1
  402eee:	e776      	b.n	402dde <__aeabi_fmul+0x15e>
  402ef0:	ea93 0f0c 	teq	r3, ip
  402ef4:	d104      	bne.n	402f00 <__aeabi_fdiv+0x118>
  402ef6:	024b      	lsls	r3, r1, #9
  402ef8:	f43f af4c 	beq.w	402d94 <__aeabi_fmul+0x114>
  402efc:	4608      	mov	r0, r1
  402efe:	e76e      	b.n	402dde <__aeabi_fmul+0x15e>
  402f00:	f030 4c00 	bics.w	ip, r0, #2147483648	; 0x80000000
  402f04:	bf18      	it	ne
  402f06:	f031 4c00 	bicsne.w	ip, r1, #2147483648	; 0x80000000
  402f0a:	d1ca      	bne.n	402ea2 <__aeabi_fdiv+0xba>
  402f0c:	f030 4200 	bics.w	r2, r0, #2147483648	; 0x80000000
  402f10:	f47f af5c 	bne.w	402dcc <__aeabi_fmul+0x14c>
  402f14:	f031 4300 	bics.w	r3, r1, #2147483648	; 0x80000000
  402f18:	f47f af3c 	bne.w	402d94 <__aeabi_fmul+0x114>
  402f1c:	e75f      	b.n	402dde <__aeabi_fmul+0x15e>
  402f1e:	bf00      	nop

00402f20 <__mulsc3>:
  402f20:	e92d 4ff0 	stmdb	sp!, {r4, r5, r6, r7, r8, r9, sl, fp, lr}
  402f24:	468b      	mov	fp, r1
  402f26:	b087      	sub	sp, #28
  402f28:	4619      	mov	r1, r3
  402f2a:	4605      	mov	r5, r0
  402f2c:	4658      	mov	r0, fp
  402f2e:	4616      	mov	r6, r2
  402f30:	461f      	mov	r7, r3
  402f32:	f7ff fea5 	bl	402c80 <__aeabi_fmul>
  402f36:	9910      	ldr	r1, [sp, #64]	; 0x40
  402f38:	4680      	mov	r8, r0
  402f3a:	4630      	mov	r0, r6
  402f3c:	f7ff fea0 	bl	402c80 <__aeabi_fmul>
  402f40:	9910      	ldr	r1, [sp, #64]	; 0x40
  402f42:	4681      	mov	r9, r0
  402f44:	4658      	mov	r0, fp
  402f46:	f7ff fe9b 	bl	402c80 <__aeabi_fmul>
  402f4a:	4631      	mov	r1, r6
  402f4c:	4682      	mov	sl, r0
  402f4e:	4638      	mov	r0, r7
  402f50:	f7ff fe96 	bl	402c80 <__aeabi_fmul>
  402f54:	4649      	mov	r1, r9
  402f56:	9002      	str	r0, [sp, #8]
  402f58:	4640      	mov	r0, r8
  402f5a:	f7ff fd87 	bl	402a6c <__aeabi_fsub>
  402f5e:	9902      	ldr	r1, [sp, #8]
  402f60:	4604      	mov	r4, r0
  402f62:	4650      	mov	r0, sl
  402f64:	f7ff fd84 	bl	402a70 <__addsf3>
  402f68:	4621      	mov	r1, r4
  402f6a:	9001      	str	r0, [sp, #4]
  402f6c:	4620      	mov	r0, r4
  402f6e:	f000 f9e1 	bl	403334 <__aeabi_fcmpun>
  402f72:	b930      	cbnz	r0, 402f82 <__mulsc3+0x62>
  402f74:	9b01      	ldr	r3, [sp, #4]
  402f76:	602c      	str	r4, [r5, #0]
  402f78:	4628      	mov	r0, r5
  402f7a:	606b      	str	r3, [r5, #4]
  402f7c:	b007      	add	sp, #28
  402f7e:	e8bd 8ff0 	ldmia.w	sp!, {r4, r5, r6, r7, r8, r9, sl, fp, pc}
  402f82:	9901      	ldr	r1, [sp, #4]
  402f84:	4608      	mov	r0, r1
  402f86:	f000 f9d5 	bl	403334 <__aeabi_fcmpun>
  402f8a:	2800      	cmp	r0, #0
  402f8c:	d0f2      	beq.n	402f74 <__mulsc3+0x54>
  402f8e:	f02b 4300 	bic.w	r3, fp, #2147483648	; 0x80000000
  402f92:	4618      	mov	r0, r3
  402f94:	499e      	ldr	r1, [pc, #632]	; (403210 <__mulsc3+0x2f0>)
  402f96:	9303      	str	r3, [sp, #12]
  402f98:	f000 f9cc 	bl	403334 <__aeabi_fcmpun>
  402f9c:	9b03      	ldr	r3, [sp, #12]
  402f9e:	f04f 0201 	mov.w	r2, #1
  402fa2:	b940      	cbnz	r0, 402fb6 <__mulsc3+0x96>
  402fa4:	4618      	mov	r0, r3
  402fa6:	499a      	ldr	r1, [pc, #616]	; (403210 <__mulsc3+0x2f0>)
  402fa8:	9204      	str	r2, [sp, #16]
  402faa:	f000 f9a5 	bl	4032f8 <__aeabi_fcmple>
  402fae:	e9dd 3203 	ldrd	r3, r2, [sp, #12]
  402fb2:	b900      	cbnz	r0, 402fb6 <__mulsc3+0x96>
  402fb4:	4602      	mov	r2, r0
  402fb6:	f082 0201 	eor.w	r2, r2, #1
  402fba:	b2d2      	uxtb	r2, r2
  402fbc:	4994      	ldr	r1, [pc, #592]	; (403210 <__mulsc3+0x2f0>)
  402fbe:	9204      	str	r2, [sp, #16]
  402fc0:	4618      	mov	r0, r3
  402fc2:	9303      	str	r3, [sp, #12]
  402fc4:	f000 f9b6 	bl	403334 <__aeabi_fcmpun>
  402fc8:	b938      	cbnz	r0, 402fda <__mulsc3+0xba>
  402fca:	9b03      	ldr	r3, [sp, #12]
  402fcc:	4990      	ldr	r1, [pc, #576]	; (403210 <__mulsc3+0x2f0>)
  402fce:	4618      	mov	r0, r3
  402fd0:	f000 f992 	bl	4032f8 <__aeabi_fcmple>
  402fd4:	2800      	cmp	r0, #0
  402fd6:	f000 8089 	beq.w	4030ec <__mulsc3+0x1cc>
  402fda:	f026 4300 	bic.w	r3, r6, #2147483648	; 0x80000000
  402fde:	498c      	ldr	r1, [pc, #560]	; (403210 <__mulsc3+0x2f0>)
  402fe0:	9303      	str	r3, [sp, #12]
  402fe2:	4618      	mov	r0, r3
  402fe4:	f000 f9a6 	bl	403334 <__aeabi_fcmpun>
  402fe8:	b930      	cbnz	r0, 402ff8 <__mulsc3+0xd8>
  402fea:	9b03      	ldr	r3, [sp, #12]
  402fec:	4988      	ldr	r1, [pc, #544]	; (403210 <__mulsc3+0x2f0>)
  402fee:	4618      	mov	r0, r3
  402ff0:	f000 f982 	bl	4032f8 <__aeabi_fcmple>
  402ff4:	2800      	cmp	r0, #0
  402ff6:	d079      	beq.n	4030ec <__mulsc3+0x1cc>
  402ff8:	2300      	movs	r3, #0
  402ffa:	9305      	str	r3, [sp, #20]
  402ffc:	f027 4300 	bic.w	r3, r7, #2147483648	; 0x80000000
  403000:	4983      	ldr	r1, [pc, #524]	; (403210 <__mulsc3+0x2f0>)
  403002:	9303      	str	r3, [sp, #12]
  403004:	4618      	mov	r0, r3
  403006:	f000 f995 	bl	403334 <__aeabi_fcmpun>
  40300a:	2800      	cmp	r0, #0
  40300c:	f040 809d 	bne.w	40314a <__mulsc3+0x22a>
  403010:	497f      	ldr	r1, [pc, #508]	; (403210 <__mulsc3+0x2f0>)
  403012:	9803      	ldr	r0, [sp, #12]
  403014:	f000 f970 	bl	4032f8 <__aeabi_fcmple>
  403018:	2800      	cmp	r0, #0
  40301a:	f040 8096 	bne.w	40314a <__mulsc3+0x22a>
  40301e:	9b10      	ldr	r3, [sp, #64]	; 0x40
  403020:	f023 4300 	bic.w	r3, r3, #2147483648	; 0x80000000
  403024:	9304      	str	r3, [sp, #16]
  403026:	f8dd 800c 	ldr.w	r8, [sp, #12]
  40302a:	4979      	ldr	r1, [pc, #484]	; (403210 <__mulsc3+0x2f0>)
  40302c:	4640      	mov	r0, r8
  40302e:	f000 f981 	bl	403334 <__aeabi_fcmpun>
  403032:	f04f 0401 	mov.w	r4, #1
  403036:	b928      	cbnz	r0, 403044 <__mulsc3+0x124>
  403038:	4975      	ldr	r1, [pc, #468]	; (403210 <__mulsc3+0x2f0>)
  40303a:	4640      	mov	r0, r8
  40303c:	f000 f95c 	bl	4032f8 <__aeabi_fcmple>
  403040:	b900      	cbnz	r0, 403044 <__mulsc3+0x124>
  403042:	4604      	mov	r4, r0
  403044:	f084 0001 	eor.w	r0, r4, #1
  403048:	f000 0001 	and.w	r0, r0, #1
  40304c:	f7ff fdc4 	bl	402bd8 <__aeabi_i2f>
  403050:	f8dd 8010 	ldr.w	r8, [sp, #16]
  403054:	496e      	ldr	r1, [pc, #440]	; (403210 <__mulsc3+0x2f0>)
  403056:	f360 071e 	bfi	r7, r0, #0, #31
  40305a:	4640      	mov	r0, r8
  40305c:	f000 f96a 	bl	403334 <__aeabi_fcmpun>
  403060:	f04f 0401 	mov.w	r4, #1
  403064:	b928      	cbnz	r0, 403072 <__mulsc3+0x152>
  403066:	496a      	ldr	r1, [pc, #424]	; (403210 <__mulsc3+0x2f0>)
  403068:	4640      	mov	r0, r8
  40306a:	f000 f945 	bl	4032f8 <__aeabi_fcmple>
  40306e:	b900      	cbnz	r0, 403072 <__mulsc3+0x152>
  403070:	4604      	mov	r4, r0
  403072:	f084 0001 	eor.w	r0, r4, #1
  403076:	f000 0001 	and.w	r0, r0, #1
  40307a:	f7ff fdad 	bl	402bd8 <__aeabi_i2f>
  40307e:	9b10      	ldr	r3, [sp, #64]	; 0x40
  403080:	4659      	mov	r1, fp
  403082:	f360 031e 	bfi	r3, r0, #0, #31
  403086:	4658      	mov	r0, fp
  403088:	9310      	str	r3, [sp, #64]	; 0x40
  40308a:	f000 f953 	bl	403334 <__aeabi_fcmpun>
  40308e:	2800      	cmp	r0, #0
  403090:	f040 80ca 	bne.w	403228 <__mulsc3+0x308>
  403094:	4631      	mov	r1, r6
  403096:	4630      	mov	r0, r6
  403098:	f000 f94c 	bl	403334 <__aeabi_fcmpun>
  40309c:	2800      	cmp	r0, #0
  40309e:	f040 80c0 	bne.w	403222 <__mulsc3+0x302>
  4030a2:	4639      	mov	r1, r7
  4030a4:	4658      	mov	r0, fp
  4030a6:	f7ff fdeb 	bl	402c80 <__aeabi_fmul>
  4030aa:	9910      	ldr	r1, [sp, #64]	; 0x40
  4030ac:	4604      	mov	r4, r0
  4030ae:	4630      	mov	r0, r6
  4030b0:	f7ff fde6 	bl	402c80 <__aeabi_fmul>
  4030b4:	4601      	mov	r1, r0
  4030b6:	4620      	mov	r0, r4
  4030b8:	f7ff fcd8 	bl	402a6c <__aeabi_fsub>
  4030bc:	f04f 41ff 	mov.w	r1, #2139095040	; 0x7f800000
  4030c0:	f7ff fdde 	bl	402c80 <__aeabi_fmul>
  4030c4:	9910      	ldr	r1, [sp, #64]	; 0x40
  4030c6:	4604      	mov	r4, r0
  4030c8:	4658      	mov	r0, fp
  4030ca:	f7ff fdd9 	bl	402c80 <__aeabi_fmul>
  4030ce:	4639      	mov	r1, r7
  4030d0:	4680      	mov	r8, r0
  4030d2:	4630      	mov	r0, r6
  4030d4:	f7ff fdd4 	bl	402c80 <__aeabi_fmul>
  4030d8:	4601      	mov	r1, r0
  4030da:	4640      	mov	r0, r8
  4030dc:	f7ff fcc8 	bl	402a70 <__addsf3>
  4030e0:	f04f 41ff 	mov.w	r1, #2139095040	; 0x7f800000
  4030e4:	f7ff fdcc 	bl	402c80 <__aeabi_fmul>
  4030e8:	9001      	str	r0, [sp, #4]
  4030ea:	e743      	b.n	402f74 <__mulsc3+0x54>
  4030ec:	9804      	ldr	r0, [sp, #16]
  4030ee:	f7ff fd73 	bl	402bd8 <__aeabi_i2f>
  4030f2:	f026 4300 	bic.w	r3, r6, #2147483648	; 0x80000000
  4030f6:	4946      	ldr	r1, [pc, #280]	; (403210 <__mulsc3+0x2f0>)
  4030f8:	9303      	str	r3, [sp, #12]
  4030fa:	f360 0b1e 	bfi	fp, r0, #0, #31
  4030fe:	4618      	mov	r0, r3
  403100:	f000 f918 	bl	403334 <__aeabi_fcmpun>
  403104:	f04f 0201 	mov.w	r2, #1
  403108:	b940      	cbnz	r0, 40311c <__mulsc3+0x1fc>
  40310a:	9b03      	ldr	r3, [sp, #12]
  40310c:	4940      	ldr	r1, [pc, #256]	; (403210 <__mulsc3+0x2f0>)
  40310e:	9204      	str	r2, [sp, #16]
  403110:	4618      	mov	r0, r3
  403112:	f000 f8f1 	bl	4032f8 <__aeabi_fcmple>
  403116:	9a04      	ldr	r2, [sp, #16]
  403118:	b900      	cbnz	r0, 40311c <__mulsc3+0x1fc>
  40311a:	4602      	mov	r2, r0
  40311c:	f082 0201 	eor.w	r2, r2, #1
  403120:	f002 0001 	and.w	r0, r2, #1
  403124:	f7ff fd58 	bl	402bd8 <__aeabi_i2f>
  403128:	4639      	mov	r1, r7
  40312a:	f360 061e 	bfi	r6, r0, #0, #31
  40312e:	4638      	mov	r0, r7
  403130:	f000 f900 	bl	403334 <__aeabi_fcmpun>
  403134:	2800      	cmp	r0, #0
  403136:	d17a      	bne.n	40322e <__mulsc3+0x30e>
  403138:	9910      	ldr	r1, [sp, #64]	; 0x40
  40313a:	4608      	mov	r0, r1
  40313c:	f000 f8fa 	bl	403334 <__aeabi_fcmpun>
  403140:	2800      	cmp	r0, #0
  403142:	d167      	bne.n	403214 <__mulsc3+0x2f4>
  403144:	2301      	movs	r3, #1
  403146:	9305      	str	r3, [sp, #20]
  403148:	e758      	b.n	402ffc <__mulsc3+0xdc>
  40314a:	9b10      	ldr	r3, [sp, #64]	; 0x40
  40314c:	4930      	ldr	r1, [pc, #192]	; (403210 <__mulsc3+0x2f0>)
  40314e:	f023 4300 	bic.w	r3, r3, #2147483648	; 0x80000000
  403152:	4618      	mov	r0, r3
  403154:	9304      	str	r3, [sp, #16]
  403156:	f000 f8ed 	bl	403334 <__aeabi_fcmpun>
  40315a:	b930      	cbnz	r0, 40316a <__mulsc3+0x24a>
  40315c:	492c      	ldr	r1, [pc, #176]	; (403210 <__mulsc3+0x2f0>)
  40315e:	9804      	ldr	r0, [sp, #16]
  403160:	f000 f8ca 	bl	4032f8 <__aeabi_fcmple>
  403164:	2800      	cmp	r0, #0
  403166:	f43f af5e 	beq.w	403026 <__mulsc3+0x106>
  40316a:	9b05      	ldr	r3, [sp, #20]
  40316c:	2b00      	cmp	r3, #0
  40316e:	d198      	bne.n	4030a2 <__mulsc3+0x182>
  403170:	f028 4800 	bic.w	r8, r8, #2147483648	; 0x80000000
  403174:	4926      	ldr	r1, [pc, #152]	; (403210 <__mulsc3+0x2f0>)
  403176:	4640      	mov	r0, r8
  403178:	f000 f8dc 	bl	403334 <__aeabi_fcmpun>
  40317c:	b920      	cbnz	r0, 403188 <__mulsc3+0x268>
  40317e:	4924      	ldr	r1, [pc, #144]	; (403210 <__mulsc3+0x2f0>)
  403180:	4640      	mov	r0, r8
  403182:	f000 f8b9 	bl	4032f8 <__aeabi_fcmple>
  403186:	b340      	cbz	r0, 4031da <__mulsc3+0x2ba>
  403188:	f029 4900 	bic.w	r9, r9, #2147483648	; 0x80000000
  40318c:	4920      	ldr	r1, [pc, #128]	; (403210 <__mulsc3+0x2f0>)
  40318e:	4648      	mov	r0, r9
  403190:	f000 f8d0 	bl	403334 <__aeabi_fcmpun>
  403194:	b920      	cbnz	r0, 4031a0 <__mulsc3+0x280>
  403196:	491e      	ldr	r1, [pc, #120]	; (403210 <__mulsc3+0x2f0>)
  403198:	4648      	mov	r0, r9
  40319a:	f000 f8ad 	bl	4032f8 <__aeabi_fcmple>
  40319e:	b1e0      	cbz	r0, 4031da <__mulsc3+0x2ba>
  4031a0:	f02a 4a00 	bic.w	sl, sl, #2147483648	; 0x80000000
  4031a4:	491a      	ldr	r1, [pc, #104]	; (403210 <__mulsc3+0x2f0>)
  4031a6:	4650      	mov	r0, sl
  4031a8:	f000 f8c4 	bl	403334 <__aeabi_fcmpun>
  4031ac:	b920      	cbnz	r0, 4031b8 <__mulsc3+0x298>
  4031ae:	4918      	ldr	r1, [pc, #96]	; (403210 <__mulsc3+0x2f0>)
  4031b0:	4650      	mov	r0, sl
  4031b2:	f000 f8a1 	bl	4032f8 <__aeabi_fcmple>
  4031b6:	b180      	cbz	r0, 4031da <__mulsc3+0x2ba>
  4031b8:	9b02      	ldr	r3, [sp, #8]
  4031ba:	4915      	ldr	r1, [pc, #84]	; (403210 <__mulsc3+0x2f0>)
  4031bc:	f023 4800 	bic.w	r8, r3, #2147483648	; 0x80000000
  4031c0:	4640      	mov	r0, r8
  4031c2:	f000 f8b7 	bl	403334 <__aeabi_fcmpun>
  4031c6:	2800      	cmp	r0, #0
  4031c8:	f47f aed4 	bne.w	402f74 <__mulsc3+0x54>
  4031cc:	4910      	ldr	r1, [pc, #64]	; (403210 <__mulsc3+0x2f0>)
  4031ce:	4640      	mov	r0, r8
  4031d0:	f000 f892 	bl	4032f8 <__aeabi_fcmple>
  4031d4:	2800      	cmp	r0, #0
  4031d6:	f47f aecd 	bne.w	402f74 <__mulsc3+0x54>
  4031da:	4659      	mov	r1, fp
  4031dc:	4658      	mov	r0, fp
  4031de:	f000 f8a9 	bl	403334 <__aeabi_fcmpun>
  4031e2:	bb68      	cbnz	r0, 403240 <__mulsc3+0x320>
  4031e4:	4631      	mov	r1, r6
  4031e6:	4630      	mov	r0, r6
  4031e8:	f000 f8a4 	bl	403334 <__aeabi_fcmpun>
  4031ec:	bb28      	cbnz	r0, 40323a <__mulsc3+0x31a>
  4031ee:	4639      	mov	r1, r7
  4031f0:	4638      	mov	r0, r7
  4031f2:	f000 f89f 	bl	403334 <__aeabi_fcmpun>
  4031f6:	b9e8      	cbnz	r0, 403234 <__mulsc3+0x314>
  4031f8:	9910      	ldr	r1, [sp, #64]	; 0x40
  4031fa:	4608      	mov	r0, r1
  4031fc:	f000 f89a 	bl	403334 <__aeabi_fcmpun>
  403200:	2800      	cmp	r0, #0
  403202:	f43f af4e 	beq.w	4030a2 <__mulsc3+0x182>
  403206:	9b10      	ldr	r3, [sp, #64]	; 0x40
  403208:	f36f 031e 	bfc	r3, #0, #31
  40320c:	9310      	str	r3, [sp, #64]	; 0x40
  40320e:	e748      	b.n	4030a2 <__mulsc3+0x182>
  403210:	7f7fffff 	.word	0x7f7fffff
  403214:	9b10      	ldr	r3, [sp, #64]	; 0x40
  403216:	f36f 031e 	bfc	r3, #0, #31
  40321a:	9310      	str	r3, [sp, #64]	; 0x40
  40321c:	2301      	movs	r3, #1
  40321e:	9305      	str	r3, [sp, #20]
  403220:	e6ec      	b.n	402ffc <__mulsc3+0xdc>
  403222:	f36f 061e 	bfc	r6, #0, #31
  403226:	e73c      	b.n	4030a2 <__mulsc3+0x182>
  403228:	f36f 0b1e 	bfc	fp, #0, #31
  40322c:	e732      	b.n	403094 <__mulsc3+0x174>
  40322e:	f36f 071e 	bfc	r7, #0, #31
  403232:	e781      	b.n	403138 <__mulsc3+0x218>
  403234:	f36f 071e 	bfc	r7, #0, #31
  403238:	e7de      	b.n	4031f8 <__mulsc3+0x2d8>
  40323a:	f36f 061e 	bfc	r6, #0, #31
  40323e:	e7d6      	b.n	4031ee <__mulsc3+0x2ce>
  403240:	f36f 0b1e 	bfc	fp, #0, #31
  403244:	e7ce      	b.n	4031e4 <__mulsc3+0x2c4>
  403246:	bf00      	nop

00403248 <__gesf2>:
  403248:	f04f 3cff 	mov.w	ip, #4294967295	; 0xffffffff
  40324c:	e006      	b.n	40325c <__cmpsf2+0x4>
  40324e:	bf00      	nop

00403250 <__lesf2>:
  403250:	f04f 0c01 	mov.w	ip, #1
  403254:	e002      	b.n	40325c <__cmpsf2+0x4>
  403256:	bf00      	nop

00403258 <__cmpsf2>:
  403258:	f04f 0c01 	mov.w	ip, #1
  40325c:	f84d cd04 	str.w	ip, [sp, #-4]!
  403260:	ea4f 0240 	mov.w	r2, r0, lsl #1
  403264:	ea4f 0341 	mov.w	r3, r1, lsl #1
  403268:	ea7f 6c22 	mvns.w	ip, r2, asr #24
  40326c:	bf18      	it	ne
  40326e:	ea7f 6c23 	mvnsne.w	ip, r3, asr #24
  403272:	d011      	beq.n	403298 <__cmpsf2+0x40>
  403274:	b001      	add	sp, #4
  403276:	ea52 0c53 	orrs.w	ip, r2, r3, lsr #1
  40327a:	bf18      	it	ne
  40327c:	ea90 0f01 	teqne	r0, r1
  403280:	bf58      	it	pl
  403282:	ebb2 0003 	subspl.w	r0, r2, r3
  403286:	bf88      	it	hi
  403288:	17c8      	asrhi	r0, r1, #31
  40328a:	bf38      	it	cc
  40328c:	ea6f 70e1 	mvncc.w	r0, r1, asr #31
  403290:	bf18      	it	ne
  403292:	f040 0001 	orrne.w	r0, r0, #1
  403296:	4770      	bx	lr
  403298:	ea7f 6c22 	mvns.w	ip, r2, asr #24
  40329c:	d102      	bne.n	4032a4 <__cmpsf2+0x4c>
  40329e:	ea5f 2c40 	movs.w	ip, r0, lsl #9
  4032a2:	d105      	bne.n	4032b0 <__cmpsf2+0x58>
  4032a4:	ea7f 6c23 	mvns.w	ip, r3, asr #24
  4032a8:	d1e4      	bne.n	403274 <__cmpsf2+0x1c>
  4032aa:	ea5f 2c41 	movs.w	ip, r1, lsl #9
  4032ae:	d0e1      	beq.n	403274 <__cmpsf2+0x1c>
  4032b0:	f85d 0b04 	ldr.w	r0, [sp], #4
  4032b4:	4770      	bx	lr
  4032b6:	bf00      	nop

004032b8 <__aeabi_cfrcmple>:
  4032b8:	4684      	mov	ip, r0
  4032ba:	4608      	mov	r0, r1
  4032bc:	4661      	mov	r1, ip
  4032be:	e7ff      	b.n	4032c0 <__aeabi_cfcmpeq>

004032c0 <__aeabi_cfcmpeq>:
  4032c0:	b50f      	push	{r0, r1, r2, r3, lr}
  4032c2:	f7ff ffc9 	bl	403258 <__cmpsf2>
  4032c6:	2800      	cmp	r0, #0
  4032c8:	bf48      	it	mi
  4032ca:	f110 0f00 	cmnmi.w	r0, #0
  4032ce:	bd0f      	pop	{r0, r1, r2, r3, pc}

004032d0 <__aeabi_fcmpeq>:
  4032d0:	f84d ed08 	str.w	lr, [sp, #-8]!
  4032d4:	f7ff fff4 	bl	4032c0 <__aeabi_cfcmpeq>
  4032d8:	bf0c      	ite	eq
  4032da:	2001      	moveq	r0, #1
  4032dc:	2000      	movne	r0, #0
  4032de:	f85d fb08 	ldr.w	pc, [sp], #8
  4032e2:	bf00      	nop

004032e4 <__aeabi_fcmplt>:
  4032e4:	f84d ed08 	str.w	lr, [sp, #-8]!
  4032e8:	f7ff ffea 	bl	4032c0 <__aeabi_cfcmpeq>
  4032ec:	bf34      	ite	cc
  4032ee:	2001      	movcc	r0, #1
  4032f0:	2000      	movcs	r0, #0
  4032f2:	f85d fb08 	ldr.w	pc, [sp], #8
  4032f6:	bf00      	nop

004032f8 <__aeabi_fcmple>:
  4032f8:	f84d ed08 	str.w	lr, [sp, #-8]!
  4032fc:	f7ff ffe0 	bl	4032c0 <__aeabi_cfcmpeq>
  403300:	bf94      	ite	ls
  403302:	2001      	movls	r0, #1
  403304:	2000      	movhi	r0, #0
  403306:	f85d fb08 	ldr.w	pc, [sp], #8
  40330a:	bf00      	nop

0040330c <__aeabi_fcmpge>:
  40330c:	f84d ed08 	str.w	lr, [sp, #-8]!
  403310:	f7ff ffd2 	bl	4032b8 <__aeabi_cfrcmple>
  403314:	bf94      	ite	ls
  403316:	2001      	movls	r0, #1
  403318:	2000      	movhi	r0, #0
  40331a:	f85d fb08 	ldr.w	pc, [sp], #8
  40331e:	bf00      	nop

00403320 <__aeabi_fcmpgt>:
  403320:	f84d ed08 	str.w	lr, [sp, #-8]!
  403324:	f7ff ffc8 	bl	4032b8 <__aeabi_cfrcmple>
  403328:	bf34      	ite	cc
  40332a:	2001      	movcc	r0, #1
  40332c:	2000      	movcs	r0, #0
  40332e:	f85d fb08 	ldr.w	pc, [sp], #8
  403332:	bf00      	nop

00403334 <__aeabi_fcmpun>:
  403334:	ea4f 0240 	mov.w	r2, r0, lsl #1
  403338:	ea4f 0341 	mov.w	r3, r1, lsl #1
  40333c:	ea7f 6c22 	mvns.w	ip, r2, asr #24
  403340:	d102      	bne.n	403348 <__aeabi_fcmpun+0x14>
  403342:	ea5f 2c40 	movs.w	ip, r0, lsl #9
  403346:	d108      	bne.n	40335a <__aeabi_fcmpun+0x26>
  403348:	ea7f 6c23 	mvns.w	ip, r3, asr #24
  40334c:	d102      	bne.n	403354 <__aeabi_fcmpun+0x20>
  40334e:	ea5f 2c41 	movs.w	ip, r1, lsl #9
  403352:	d102      	bne.n	40335a <__aeabi_fcmpun+0x26>
  403354:	f04f 0000 	mov.w	r0, #0
  403358:	4770      	bx	lr
  40335a:	f04f 0001 	mov.w	r0, #1
  40335e:	4770      	bx	lr

00403360 <__errno>:
  403360:	4b01      	ldr	r3, [pc, #4]	; (403368 <__errno+0x8>)
  403362:	6818      	ldr	r0, [r3, #0]
  403364:	4770      	bx	lr
  403366:	bf00      	nop
  403368:	20000008 	.word	0x20000008

0040336c <__libc_init_array>:
  40336c:	b570      	push	{r4, r5, r6, lr}
  40336e:	4e0d      	ldr	r6, [pc, #52]	; (4033a4 <__libc_init_array+0x38>)
  403370:	4d0d      	ldr	r5, [pc, #52]	; (4033a8 <__libc_init_array+0x3c>)
  403372:	1b76      	subs	r6, r6, r5
  403374:	10b6      	asrs	r6, r6, #2
  403376:	d006      	beq.n	403386 <__libc_init_array+0x1a>
  403378:	2400      	movs	r4, #0
  40337a:	f855 3b04 	ldr.w	r3, [r5], #4
  40337e:	3401      	adds	r4, #1
  403380:	4798      	blx	r3
  403382:	42a6      	cmp	r6, r4
  403384:	d1f9      	bne.n	40337a <__libc_init_array+0xe>
  403386:	4e09      	ldr	r6, [pc, #36]	; (4033ac <__libc_init_array+0x40>)
  403388:	4d09      	ldr	r5, [pc, #36]	; (4033b0 <__libc_init_array+0x44>)
  40338a:	1b76      	subs	r6, r6, r5
  40338c:	f000 ff4e 	bl	40422c <_init>
  403390:	10b6      	asrs	r6, r6, #2
  403392:	d006      	beq.n	4033a2 <__libc_init_array+0x36>
  403394:	2400      	movs	r4, #0
  403396:	f855 3b04 	ldr.w	r3, [r5], #4
  40339a:	3401      	adds	r4, #1
  40339c:	4798      	blx	r3
  40339e:	42a6      	cmp	r6, r4
  4033a0:	d1f9      	bne.n	403396 <__libc_init_array+0x2a>
  4033a2:	bd70      	pop	{r4, r5, r6, pc}
  4033a4:	00404238 	.word	0x00404238
  4033a8:	00404238 	.word	0x00404238
  4033ac:	0040423c 	.word	0x0040423c
  4033b0:	00404238 	.word	0x00404238

004033b4 <malloc>:
  4033b4:	4b02      	ldr	r3, [pc, #8]	; (4033c0 <malloc+0xc>)
  4033b6:	4601      	mov	r1, r0
  4033b8:	6818      	ldr	r0, [r3, #0]
  4033ba:	f000 b955 	b.w	403668 <_malloc_r>
  4033be:	bf00      	nop
  4033c0:	20000008 	.word	0x20000008

004033c4 <free>:
  4033c4:	4b02      	ldr	r3, [pc, #8]	; (4033d0 <free+0xc>)
  4033c6:	4601      	mov	r1, r0
  4033c8:	6818      	ldr	r0, [r3, #0]
  4033ca:	f000 b8ef 	b.w	4035ac <_free_r>
  4033ce:	bf00      	nop
  4033d0:	20000008 	.word	0x20000008

004033d4 <memcpy>:
  4033d4:	4684      	mov	ip, r0
  4033d6:	ea41 0300 	orr.w	r3, r1, r0
  4033da:	f013 0303 	ands.w	r3, r3, #3
  4033de:	d16d      	bne.n	4034bc <memcpy+0xe8>
  4033e0:	3a40      	subs	r2, #64	; 0x40
  4033e2:	d341      	bcc.n	403468 <memcpy+0x94>
  4033e4:	f851 3b04 	ldr.w	r3, [r1], #4
  4033e8:	f840 3b04 	str.w	r3, [r0], #4
  4033ec:	f851 3b04 	ldr.w	r3, [r1], #4
  4033f0:	f840 3b04 	str.w	r3, [r0], #4
  4033f4:	f851 3b04 	ldr.w	r3, [r1], #4
  4033f8:	f840 3b04 	str.w	r3, [r0], #4
  4033fc:	f851 3b04 	ldr.w	r3, [r1], #4
  403400:	f840 3b04 	str.w	r3, [r0], #4
  403404:	f851 3b04 	ldr.w	r3, [r1], #4
  403408:	f840 3b04 	str.w	r3, [r0], #4
  40340c:	f851 3b04 	ldr.w	r3, [r1], #4
  403410:	f840 3b04 	str.w	r3, [r0], #4
  403414:	f851 3b04 	ldr.w	r3, [r1], #4
  403418:	f840 3b04 	str.w	r3, [r0], #4
  40341c:	f851 3b04 	ldr.w	r3, [r1], #4
  403420:	f840 3b04 	str.w	r3, [r0], #4
  403424:	f851 3b04 	ldr.w	r3, [r1], #4
  403428:	f840 3b04 	str.w	r3, [r0], #4
  40342c:	f851 3b04 	ldr.w	r3, [r1], #4
  403430:	f840 3b04 	str.w	r3, [r0], #4
  403434:	f851 3b04 	ldr.w	r3, [r1], #4
  403438:	f840 3b04 	str.w	r3, [r0], #4
  40343c:	f851 3b04 	ldr.w	r3, [r1], #4
  403440:	f840 3b04 	str.w	r3, [r0], #4
  403444:	f851 3b04 	ldr.w	r3, [r1], #4
  403448:	f840 3b04 	str.w	r3, [r0], #4
  40344c:	f851 3b04 	ldr.w	r3, [r1], #4
  403450:	f840 3b04 	str.w	r3, [r0], #4
  403454:	f851 3b04 	ldr.w	r3, [r1], #4
  403458:	f840 3b04 	str.w	r3, [r0], #4
  40345c:	f851 3b04 	ldr.w	r3, [r1], #4
  403460:	f840 3b04 	str.w	r3, [r0], #4
  403464:	3a40      	subs	r2, #64	; 0x40
  403466:	d2bd      	bcs.n	4033e4 <memcpy+0x10>
  403468:	3230      	adds	r2, #48	; 0x30
  40346a:	d311      	bcc.n	403490 <memcpy+0xbc>
  40346c:	f851 3b04 	ldr.w	r3, [r1], #4
  403470:	f840 3b04 	str.w	r3, [r0], #4
  403474:	f851 3b04 	ldr.w	r3, [r1], #4
  403478:	f840 3b04 	str.w	r3, [r0], #4
  40347c:	f851 3b04 	ldr.w	r3, [r1], #4
  403480:	f840 3b04 	str.w	r3, [r0], #4
  403484:	f851 3b04 	ldr.w	r3, [r1], #4
  403488:	f840 3b04 	str.w	r3, [r0], #4
  40348c:	3a10      	subs	r2, #16
  40348e:	d2ed      	bcs.n	40346c <memcpy+0x98>
  403490:	320c      	adds	r2, #12
  403492:	d305      	bcc.n	4034a0 <memcpy+0xcc>
  403494:	f851 3b04 	ldr.w	r3, [r1], #4
  403498:	f840 3b04 	str.w	r3, [r0], #4
  40349c:	3a04      	subs	r2, #4
  40349e:	d2f9      	bcs.n	403494 <memcpy+0xc0>
  4034a0:	3204      	adds	r2, #4
  4034a2:	d008      	beq.n	4034b6 <memcpy+0xe2>
  4034a4:	07d2      	lsls	r2, r2, #31
  4034a6:	bf1c      	itt	ne
  4034a8:	f811 3b01 	ldrbne.w	r3, [r1], #1
  4034ac:	f800 3b01 	strbne.w	r3, [r0], #1
  4034b0:	d301      	bcc.n	4034b6 <memcpy+0xe2>
  4034b2:	880b      	ldrh	r3, [r1, #0]
  4034b4:	8003      	strh	r3, [r0, #0]
  4034b6:	4660      	mov	r0, ip
  4034b8:	4770      	bx	lr
  4034ba:	bf00      	nop
  4034bc:	2a08      	cmp	r2, #8
  4034be:	d313      	bcc.n	4034e8 <memcpy+0x114>
  4034c0:	078b      	lsls	r3, r1, #30
  4034c2:	d08d      	beq.n	4033e0 <memcpy+0xc>
  4034c4:	f010 0303 	ands.w	r3, r0, #3
  4034c8:	d08a      	beq.n	4033e0 <memcpy+0xc>
  4034ca:	f1c3 0304 	rsb	r3, r3, #4
  4034ce:	1ad2      	subs	r2, r2, r3
  4034d0:	07db      	lsls	r3, r3, #31
  4034d2:	bf1c      	itt	ne
  4034d4:	f811 3b01 	ldrbne.w	r3, [r1], #1
  4034d8:	f800 3b01 	strbne.w	r3, [r0], #1
  4034dc:	d380      	bcc.n	4033e0 <memcpy+0xc>
  4034de:	f831 3b02 	ldrh.w	r3, [r1], #2
  4034e2:	f820 3b02 	strh.w	r3, [r0], #2
  4034e6:	e77b      	b.n	4033e0 <memcpy+0xc>
  4034e8:	3a04      	subs	r2, #4
  4034ea:	d3d9      	bcc.n	4034a0 <memcpy+0xcc>
  4034ec:	3a01      	subs	r2, #1
  4034ee:	f811 3b01 	ldrb.w	r3, [r1], #1
  4034f2:	f800 3b01 	strb.w	r3, [r0], #1
  4034f6:	d2f9      	bcs.n	4034ec <memcpy+0x118>
  4034f8:	780b      	ldrb	r3, [r1, #0]
  4034fa:	7003      	strb	r3, [r0, #0]
  4034fc:	784b      	ldrb	r3, [r1, #1]
  4034fe:	7043      	strb	r3, [r0, #1]
  403500:	788b      	ldrb	r3, [r1, #2]
  403502:	7083      	strb	r3, [r0, #2]
  403504:	4660      	mov	r0, ip
  403506:	4770      	bx	lr

00403508 <memset>:
  403508:	0783      	lsls	r3, r0, #30
  40350a:	b530      	push	{r4, r5, lr}
  40350c:	d048      	beq.n	4035a0 <memset+0x98>
  40350e:	1e54      	subs	r4, r2, #1
  403510:	2a00      	cmp	r2, #0
  403512:	d03f      	beq.n	403594 <memset+0x8c>
  403514:	b2ca      	uxtb	r2, r1
  403516:	4603      	mov	r3, r0
  403518:	e001      	b.n	40351e <memset+0x16>
  40351a:	3c01      	subs	r4, #1
  40351c:	d33a      	bcc.n	403594 <memset+0x8c>
  40351e:	f803 2b01 	strb.w	r2, [r3], #1
  403522:	079d      	lsls	r5, r3, #30
  403524:	d1f9      	bne.n	40351a <memset+0x12>
  403526:	2c03      	cmp	r4, #3
  403528:	d92d      	bls.n	403586 <memset+0x7e>
  40352a:	b2cd      	uxtb	r5, r1
  40352c:	ea45 2505 	orr.w	r5, r5, r5, lsl #8
  403530:	2c0f      	cmp	r4, #15
  403532:	ea45 4505 	orr.w	r5, r5, r5, lsl #16
  403536:	d936      	bls.n	4035a6 <memset+0x9e>
  403538:	f1a4 0210 	sub.w	r2, r4, #16
  40353c:	f022 0c0f 	bic.w	ip, r2, #15
  403540:	f103 0e20 	add.w	lr, r3, #32
  403544:	44e6      	add	lr, ip
  403546:	ea4f 1c12 	mov.w	ip, r2, lsr #4
  40354a:	f103 0210 	add.w	r2, r3, #16
  40354e:	e942 5504 	strd	r5, r5, [r2, #-16]
  403552:	e942 5502 	strd	r5, r5, [r2, #-8]
  403556:	3210      	adds	r2, #16
  403558:	4572      	cmp	r2, lr
  40355a:	d1f8      	bne.n	40354e <memset+0x46>
  40355c:	f10c 0201 	add.w	r2, ip, #1
  403560:	f014 0f0c 	tst.w	r4, #12
  403564:	eb03 1202 	add.w	r2, r3, r2, lsl #4
  403568:	f004 0c0f 	and.w	ip, r4, #15
  40356c:	d013      	beq.n	403596 <memset+0x8e>
  40356e:	f1ac 0304 	sub.w	r3, ip, #4
  403572:	f023 0303 	bic.w	r3, r3, #3
  403576:	3304      	adds	r3, #4
  403578:	4413      	add	r3, r2
  40357a:	f842 5b04 	str.w	r5, [r2], #4
  40357e:	4293      	cmp	r3, r2
  403580:	d1fb      	bne.n	40357a <memset+0x72>
  403582:	f00c 0403 	and.w	r4, ip, #3
  403586:	b12c      	cbz	r4, 403594 <memset+0x8c>
  403588:	b2ca      	uxtb	r2, r1
  40358a:	441c      	add	r4, r3
  40358c:	f803 2b01 	strb.w	r2, [r3], #1
  403590:	429c      	cmp	r4, r3
  403592:	d1fb      	bne.n	40358c <memset+0x84>
  403594:	bd30      	pop	{r4, r5, pc}
  403596:	4664      	mov	r4, ip
  403598:	4613      	mov	r3, r2
  40359a:	2c00      	cmp	r4, #0
  40359c:	d1f4      	bne.n	403588 <memset+0x80>
  40359e:	e7f9      	b.n	403594 <memset+0x8c>
  4035a0:	4603      	mov	r3, r0
  4035a2:	4614      	mov	r4, r2
  4035a4:	e7bf      	b.n	403526 <memset+0x1e>
  4035a6:	461a      	mov	r2, r3
  4035a8:	46a4      	mov	ip, r4
  4035aa:	e7e0      	b.n	40356e <memset+0x66>

004035ac <_free_r>:
  4035ac:	2900      	cmp	r1, #0
  4035ae:	d051      	beq.n	403654 <_free_r+0xa8>
  4035b0:	b538      	push	{r3, r4, r5, lr}
  4035b2:	f851 3c04 	ldr.w	r3, [r1, #-4]
  4035b6:	1f0c      	subs	r4, r1, #4
  4035b8:	2b00      	cmp	r3, #0
  4035ba:	bfb8      	it	lt
  4035bc:	18e4      	addlt	r4, r4, r3
  4035be:	4605      	mov	r5, r0
  4035c0:	f000 f8fa 	bl	4037b8 <__malloc_lock>
  4035c4:	4a27      	ldr	r2, [pc, #156]	; (403664 <_free_r+0xb8>)
  4035c6:	6813      	ldr	r3, [r2, #0]
  4035c8:	b12b      	cbz	r3, 4035d6 <_free_r+0x2a>
  4035ca:	42a3      	cmp	r3, r4
  4035cc:	d90c      	bls.n	4035e8 <_free_r+0x3c>
  4035ce:	6821      	ldr	r1, [r4, #0]
  4035d0:	1860      	adds	r0, r4, r1
  4035d2:	4283      	cmp	r3, r0
  4035d4:	d02c      	beq.n	403630 <_free_r+0x84>
  4035d6:	6063      	str	r3, [r4, #4]
  4035d8:	4628      	mov	r0, r5
  4035da:	6014      	str	r4, [r2, #0]
  4035dc:	e8bd 4038 	ldmia.w	sp!, {r3, r4, r5, lr}
  4035e0:	f000 b8ec 	b.w	4037bc <__malloc_unlock>
  4035e4:	42a3      	cmp	r3, r4
  4035e6:	d80f      	bhi.n	403608 <_free_r+0x5c>
  4035e8:	461a      	mov	r2, r3
  4035ea:	685b      	ldr	r3, [r3, #4]
  4035ec:	2b00      	cmp	r3, #0
  4035ee:	d1f9      	bne.n	4035e4 <_free_r+0x38>
  4035f0:	6811      	ldr	r1, [r2, #0]
  4035f2:	1850      	adds	r0, r2, r1
  4035f4:	4284      	cmp	r4, r0
  4035f6:	d017      	beq.n	403628 <_free_r+0x7c>
  4035f8:	d32d      	bcc.n	403656 <_free_r+0xaa>
  4035fa:	6063      	str	r3, [r4, #4]
  4035fc:	6054      	str	r4, [r2, #4]
  4035fe:	4628      	mov	r0, r5
  403600:	e8bd 4038 	ldmia.w	sp!, {r3, r4, r5, lr}
  403604:	f000 b8da 	b.w	4037bc <__malloc_unlock>
  403608:	6811      	ldr	r1, [r2, #0]
  40360a:	1850      	adds	r0, r2, r1
  40360c:	42a0      	cmp	r0, r4
  40360e:	d015      	beq.n	40363c <_free_r+0x90>
  403610:	d821      	bhi.n	403656 <_free_r+0xaa>
  403612:	6821      	ldr	r1, [r4, #0]
  403614:	1860      	adds	r0, r4, r1
  403616:	4283      	cmp	r3, r0
  403618:	d1ef      	bne.n	4035fa <_free_r+0x4e>
  40361a:	6818      	ldr	r0, [r3, #0]
  40361c:	685b      	ldr	r3, [r3, #4]
  40361e:	4401      	add	r1, r0
  403620:	e9c4 1300 	strd	r1, r3, [r4]
  403624:	6054      	str	r4, [r2, #4]
  403626:	e7ea      	b.n	4035fe <_free_r+0x52>
  403628:	6823      	ldr	r3, [r4, #0]
  40362a:	4419      	add	r1, r3
  40362c:	6011      	str	r1, [r2, #0]
  40362e:	e7e6      	b.n	4035fe <_free_r+0x52>
  403630:	6818      	ldr	r0, [r3, #0]
  403632:	685b      	ldr	r3, [r3, #4]
  403634:	4401      	add	r1, r0
  403636:	e9c4 1300 	strd	r1, r3, [r4]
  40363a:	e7cd      	b.n	4035d8 <_free_r+0x2c>
  40363c:	6820      	ldr	r0, [r4, #0]
  40363e:	4401      	add	r1, r0
  403640:	1850      	adds	r0, r2, r1
  403642:	4283      	cmp	r3, r0
  403644:	6011      	str	r1, [r2, #0]
  403646:	d1da      	bne.n	4035fe <_free_r+0x52>
  403648:	e9d3 0300 	ldrd	r0, r3, [r3]
  40364c:	4401      	add	r1, r0
  40364e:	e9c2 1300 	strd	r1, r3, [r2]
  403652:	e7d4      	b.n	4035fe <_free_r+0x52>
  403654:	4770      	bx	lr
  403656:	230c      	movs	r3, #12
  403658:	602b      	str	r3, [r5, #0]
  40365a:	4628      	mov	r0, r5
  40365c:	e8bd 4038 	ldmia.w	sp!, {r3, r4, r5, lr}
  403660:	f000 b8ac 	b.w	4037bc <__malloc_unlock>
  403664:	20000088 	.word	0x20000088

00403668 <_malloc_r>:
  403668:	b5f8      	push	{r3, r4, r5, r6, r7, lr}
  40366a:	1ccd      	adds	r5, r1, #3
  40366c:	f025 0503 	bic.w	r5, r5, #3
  403670:	3508      	adds	r5, #8
  403672:	2d0c      	cmp	r5, #12
  403674:	bf38      	it	cc
  403676:	250c      	movcc	r5, #12
  403678:	2d00      	cmp	r5, #0
  40367a:	4606      	mov	r6, r0
  40367c:	db23      	blt.n	4036c6 <_malloc_r+0x5e>
  40367e:	42a9      	cmp	r1, r5
  403680:	d821      	bhi.n	4036c6 <_malloc_r+0x5e>
  403682:	4f25      	ldr	r7, [pc, #148]	; (403718 <_malloc_r+0xb0>)
  403684:	f000 f898 	bl	4037b8 <__malloc_lock>
  403688:	683a      	ldr	r2, [r7, #0]
  40368a:	b322      	cbz	r2, 4036d6 <_malloc_r+0x6e>
  40368c:	4614      	mov	r4, r2
  40368e:	e003      	b.n	403698 <_malloc_r+0x30>
  403690:	6863      	ldr	r3, [r4, #4]
  403692:	4622      	mov	r2, r4
  403694:	b1fb      	cbz	r3, 4036d6 <_malloc_r+0x6e>
  403696:	461c      	mov	r4, r3
  403698:	6823      	ldr	r3, [r4, #0]
  40369a:	1b5b      	subs	r3, r3, r5
  40369c:	d4f8      	bmi.n	403690 <_malloc_r+0x28>
  40369e:	2b0b      	cmp	r3, #11
  4036a0:	d815      	bhi.n	4036ce <_malloc_r+0x66>
  4036a2:	6863      	ldr	r3, [r4, #4]
  4036a4:	4294      	cmp	r4, r2
  4036a6:	bf0c      	ite	eq
  4036a8:	603b      	streq	r3, [r7, #0]
  4036aa:	6053      	strne	r3, [r2, #4]
  4036ac:	4630      	mov	r0, r6
  4036ae:	f000 f885 	bl	4037bc <__malloc_unlock>
  4036b2:	f104 000b 	add.w	r0, r4, #11
  4036b6:	1d23      	adds	r3, r4, #4
  4036b8:	f020 0007 	bic.w	r0, r0, #7
  4036bc:	1ac2      	subs	r2, r0, r3
  4036be:	d001      	beq.n	4036c4 <_malloc_r+0x5c>
  4036c0:	1a1b      	subs	r3, r3, r0
  4036c2:	50a3      	str	r3, [r4, r2]
  4036c4:	bdf8      	pop	{r3, r4, r5, r6, r7, pc}
  4036c6:	230c      	movs	r3, #12
  4036c8:	6033      	str	r3, [r6, #0]
  4036ca:	2000      	movs	r0, #0
  4036cc:	bdf8      	pop	{r3, r4, r5, r6, r7, pc}
  4036ce:	6023      	str	r3, [r4, #0]
  4036d0:	441c      	add	r4, r3
  4036d2:	6025      	str	r5, [r4, #0]
  4036d4:	e7ea      	b.n	4036ac <_malloc_r+0x44>
  4036d6:	6879      	ldr	r1, [r7, #4]
  4036d8:	b1c9      	cbz	r1, 40370e <_malloc_r+0xa6>
  4036da:	4629      	mov	r1, r5
  4036dc:	4630      	mov	r0, r6
  4036de:	f000 f81d 	bl	40371c <_sbrk_r>
  4036e2:	1c43      	adds	r3, r0, #1
  4036e4:	d00c      	beq.n	403700 <_malloc_r+0x98>
  4036e6:	1cc4      	adds	r4, r0, #3
  4036e8:	f024 0403 	bic.w	r4, r4, #3
  4036ec:	42a0      	cmp	r0, r4
  4036ee:	d005      	beq.n	4036fc <_malloc_r+0x94>
  4036f0:	1a21      	subs	r1, r4, r0
  4036f2:	4630      	mov	r0, r6
  4036f4:	f000 f812 	bl	40371c <_sbrk_r>
  4036f8:	3001      	adds	r0, #1
  4036fa:	d001      	beq.n	403700 <_malloc_r+0x98>
  4036fc:	6025      	str	r5, [r4, #0]
  4036fe:	e7d5      	b.n	4036ac <_malloc_r+0x44>
  403700:	230c      	movs	r3, #12
  403702:	4630      	mov	r0, r6
  403704:	6033      	str	r3, [r6, #0]
  403706:	f000 f859 	bl	4037bc <__malloc_unlock>
  40370a:	2000      	movs	r0, #0
  40370c:	bdf8      	pop	{r3, r4, r5, r6, r7, pc}
  40370e:	4630      	mov	r0, r6
  403710:	f000 f804 	bl	40371c <_sbrk_r>
  403714:	6078      	str	r0, [r7, #4]
  403716:	e7e0      	b.n	4036da <_malloc_r+0x72>
  403718:	20000088 	.word	0x20000088

0040371c <_sbrk_r>:
  40371c:	b538      	push	{r3, r4, r5, lr}
  40371e:	4d07      	ldr	r5, [pc, #28]	; (40373c <_sbrk_r+0x20>)
  403720:	2200      	movs	r2, #0
  403722:	4604      	mov	r4, r0
  403724:	4608      	mov	r0, r1
  403726:	602a      	str	r2, [r5, #0]
  403728:	f000 fd30 	bl	40418c <_sbrk>
  40372c:	1c43      	adds	r3, r0, #1
  40372e:	d000      	beq.n	403732 <_sbrk_r+0x16>
  403730:	bd38      	pop	{r3, r4, r5, pc}
  403732:	682b      	ldr	r3, [r5, #0]
  403734:	2b00      	cmp	r3, #0
  403736:	d0fb      	beq.n	403730 <_sbrk_r+0x14>
  403738:	6023      	str	r3, [r4, #0]
  40373a:	bd38      	pop	{r3, r4, r5, pc}
  40373c:	20000090 	.word	0x20000090

00403740 <_siprintf_r>:
  403740:	b40c      	push	{r2, r3}
  403742:	b510      	push	{r4, lr}
  403744:	b09c      	sub	sp, #112	; 0x70
  403746:	ab1e      	add	r3, sp, #120	; 0x78
  403748:	f06f 4400 	mvn.w	r4, #2147483648	; 0x80000000
  40374c:	e9cd 1406 	strd	r1, r4, [sp, #24]
  403750:	9102      	str	r1, [sp, #8]
  403752:	4908      	ldr	r1, [pc, #32]	; (403774 <_siprintf_r+0x34>)
  403754:	f853 2b04 	ldr.w	r2, [r3], #4
  403758:	9105      	str	r1, [sp, #20]
  40375a:	a902      	add	r1, sp, #8
  40375c:	9301      	str	r3, [sp, #4]
  40375e:	9404      	str	r4, [sp, #16]
  403760:	f000 f90c 	bl	40397c <_svfiprintf_r>
  403764:	9b02      	ldr	r3, [sp, #8]
  403766:	2200      	movs	r2, #0
  403768:	701a      	strb	r2, [r3, #0]
  40376a:	b01c      	add	sp, #112	; 0x70
  40376c:	e8bd 4010 	ldmia.w	sp!, {r4, lr}
  403770:	b002      	add	sp, #8
  403772:	4770      	bx	lr
  403774:	ffff0208 	.word	0xffff0208

00403778 <siprintf>:
  403778:	b40e      	push	{r1, r2, r3}
  40377a:	b510      	push	{r4, lr}
  40377c:	b09d      	sub	sp, #116	; 0x74
  40377e:	f06f 4100 	mvn.w	r1, #2147483648	; 0x80000000
  403782:	ab1f      	add	r3, sp, #124	; 0x7c
  403784:	e9cd 0106 	strd	r0, r1, [sp, #24]
  403788:	9104      	str	r1, [sp, #16]
  40378a:	4909      	ldr	r1, [pc, #36]	; (4037b0 <siprintf+0x38>)
  40378c:	f853 2b04 	ldr.w	r2, [r3], #4
  403790:	9002      	str	r0, [sp, #8]
  403792:	4c08      	ldr	r4, [pc, #32]	; (4037b4 <siprintf+0x3c>)
  403794:	6808      	ldr	r0, [r1, #0]
  403796:	9301      	str	r3, [sp, #4]
  403798:	a902      	add	r1, sp, #8
  40379a:	9405      	str	r4, [sp, #20]
  40379c:	f000 f8ee 	bl	40397c <_svfiprintf_r>
  4037a0:	9b02      	ldr	r3, [sp, #8]
  4037a2:	2200      	movs	r2, #0
  4037a4:	701a      	strb	r2, [r3, #0]
  4037a6:	b01d      	add	sp, #116	; 0x74
  4037a8:	e8bd 4010 	ldmia.w	sp!, {r4, lr}
  4037ac:	b003      	add	sp, #12
  4037ae:	4770      	bx	lr
  4037b0:	20000008 	.word	0x20000008
  4037b4:	ffff0208 	.word	0xffff0208

004037b8 <__malloc_lock>:
  4037b8:	4770      	bx	lr
  4037ba:	bf00      	nop

004037bc <__malloc_unlock>:
  4037bc:	4770      	bx	lr
  4037be:	bf00      	nop

004037c0 <__ssputs_r>:
  4037c0:	e92d 47f0 	stmdb	sp!, {r4, r5, r6, r7, r8, r9, sl, lr}
  4037c4:	688f      	ldr	r7, [r1, #8]
  4037c6:	429f      	cmp	r7, r3
  4037c8:	460c      	mov	r4, r1
  4037ca:	461d      	mov	r5, r3
  4037cc:	4616      	mov	r6, r2
  4037ce:	d838      	bhi.n	403842 <__ssputs_r+0x82>
  4037d0:	4682      	mov	sl, r0
  4037d2:	8988      	ldrh	r0, [r1, #12]
  4037d4:	f410 6f90 	tst.w	r0, #1152	; 0x480
  4037d8:	d10e      	bne.n	4037f8 <__ssputs_r+0x38>
  4037da:	6808      	ldr	r0, [r1, #0]
  4037dc:	463d      	mov	r5, r7
  4037de:	462a      	mov	r2, r5
  4037e0:	4631      	mov	r1, r6
  4037e2:	f000 fc25 	bl	404030 <memmove>
  4037e6:	68a2      	ldr	r2, [r4, #8]
  4037e8:	6823      	ldr	r3, [r4, #0]
  4037ea:	1bd2      	subs	r2, r2, r7
  4037ec:	442b      	add	r3, r5
  4037ee:	60a2      	str	r2, [r4, #8]
  4037f0:	6023      	str	r3, [r4, #0]
  4037f2:	2000      	movs	r0, #0
  4037f4:	e8bd 87f0 	ldmia.w	sp!, {r4, r5, r6, r7, r8, r9, sl, pc}
  4037f8:	694b      	ldr	r3, [r1, #20]
  4037fa:	6909      	ldr	r1, [r1, #16]
  4037fc:	eb03 0843 	add.w	r8, r3, r3, lsl #1
  403800:	6823      	ldr	r3, [r4, #0]
  403802:	eb08 78d8 	add.w	r8, r8, r8, lsr #31
  403806:	eba3 0901 	sub.w	r9, r3, r1
  40380a:	1c6b      	adds	r3, r5, #1
  40380c:	ea4f 0868 	mov.w	r8, r8, asr #1
  403810:	444b      	add	r3, r9
  403812:	4543      	cmp	r3, r8
  403814:	4642      	mov	r2, r8
  403816:	bf84      	itt	hi
  403818:	4698      	movhi	r8, r3
  40381a:	4642      	movhi	r2, r8
  40381c:	0543      	lsls	r3, r0, #21
  40381e:	d513      	bpl.n	403848 <__ssputs_r+0x88>
  403820:	4611      	mov	r1, r2
  403822:	4650      	mov	r0, sl
  403824:	f7ff ff20 	bl	403668 <_malloc_r>
  403828:	4607      	mov	r7, r0
  40382a:	b308      	cbz	r0, 403870 <__ssputs_r+0xb0>
  40382c:	6921      	ldr	r1, [r4, #16]
  40382e:	464a      	mov	r2, r9
  403830:	f7ff fdd0 	bl	4033d4 <memcpy>
  403834:	89a3      	ldrh	r3, [r4, #12]
  403836:	f423 6390 	bic.w	r3, r3, #1152	; 0x480
  40383a:	f043 0380 	orr.w	r3, r3, #128	; 0x80
  40383e:	81a3      	strh	r3, [r4, #12]
  403840:	e007      	b.n	403852 <__ssputs_r+0x92>
  403842:	6808      	ldr	r0, [r1, #0]
  403844:	461f      	mov	r7, r3
  403846:	e7ca      	b.n	4037de <__ssputs_r+0x1e>
  403848:	4650      	mov	r0, sl
  40384a:	f000 fc6d 	bl	404128 <_realloc_r>
  40384e:	4607      	mov	r7, r0
  403850:	b150      	cbz	r0, 403868 <__ssputs_r+0xa8>
  403852:	eb07 0009 	add.w	r0, r7, r9
  403856:	eba8 0309 	sub.w	r3, r8, r9
  40385a:	6127      	str	r7, [r4, #16]
  40385c:	f8c4 8014 	str.w	r8, [r4, #20]
  403860:	60a3      	str	r3, [r4, #8]
  403862:	6020      	str	r0, [r4, #0]
  403864:	462f      	mov	r7, r5
  403866:	e7ba      	b.n	4037de <__ssputs_r+0x1e>
  403868:	6921      	ldr	r1, [r4, #16]
  40386a:	4650      	mov	r0, sl
  40386c:	f7ff fe9e 	bl	4035ac <_free_r>
  403870:	230c      	movs	r3, #12
  403872:	f8ca 3000 	str.w	r3, [sl]
  403876:	89a3      	ldrh	r3, [r4, #12]
  403878:	f043 0340 	orr.w	r3, r3, #64	; 0x40
  40387c:	f04f 30ff 	mov.w	r0, #4294967295	; 0xffffffff
  403880:	81a3      	strh	r3, [r4, #12]
  403882:	e7b7      	b.n	4037f4 <__ssputs_r+0x34>

00403884 <__ssprint_r>:
  403884:	e92d 4ff0 	stmdb	sp!, {r4, r5, r6, r7, r8, r9, sl, fp, lr}
  403888:	6893      	ldr	r3, [r2, #8]
  40388a:	b083      	sub	sp, #12
  40388c:	4691      	mov	r9, r2
  40388e:	2b00      	cmp	r3, #0
  403890:	d06d      	beq.n	40396e <__ssprint_r+0xea>
  403892:	6817      	ldr	r7, [r2, #0]
  403894:	688d      	ldr	r5, [r1, #8]
  403896:	4680      	mov	r8, r0
  403898:	460c      	mov	r4, r1
  40389a:	6808      	ldr	r0, [r1, #0]
  40389c:	3708      	adds	r7, #8
  40389e:	e043      	b.n	403928 <__ssprint_r+0xa4>
  4038a0:	89a3      	ldrh	r3, [r4, #12]
  4038a2:	f413 6f90 	tst.w	r3, #1152	; 0x480
  4038a6:	d02e      	beq.n	403906 <__ssprint_r+0x82>
  4038a8:	e9d4 1504 	ldrd	r1, r5, [r4, #16]
  4038ac:	eba0 0a01 	sub.w	sl, r0, r1
  4038b0:	eb05 0545 	add.w	r5, r5, r5, lsl #1
  4038b4:	eb05 75d5 	add.w	r5, r5, r5, lsr #31
  4038b8:	eb0a 0006 	add.w	r0, sl, r6
  4038bc:	106d      	asrs	r5, r5, #1
  4038be:	3001      	adds	r0, #1
  4038c0:	42a8      	cmp	r0, r5
  4038c2:	462a      	mov	r2, r5
  4038c4:	bf84      	itt	hi
  4038c6:	4605      	movhi	r5, r0
  4038c8:	462a      	movhi	r2, r5
  4038ca:	055b      	lsls	r3, r3, #21
  4038cc:	d536      	bpl.n	40393c <__ssprint_r+0xb8>
  4038ce:	4611      	mov	r1, r2
  4038d0:	4640      	mov	r0, r8
  4038d2:	f7ff fec9 	bl	403668 <_malloc_r>
  4038d6:	2800      	cmp	r0, #0
  4038d8:	d03a      	beq.n	403950 <__ssprint_r+0xcc>
  4038da:	4652      	mov	r2, sl
  4038dc:	6921      	ldr	r1, [r4, #16]
  4038de:	9001      	str	r0, [sp, #4]
  4038e0:	f7ff fd78 	bl	4033d4 <memcpy>
  4038e4:	89a2      	ldrh	r2, [r4, #12]
  4038e6:	9b01      	ldr	r3, [sp, #4]
  4038e8:	f422 6290 	bic.w	r2, r2, #1152	; 0x480
  4038ec:	f042 0280 	orr.w	r2, r2, #128	; 0x80
  4038f0:	81a2      	strh	r2, [r4, #12]
  4038f2:	eba5 020a 	sub.w	r2, r5, sl
  4038f6:	eb03 000a 	add.w	r0, r3, sl
  4038fa:	6165      	str	r5, [r4, #20]
  4038fc:	60a2      	str	r2, [r4, #8]
  4038fe:	6123      	str	r3, [r4, #16]
  403900:	6020      	str	r0, [r4, #0]
  403902:	4635      	mov	r5, r6
  403904:	46b2      	mov	sl, r6
  403906:	4659      	mov	r1, fp
  403908:	4652      	mov	r2, sl
  40390a:	f000 fb91 	bl	404030 <memmove>
  40390e:	f8d9 3008 	ldr.w	r3, [r9, #8]
  403912:	68a1      	ldr	r1, [r4, #8]
  403914:	6820      	ldr	r0, [r4, #0]
  403916:	1b4d      	subs	r5, r1, r5
  403918:	4450      	add	r0, sl
  40391a:	1b9e      	subs	r6, r3, r6
  40391c:	60a5      	str	r5, [r4, #8]
  40391e:	6020      	str	r0, [r4, #0]
  403920:	f8c9 6008 	str.w	r6, [r9, #8]
  403924:	b31e      	cbz	r6, 40396e <__ssprint_r+0xea>
  403926:	3708      	adds	r7, #8
  403928:	e957 b602 	ldrd	fp, r6, [r7, #-8]
  40392c:	2e00      	cmp	r6, #0
  40392e:	d0fa      	beq.n	403926 <__ssprint_r+0xa2>
  403930:	42b5      	cmp	r5, r6
  403932:	46aa      	mov	sl, r5
  403934:	d9b4      	bls.n	4038a0 <__ssprint_r+0x1c>
  403936:	4635      	mov	r5, r6
  403938:	46b2      	mov	sl, r6
  40393a:	e7e4      	b.n	403906 <__ssprint_r+0x82>
  40393c:	4640      	mov	r0, r8
  40393e:	f000 fbf3 	bl	404128 <_realloc_r>
  403942:	4603      	mov	r3, r0
  403944:	2800      	cmp	r0, #0
  403946:	d1d4      	bne.n	4038f2 <__ssprint_r+0x6e>
  403948:	6921      	ldr	r1, [r4, #16]
  40394a:	4640      	mov	r0, r8
  40394c:	f7ff fe2e 	bl	4035ac <_free_r>
  403950:	230c      	movs	r3, #12
  403952:	f8c8 3000 	str.w	r3, [r8]
  403956:	89a3      	ldrh	r3, [r4, #12]
  403958:	2200      	movs	r2, #0
  40395a:	f043 0340 	orr.w	r3, r3, #64	; 0x40
  40395e:	f04f 30ff 	mov.w	r0, #4294967295	; 0xffffffff
  403962:	81a3      	strh	r3, [r4, #12]
  403964:	e9c9 2201 	strd	r2, r2, [r9, #4]
  403968:	b003      	add	sp, #12
  40396a:	e8bd 8ff0 	ldmia.w	sp!, {r4, r5, r6, r7, r8, r9, sl, fp, pc}
  40396e:	2000      	movs	r0, #0
  403970:	f8c9 0004 	str.w	r0, [r9, #4]
  403974:	b003      	add	sp, #12
  403976:	e8bd 8ff0 	ldmia.w	sp!, {r4, r5, r6, r7, r8, r9, sl, fp, pc}
  40397a:	bf00      	nop

0040397c <_svfiprintf_r>:
  40397c:	e92d 4ff0 	stmdb	sp!, {r4, r5, r6, r7, r8, r9, sl, fp, lr}
  403980:	461c      	mov	r4, r3
  403982:	898b      	ldrh	r3, [r1, #12]
  403984:	061d      	lsls	r5, r3, #24
  403986:	b09d      	sub	sp, #116	; 0x74
  403988:	4688      	mov	r8, r1
  40398a:	4681      	mov	r9, r0
  40398c:	4692      	mov	sl, r2
  40398e:	d503      	bpl.n	403998 <_svfiprintf_r+0x1c>
  403990:	690b      	ldr	r3, [r1, #16]
  403992:	2b00      	cmp	r3, #0
  403994:	f000 80ef 	beq.w	403b76 <_svfiprintf_r+0x1fa>
  403998:	2300      	movs	r3, #0
  40399a:	9309      	str	r3, [sp, #36]	; 0x24
  40399c:	2320      	movs	r3, #32
  40399e:	f88d 3029 	strb.w	r3, [sp, #41]	; 0x29
  4039a2:	2330      	movs	r3, #48	; 0x30
  4039a4:	f88d 302a 	strb.w	r3, [sp, #42]	; 0x2a
  4039a8:	f89a 3000 	ldrb.w	r3, [sl]
  4039ac:	4d7b      	ldr	r5, [pc, #492]	; (403b9c <_svfiprintf_r+0x220>)
  4039ae:	9403      	str	r4, [sp, #12]
  4039b0:	2601      	movs	r6, #1
  4039b2:	2b00      	cmp	r3, #0
  4039b4:	d072      	beq.n	403a9c <_svfiprintf_r+0x120>
  4039b6:	4654      	mov	r4, sl
  4039b8:	e003      	b.n	4039c2 <_svfiprintf_r+0x46>
  4039ba:	f814 3f01 	ldrb.w	r3, [r4, #1]!
  4039be:	2b00      	cmp	r3, #0
  4039c0:	d076      	beq.n	403ab0 <_svfiprintf_r+0x134>
  4039c2:	2b25      	cmp	r3, #37	; 0x25
  4039c4:	d1f9      	bne.n	4039ba <_svfiprintf_r+0x3e>
  4039c6:	ebb4 0b0a 	subs.w	fp, r4, sl
  4039ca:	d174      	bne.n	403ab6 <_svfiprintf_r+0x13a>
  4039cc:	7822      	ldrb	r2, [r4, #0]
  4039ce:	2a00      	cmp	r2, #0
  4039d0:	d064      	beq.n	403a9c <_svfiprintf_r+0x120>
  4039d2:	2300      	movs	r3, #0
  4039d4:	f04f 32ff 	mov.w	r2, #4294967295	; 0xffffffff
  4039d8:	e9cd 2305 	strd	r2, r3, [sp, #20]
  4039dc:	9304      	str	r3, [sp, #16]
  4039de:	9307      	str	r3, [sp, #28]
  4039e0:	f88d 3053 	strb.w	r3, [sp, #83]	; 0x53
  4039e4:	931a      	str	r3, [sp, #104]	; 0x68
  4039e6:	3401      	adds	r4, #1
  4039e8:	e004      	b.n	4039f4 <_svfiprintf_r+0x78>
  4039ea:	9a04      	ldr	r2, [sp, #16]
  4039ec:	fa06 f303 	lsl.w	r3, r6, r3
  4039f0:	4313      	orrs	r3, r2
  4039f2:	9304      	str	r3, [sp, #16]
  4039f4:	46a2      	mov	sl, r4
  4039f6:	2205      	movs	r2, #5
  4039f8:	f814 1b01 	ldrb.w	r1, [r4], #1
  4039fc:	4628      	mov	r0, r5
  4039fe:	f000 fac7 	bl	403f90 <memchr>
  403a02:	1b43      	subs	r3, r0, r5
  403a04:	2800      	cmp	r0, #0
  403a06:	d1f0      	bne.n	4039ea <_svfiprintf_r+0x6e>
  403a08:	9b04      	ldr	r3, [sp, #16]
  403a0a:	06d8      	lsls	r0, r3, #27
  403a0c:	bf44      	itt	mi
  403a0e:	2220      	movmi	r2, #32
  403a10:	f88d 2053 	strbmi.w	r2, [sp, #83]	; 0x53
  403a14:	0719      	lsls	r1, r3, #28
  403a16:	f89a 1000 	ldrb.w	r1, [sl]
  403a1a:	bf44      	itt	mi
  403a1c:	222b      	movmi	r2, #43	; 0x2b
  403a1e:	f88d 2053 	strbmi.w	r2, [sp, #83]	; 0x53
  403a22:	292a      	cmp	r1, #42	; 0x2a
  403a24:	d154      	bne.n	403ad0 <_svfiprintf_r+0x154>
  403a26:	9a03      	ldr	r2, [sp, #12]
  403a28:	6811      	ldr	r1, [r2, #0]
  403a2a:	3204      	adds	r2, #4
  403a2c:	2900      	cmp	r1, #0
  403a2e:	9203      	str	r2, [sp, #12]
  403a30:	db7c      	blt.n	403b2c <_svfiprintf_r+0x1b0>
  403a32:	9107      	str	r1, [sp, #28]
  403a34:	f89a 1001 	ldrb.w	r1, [sl, #1]
  403a38:	f10a 0a01 	add.w	sl, sl, #1
  403a3c:	292e      	cmp	r1, #46	; 0x2e
  403a3e:	d059      	beq.n	403af4 <_svfiprintf_r+0x178>
  403a40:	4c57      	ldr	r4, [pc, #348]	; (403ba0 <_svfiprintf_r+0x224>)
  403a42:	2203      	movs	r2, #3
  403a44:	4620      	mov	r0, r4
  403a46:	f000 faa3 	bl	403f90 <memchr>
  403a4a:	b140      	cbz	r0, 403a5e <_svfiprintf_r+0xe2>
  403a4c:	9b04      	ldr	r3, [sp, #16]
  403a4e:	1b00      	subs	r0, r0, r4
  403a50:	2440      	movs	r4, #64	; 0x40
  403a52:	fa04 f000 	lsl.w	r0, r4, r0
  403a56:	4303      	orrs	r3, r0
  403a58:	9304      	str	r3, [sp, #16]
  403a5a:	f10a 0a01 	add.w	sl, sl, #1
  403a5e:	f81a 1b01 	ldrb.w	r1, [sl], #1
  403a62:	4850      	ldr	r0, [pc, #320]	; (403ba4 <_svfiprintf_r+0x228>)
  403a64:	f88d 1028 	strb.w	r1, [sp, #40]	; 0x28
  403a68:	2206      	movs	r2, #6
  403a6a:	f000 fa91 	bl	403f90 <memchr>
  403a6e:	2800      	cmp	r0, #0
  403a70:	d062      	beq.n	403b38 <_svfiprintf_r+0x1bc>
  403a72:	4b4d      	ldr	r3, [pc, #308]	; (403ba8 <_svfiprintf_r+0x22c>)
  403a74:	2b00      	cmp	r3, #0
  403a76:	d052      	beq.n	403b1e <_svfiprintf_r+0x1a2>
  403a78:	aa03      	add	r2, sp, #12
  403a7a:	9200      	str	r2, [sp, #0]
  403a7c:	4b4b      	ldr	r3, [pc, #300]	; (403bac <_svfiprintf_r+0x230>)
  403a7e:	4642      	mov	r2, r8
  403a80:	a904      	add	r1, sp, #16
  403a82:	4648      	mov	r0, r9
  403a84:	f3af 8000 	nop.w
  403a88:	4607      	mov	r7, r0
  403a8a:	1c7a      	adds	r2, r7, #1
  403a8c:	d006      	beq.n	403a9c <_svfiprintf_r+0x120>
  403a8e:	9b09      	ldr	r3, [sp, #36]	; 0x24
  403a90:	443b      	add	r3, r7
  403a92:	9309      	str	r3, [sp, #36]	; 0x24
  403a94:	f89a 3000 	ldrb.w	r3, [sl]
  403a98:	2b00      	cmp	r3, #0
  403a9a:	d18c      	bne.n	4039b6 <_svfiprintf_r+0x3a>
  403a9c:	f8b8 300c 	ldrh.w	r3, [r8, #12]
  403aa0:	065b      	lsls	r3, r3, #25
  403aa2:	bf54      	ite	pl
  403aa4:	9809      	ldrpl	r0, [sp, #36]	; 0x24
  403aa6:	f04f 30ff 	movmi.w	r0, #4294967295	; 0xffffffff
  403aaa:	b01d      	add	sp, #116	; 0x74
  403aac:	e8bd 8ff0 	ldmia.w	sp!, {r4, r5, r6, r7, r8, r9, sl, fp, pc}
  403ab0:	ebb4 0b0a 	subs.w	fp, r4, sl
  403ab4:	d0f2      	beq.n	403a9c <_svfiprintf_r+0x120>
  403ab6:	465b      	mov	r3, fp
  403ab8:	4652      	mov	r2, sl
  403aba:	4641      	mov	r1, r8
  403abc:	4648      	mov	r0, r9
  403abe:	f7ff fe7f 	bl	4037c0 <__ssputs_r>
  403ac2:	3001      	adds	r0, #1
  403ac4:	d0ea      	beq.n	403a9c <_svfiprintf_r+0x120>
  403ac6:	9b09      	ldr	r3, [sp, #36]	; 0x24
  403ac8:	7822      	ldrb	r2, [r4, #0]
  403aca:	445b      	add	r3, fp
  403acc:	9309      	str	r3, [sp, #36]	; 0x24
  403ace:	e77e      	b.n	4039ce <_svfiprintf_r+0x52>
  403ad0:	f1a1 0230 	sub.w	r2, r1, #48	; 0x30
  403ad4:	2a09      	cmp	r2, #9
  403ad6:	d8b1      	bhi.n	403a3c <_svfiprintf_r+0xc0>
  403ad8:	9b07      	ldr	r3, [sp, #28]
  403ada:	f81a 1f01 	ldrb.w	r1, [sl, #1]!
  403ade:	eb03 0383 	add.w	r3, r3, r3, lsl #2
  403ae2:	eb02 0343 	add.w	r3, r2, r3, lsl #1
  403ae6:	f1a1 0230 	sub.w	r2, r1, #48	; 0x30
  403aea:	2a09      	cmp	r2, #9
  403aec:	d9f5      	bls.n	403ada <_svfiprintf_r+0x15e>
  403aee:	292e      	cmp	r1, #46	; 0x2e
  403af0:	9307      	str	r3, [sp, #28]
  403af2:	d1a5      	bne.n	403a40 <_svfiprintf_r+0xc4>
  403af4:	f89a 1001 	ldrb.w	r1, [sl, #1]
  403af8:	292a      	cmp	r1, #42	; 0x2a
  403afa:	d127      	bne.n	403b4c <_svfiprintf_r+0x1d0>
  403afc:	9b03      	ldr	r3, [sp, #12]
  403afe:	f89a 1002 	ldrb.w	r1, [sl, #2]
  403b02:	681a      	ldr	r2, [r3, #0]
  403b04:	9205      	str	r2, [sp, #20]
  403b06:	3304      	adds	r3, #4
  403b08:	2a00      	cmp	r2, #0
  403b0a:	f10a 0002 	add.w	r0, sl, #2
  403b0e:	9303      	str	r3, [sp, #12]
  403b10:	bfb8      	it	lt
  403b12:	f04f 33ff 	movlt.w	r3, #4294967295	; 0xffffffff
  403b16:	4682      	mov	sl, r0
  403b18:	bfb8      	it	lt
  403b1a:	9305      	strlt	r3, [sp, #20]
  403b1c:	e790      	b.n	403a40 <_svfiprintf_r+0xc4>
  403b1e:	9b03      	ldr	r3, [sp, #12]
  403b20:	3307      	adds	r3, #7
  403b22:	f023 0307 	bic.w	r3, r3, #7
  403b26:	3308      	adds	r3, #8
  403b28:	9303      	str	r3, [sp, #12]
  403b2a:	e7b0      	b.n	403a8e <_svfiprintf_r+0x112>
  403b2c:	4249      	negs	r1, r1
  403b2e:	f043 0302 	orr.w	r3, r3, #2
  403b32:	9107      	str	r1, [sp, #28]
  403b34:	9304      	str	r3, [sp, #16]
  403b36:	e77d      	b.n	403a34 <_svfiprintf_r+0xb8>
  403b38:	aa03      	add	r2, sp, #12
  403b3a:	9200      	str	r2, [sp, #0]
  403b3c:	4b1b      	ldr	r3, [pc, #108]	; (403bac <_svfiprintf_r+0x230>)
  403b3e:	4642      	mov	r2, r8
  403b40:	a904      	add	r1, sp, #16
  403b42:	4648      	mov	r0, r9
  403b44:	f000 f8ca 	bl	403cdc <_printf_i>
  403b48:	4607      	mov	r7, r0
  403b4a:	e79e      	b.n	403a8a <_svfiprintf_r+0x10e>
  403b4c:	f1a1 0230 	sub.w	r2, r1, #48	; 0x30
  403b50:	2300      	movs	r3, #0
  403b52:	2a09      	cmp	r2, #9
  403b54:	9305      	str	r3, [sp, #20]
  403b56:	f10a 0a01 	add.w	sl, sl, #1
  403b5a:	f63f af71 	bhi.w	403a40 <_svfiprintf_r+0xc4>
  403b5e:	f81a 1f01 	ldrb.w	r1, [sl, #1]!
  403b62:	eb03 0383 	add.w	r3, r3, r3, lsl #2
  403b66:	eb02 0343 	add.w	r3, r2, r3, lsl #1
  403b6a:	f1a1 0230 	sub.w	r2, r1, #48	; 0x30
  403b6e:	2a09      	cmp	r2, #9
  403b70:	d9f5      	bls.n	403b5e <_svfiprintf_r+0x1e2>
  403b72:	9305      	str	r3, [sp, #20]
  403b74:	e764      	b.n	403a40 <_svfiprintf_r+0xc4>
  403b76:	2140      	movs	r1, #64	; 0x40
  403b78:	f7ff fd76 	bl	403668 <_malloc_r>
  403b7c:	f8c8 0000 	str.w	r0, [r8]
  403b80:	f8c8 0010 	str.w	r0, [r8, #16]
  403b84:	b118      	cbz	r0, 403b8e <_svfiprintf_r+0x212>
  403b86:	2340      	movs	r3, #64	; 0x40
  403b88:	f8c8 3014 	str.w	r3, [r8, #20]
  403b8c:	e704      	b.n	403998 <_svfiprintf_r+0x1c>
  403b8e:	230c      	movs	r3, #12
  403b90:	f8c9 3000 	str.w	r3, [r9]
  403b94:	f04f 30ff 	mov.w	r0, #4294967295	; 0xffffffff
  403b98:	e787      	b.n	403aaa <_svfiprintf_r+0x12e>
  403b9a:	bf00      	nop
  403b9c:	004041f0 	.word	0x004041f0
  403ba0:	004041f8 	.word	0x004041f8
  403ba4:	004041fc 	.word	0x004041fc
  403ba8:	00000000 	.word	0x00000000
  403bac:	004037c1 	.word	0x004037c1

00403bb0 <_printf_common>:
  403bb0:	e92d 47f0 	stmdb	sp!, {r4, r5, r6, r7, r8, r9, sl, lr}
  403bb4:	4691      	mov	r9, r2
  403bb6:	461e      	mov	r6, r3
  403bb8:	690a      	ldr	r2, [r1, #16]
  403bba:	688b      	ldr	r3, [r1, #8]
  403bbc:	f8dd 8020 	ldr.w	r8, [sp, #32]
  403bc0:	429a      	cmp	r2, r3
  403bc2:	bfb8      	it	lt
  403bc4:	461a      	movlt	r2, r3
  403bc6:	f8c9 2000 	str.w	r2, [r9]
  403bca:	f891 3043 	ldrb.w	r3, [r1, #67]	; 0x43
  403bce:	460c      	mov	r4, r1
  403bd0:	4605      	mov	r5, r0
  403bd2:	b113      	cbz	r3, 403bda <_printf_common+0x2a>
  403bd4:	3201      	adds	r2, #1
  403bd6:	f8c9 2000 	str.w	r2, [r9]
  403bda:	6822      	ldr	r2, [r4, #0]
  403bdc:	0691      	lsls	r1, r2, #26
  403bde:	d55d      	bpl.n	403c9c <_printf_common+0xec>
  403be0:	f8d9 3000 	ldr.w	r3, [r9]
  403be4:	3302      	adds	r3, #2
  403be6:	f8c9 3000 	str.w	r3, [r9]
  403bea:	6822      	ldr	r2, [r4, #0]
  403bec:	f012 0f06 	tst.w	r2, #6
  403bf0:	4611      	mov	r1, r2
  403bf2:	d11e      	bne.n	403c32 <_printf_common+0x82>
  403bf4:	68e1      	ldr	r1, [r4, #12]
  403bf6:	1acb      	subs	r3, r1, r3
  403bf8:	2b00      	cmp	r3, #0
  403bfa:	bfd8      	it	le
  403bfc:	4611      	movle	r1, r2
  403bfe:	dd18      	ble.n	403c32 <_printf_common+0x82>
  403c00:	f104 0a19 	add.w	sl, r4, #25
  403c04:	2700      	movs	r7, #0
  403c06:	e006      	b.n	403c16 <_printf_common+0x66>
  403c08:	f8d9 3000 	ldr.w	r3, [r9]
  403c0c:	68e2      	ldr	r2, [r4, #12]
  403c0e:	eba2 0c03 	sub.w	ip, r2, r3
  403c12:	45bc      	cmp	ip, r7
  403c14:	dd0c      	ble.n	403c30 <_printf_common+0x80>
  403c16:	2301      	movs	r3, #1
  403c18:	4652      	mov	r2, sl
  403c1a:	4631      	mov	r1, r6
  403c1c:	4628      	mov	r0, r5
  403c1e:	47c0      	blx	r8
  403c20:	3001      	adds	r0, #1
  403c22:	f107 0701 	add.w	r7, r7, #1
  403c26:	d1ef      	bne.n	403c08 <_printf_common+0x58>
  403c28:	f04f 30ff 	mov.w	r0, #4294967295	; 0xffffffff
  403c2c:	e8bd 87f0 	ldmia.w	sp!, {r4, r5, r6, r7, r8, r9, sl, pc}
  403c30:	6821      	ldr	r1, [r4, #0]
  403c32:	f894 3043 	ldrb.w	r3, [r4, #67]	; 0x43
  403c36:	3b00      	subs	r3, #0
  403c38:	bf18      	it	ne
  403c3a:	2301      	movne	r3, #1
  403c3c:	068a      	lsls	r2, r1, #26
  403c3e:	d50a      	bpl.n	403c56 <_printf_common+0xa6>
  403c40:	18e1      	adds	r1, r4, r3
  403c42:	1c5a      	adds	r2, r3, #1
  403c44:	2030      	movs	r0, #48	; 0x30
  403c46:	f881 0043 	strb.w	r0, [r1, #67]	; 0x43
  403c4a:	4422      	add	r2, r4
  403c4c:	f894 1045 	ldrb.w	r1, [r4, #69]	; 0x45
  403c50:	f882 1043 	strb.w	r1, [r2, #67]	; 0x43
  403c54:	3302      	adds	r3, #2
  403c56:	f104 0243 	add.w	r2, r4, #67	; 0x43
  403c5a:	4631      	mov	r1, r6
  403c5c:	4628      	mov	r0, r5
  403c5e:	47c0      	blx	r8
  403c60:	3001      	adds	r0, #1
  403c62:	d0e1      	beq.n	403c28 <_printf_common+0x78>
  403c64:	6823      	ldr	r3, [r4, #0]
  403c66:	f003 0306 	and.w	r3, r3, #6
  403c6a:	2b04      	cmp	r3, #4
  403c6c:	d01d      	beq.n	403caa <_printf_common+0xfa>
  403c6e:	68a3      	ldr	r3, [r4, #8]
  403c70:	6922      	ldr	r2, [r4, #16]
  403c72:	4293      	cmp	r3, r2
  403c74:	dd25      	ble.n	403cc2 <_printf_common+0x112>
  403c76:	2700      	movs	r7, #0
  403c78:	1a9b      	subs	r3, r3, r2
  403c7a:	441f      	add	r7, r3
  403c7c:	f104 091a 	add.w	r9, r4, #26
  403c80:	2400      	movs	r4, #0
  403c82:	e001      	b.n	403c88 <_printf_common+0xd8>
  403c84:	42bc      	cmp	r4, r7
  403c86:	da1c      	bge.n	403cc2 <_printf_common+0x112>
  403c88:	2301      	movs	r3, #1
  403c8a:	464a      	mov	r2, r9
  403c8c:	4631      	mov	r1, r6
  403c8e:	4628      	mov	r0, r5
  403c90:	47c0      	blx	r8
  403c92:	3001      	adds	r0, #1
  403c94:	f104 0401 	add.w	r4, r4, #1
  403c98:	d1f4      	bne.n	403c84 <_printf_common+0xd4>
  403c9a:	e7c5      	b.n	403c28 <_printf_common+0x78>
  403c9c:	f012 0f06 	tst.w	r2, #6
  403ca0:	d012      	beq.n	403cc8 <_printf_common+0x118>
  403ca2:	3b00      	subs	r3, #0
  403ca4:	bf18      	it	ne
  403ca6:	2301      	movne	r3, #1
  403ca8:	e7d5      	b.n	403c56 <_printf_common+0xa6>
  403caa:	f8d9 3000 	ldr.w	r3, [r9]
  403cae:	68e1      	ldr	r1, [r4, #12]
  403cb0:	6922      	ldr	r2, [r4, #16]
  403cb2:	1ac9      	subs	r1, r1, r3
  403cb4:	68a3      	ldr	r3, [r4, #8]
  403cb6:	4293      	cmp	r3, r2
  403cb8:	ea21 77e1 	bic.w	r7, r1, r1, asr #31
  403cbc:	dcdc      	bgt.n	403c78 <_printf_common+0xc8>
  403cbe:	2900      	cmp	r1, #0
  403cc0:	dcdc      	bgt.n	403c7c <_printf_common+0xcc>
  403cc2:	2000      	movs	r0, #0
  403cc4:	e8bd 87f0 	ldmia.w	sp!, {r4, r5, r6, r7, r8, r9, sl, pc}
  403cc8:	68e1      	ldr	r1, [r4, #12]
  403cca:	f8d9 3000 	ldr.w	r3, [r9]
  403cce:	1acb      	subs	r3, r1, r3
  403cd0:	2b00      	cmp	r3, #0
  403cd2:	bfd8      	it	le
  403cd4:	4611      	movle	r1, r2
  403cd6:	dc93      	bgt.n	403c00 <_printf_common+0x50>
  403cd8:	e7ab      	b.n	403c32 <_printf_common+0x82>
  403cda:	bf00      	nop

00403cdc <_printf_i>:
  403cdc:	e92d 43f0 	stmdb	sp!, {r4, r5, r6, r7, r8, r9, lr}
  403ce0:	4617      	mov	r7, r2
  403ce2:	b085      	sub	sp, #20
  403ce4:	7e0a      	ldrb	r2, [r1, #24]
  403ce6:	9d0c      	ldr	r5, [sp, #48]	; 0x30
  403ce8:	460c      	mov	r4, r1
  403cea:	4606      	mov	r6, r0
  403cec:	4698      	mov	r8, r3
  403cee:	f101 0c43 	add.w	ip, r1, #67	; 0x43
  403cf2:	2a00      	cmp	r2, #0
  403cf4:	d033      	beq.n	403d5e <_printf_i+0x82>
  403cf6:	f1a2 0358 	sub.w	r3, r2, #88	; 0x58
  403cfa:	b2d9      	uxtb	r1, r3
  403cfc:	2920      	cmp	r1, #32
  403cfe:	d867      	bhi.n	403dd0 <_printf_i+0xf4>
  403d00:	2b20      	cmp	r3, #32
  403d02:	d865      	bhi.n	403dd0 <_printf_i+0xf4>
  403d04:	e8df f013 	tbh	[pc, r3, lsl #1]
  403d08:	006400de 	.word	0x006400de
  403d0c:	00640064 	.word	0x00640064
  403d10:	00640064 	.word	0x00640064
  403d14:	00640064 	.word	0x00640064
  403d18:	00640064 	.word	0x00640064
  403d1c:	00a30064 	.word	0x00a30064
  403d20:	0064006e 	.word	0x0064006e
  403d24:	00640064 	.word	0x00640064
  403d28:	006e0064 	.word	0x006e0064
  403d2c:	00640064 	.word	0x00640064
  403d30:	00640064 	.word	0x00640064
  403d34:	007f0021 	.word	0x007f0021
  403d38:	006400c0 	.word	0x006400c0
  403d3c:	00ae0064 	.word	0x00ae0064
  403d40:	007f0064 	.word	0x007f0064
  403d44:	00640064 	.word	0x00640064
  403d48:	00e5      	.short	0x00e5
  403d4a:	6823      	ldr	r3, [r4, #0]
  403d4c:	061a      	lsls	r2, r3, #24
  403d4e:	f140 8104 	bpl.w	403f5a <_printf_i+0x27e>
  403d52:	682b      	ldr	r3, [r5, #0]
  403d54:	6962      	ldr	r2, [r4, #20]
  403d56:	1d19      	adds	r1, r3, #4
  403d58:	6029      	str	r1, [r5, #0]
  403d5a:	681b      	ldr	r3, [r3, #0]
  403d5c:	601a      	str	r2, [r3, #0]
  403d5e:	2300      	movs	r3, #0
  403d60:	46e1      	mov	r9, ip
  403d62:	6123      	str	r3, [r4, #16]
  403d64:	f8cd 8000 	str.w	r8, [sp]
  403d68:	463b      	mov	r3, r7
  403d6a:	aa03      	add	r2, sp, #12
  403d6c:	4621      	mov	r1, r4
  403d6e:	4630      	mov	r0, r6
  403d70:	f7ff ff1e 	bl	403bb0 <_printf_common>
  403d74:	3001      	adds	r0, #1
  403d76:	d020      	beq.n	403dba <_printf_i+0xde>
  403d78:	6923      	ldr	r3, [r4, #16]
  403d7a:	464a      	mov	r2, r9
  403d7c:	4639      	mov	r1, r7
  403d7e:	4630      	mov	r0, r6
  403d80:	47c0      	blx	r8
  403d82:	3001      	adds	r0, #1
  403d84:	d019      	beq.n	403dba <_printf_i+0xde>
  403d86:	6823      	ldr	r3, [r4, #0]
  403d88:	68e0      	ldr	r0, [r4, #12]
  403d8a:	9903      	ldr	r1, [sp, #12]
  403d8c:	079b      	lsls	r3, r3, #30
  403d8e:	d519      	bpl.n	403dc4 <_printf_i+0xe8>
  403d90:	1a43      	subs	r3, r0, r1
  403d92:	2b00      	cmp	r3, #0
  403d94:	dd16      	ble.n	403dc4 <_printf_i+0xe8>
  403d96:	f104 0919 	add.w	r9, r4, #25
  403d9a:	2500      	movs	r5, #0
  403d9c:	e004      	b.n	403da8 <_printf_i+0xcc>
  403d9e:	68e0      	ldr	r0, [r4, #12]
  403da0:	9903      	ldr	r1, [sp, #12]
  403da2:	1a43      	subs	r3, r0, r1
  403da4:	42ab      	cmp	r3, r5
  403da6:	dd0d      	ble.n	403dc4 <_printf_i+0xe8>
  403da8:	2301      	movs	r3, #1
  403daa:	464a      	mov	r2, r9
  403dac:	4639      	mov	r1, r7
  403dae:	4630      	mov	r0, r6
  403db0:	47c0      	blx	r8
  403db2:	3001      	adds	r0, #1
  403db4:	f105 0501 	add.w	r5, r5, #1
  403db8:	d1f1      	bne.n	403d9e <_printf_i+0xc2>
  403dba:	f04f 30ff 	mov.w	r0, #4294967295	; 0xffffffff
  403dbe:	b005      	add	sp, #20
  403dc0:	e8bd 83f0 	ldmia.w	sp!, {r4, r5, r6, r7, r8, r9, pc}
  403dc4:	4288      	cmp	r0, r1
  403dc6:	bfb8      	it	lt
  403dc8:	4608      	movlt	r0, r1
  403dca:	b005      	add	sp, #20
  403dcc:	e8bd 83f0 	ldmia.w	sp!, {r4, r5, r6, r7, r8, r9, pc}
  403dd0:	2301      	movs	r3, #1
  403dd2:	f884 2042 	strb.w	r2, [r4, #66]	; 0x42
  403dd6:	6123      	str	r3, [r4, #16]
  403dd8:	f104 0942 	add.w	r9, r4, #66	; 0x42
  403ddc:	2300      	movs	r3, #0
  403dde:	f884 3043 	strb.w	r3, [r4, #67]	; 0x43
  403de2:	e7bf      	b.n	403d64 <_printf_i+0x88>
  403de4:	6823      	ldr	r3, [r4, #0]
  403de6:	0619      	lsls	r1, r3, #24
  403de8:	d402      	bmi.n	403df0 <_printf_i+0x114>
  403dea:	065a      	lsls	r2, r3, #25
  403dec:	f100 80c1 	bmi.w	403f72 <_printf_i+0x296>
  403df0:	6829      	ldr	r1, [r5, #0]
  403df2:	680a      	ldr	r2, [r1, #0]
  403df4:	3104      	adds	r1, #4
  403df6:	6029      	str	r1, [r5, #0]
  403df8:	4611      	mov	r1, r2
  403dfa:	2a00      	cmp	r2, #0
  403dfc:	db6b      	blt.n	403ed6 <_printf_i+0x1fa>
  403dfe:	f8df e184 	ldr.w	lr, [pc, #388]	; 403f84 <_printf_i+0x2a8>
  403e02:	250a      	movs	r5, #10
  403e04:	e010      	b.n	403e28 <_printf_i+0x14c>
  403e06:	6823      	ldr	r3, [r4, #0]
  403e08:	0618      	lsls	r0, r3, #24
  403e0a:	f140 809c 	bpl.w	403f46 <_printf_i+0x26a>
  403e0e:	682b      	ldr	r3, [r5, #0]
  403e10:	1d19      	adds	r1, r3, #4
  403e12:	6029      	str	r1, [r5, #0]
  403e14:	6819      	ldr	r1, [r3, #0]
  403e16:	f8df e16c 	ldr.w	lr, [pc, #364]	; 403f84 <_printf_i+0x2a8>
  403e1a:	2a6f      	cmp	r2, #111	; 0x6f
  403e1c:	bf0c      	ite	eq
  403e1e:	2508      	moveq	r5, #8
  403e20:	250a      	movne	r5, #10
  403e22:	2300      	movs	r3, #0
  403e24:	f884 3043 	strb.w	r3, [r4, #67]	; 0x43
  403e28:	6862      	ldr	r2, [r4, #4]
  403e2a:	60a2      	str	r2, [r4, #8]
  403e2c:	2a00      	cmp	r2, #0
  403e2e:	db7f      	blt.n	403f30 <_printf_i+0x254>
  403e30:	6823      	ldr	r3, [r4, #0]
  403e32:	f023 0304 	bic.w	r3, r3, #4
  403e36:	6023      	str	r3, [r4, #0]
  403e38:	2900      	cmp	r1, #0
  403e3a:	d15b      	bne.n	403ef4 <_printf_i+0x218>
  403e3c:	2a00      	cmp	r2, #0
  403e3e:	d179      	bne.n	403f34 <_printf_i+0x258>
  403e40:	46e1      	mov	r9, ip
  403e42:	2d08      	cmp	r5, #8
  403e44:	d065      	beq.n	403f12 <_printf_i+0x236>
  403e46:	ebac 0309 	sub.w	r3, ip, r9
  403e4a:	6123      	str	r3, [r4, #16]
  403e4c:	e78a      	b.n	403d64 <_printf_i+0x88>
  403e4e:	682b      	ldr	r3, [r5, #0]
  403e50:	2201      	movs	r2, #1
  403e52:	6819      	ldr	r1, [r3, #0]
  403e54:	3304      	adds	r3, #4
  403e56:	602b      	str	r3, [r5, #0]
  403e58:	f104 0942 	add.w	r9, r4, #66	; 0x42
  403e5c:	f884 1042 	strb.w	r1, [r4, #66]	; 0x42
  403e60:	6122      	str	r2, [r4, #16]
  403e62:	e7bb      	b.n	403ddc <_printf_i+0x100>
  403e64:	682b      	ldr	r3, [r5, #0]
  403e66:	6862      	ldr	r2, [r4, #4]
  403e68:	1d19      	adds	r1, r3, #4
  403e6a:	6029      	str	r1, [r5, #0]
  403e6c:	f8d3 9000 	ldr.w	r9, [r3]
  403e70:	2100      	movs	r1, #0
  403e72:	4648      	mov	r0, r9
  403e74:	f000 f88c 	bl	403f90 <memchr>
  403e78:	2800      	cmp	r0, #0
  403e7a:	f000 8081 	beq.w	403f80 <_printf_i+0x2a4>
  403e7e:	eba0 0009 	sub.w	r0, r0, r9
  403e82:	6060      	str	r0, [r4, #4]
  403e84:	6120      	str	r0, [r4, #16]
  403e86:	e7a9      	b.n	403ddc <_printf_i+0x100>
  403e88:	6823      	ldr	r3, [r4, #0]
  403e8a:	f043 0320 	orr.w	r3, r3, #32
  403e8e:	6023      	str	r3, [r4, #0]
  403e90:	2278      	movs	r2, #120	; 0x78
  403e92:	f8df e0f4 	ldr.w	lr, [pc, #244]	; 403f88 <_printf_i+0x2ac>
  403e96:	f884 2045 	strb.w	r2, [r4, #69]	; 0x45
  403e9a:	682a      	ldr	r2, [r5, #0]
  403e9c:	1d11      	adds	r1, r2, #4
  403e9e:	6029      	str	r1, [r5, #0]
  403ea0:	0619      	lsls	r1, r3, #24
  403ea2:	d443      	bmi.n	403f2c <_printf_i+0x250>
  403ea4:	065d      	lsls	r5, r3, #25
  403ea6:	d541      	bpl.n	403f2c <_printf_i+0x250>
  403ea8:	8811      	ldrh	r1, [r2, #0]
  403eaa:	07d8      	lsls	r0, r3, #31
  403eac:	bf44      	itt	mi
  403eae:	f043 0320 	orrmi.w	r3, r3, #32
  403eb2:	6023      	strmi	r3, [r4, #0]
  403eb4:	2900      	cmp	r1, #0
  403eb6:	d144      	bne.n	403f42 <_printf_i+0x266>
  403eb8:	6823      	ldr	r3, [r4, #0]
  403eba:	f023 0320 	bic.w	r3, r3, #32
  403ebe:	6023      	str	r3, [r4, #0]
  403ec0:	2510      	movs	r5, #16
  403ec2:	e7ae      	b.n	403e22 <_printf_i+0x146>
  403ec4:	2358      	movs	r3, #88	; 0x58
  403ec6:	f884 3045 	strb.w	r3, [r4, #69]	; 0x45
  403eca:	f8df e0b8 	ldr.w	lr, [pc, #184]	; 403f84 <_printf_i+0x2a8>
  403ece:	6823      	ldr	r3, [r4, #0]
  403ed0:	e7e3      	b.n	403e9a <_printf_i+0x1be>
  403ed2:	6823      	ldr	r3, [r4, #0]
  403ed4:	e7dc      	b.n	403e90 <_printf_i+0x1b4>
  403ed6:	6862      	ldr	r2, [r4, #4]
  403ed8:	60a2      	str	r2, [r4, #8]
  403eda:	202d      	movs	r0, #45	; 0x2d
  403edc:	2a00      	cmp	r2, #0
  403ede:	f1c1 0100 	rsb	r1, r1, #0
  403ee2:	f884 0043 	strb.w	r0, [r4, #67]	; 0x43
  403ee6:	db02      	blt.n	403eee <_printf_i+0x212>
  403ee8:	f023 0304 	bic.w	r3, r3, #4
  403eec:	6023      	str	r3, [r4, #0]
  403eee:	f8df e094 	ldr.w	lr, [pc, #148]	; 403f84 <_printf_i+0x2a8>
  403ef2:	250a      	movs	r5, #10
  403ef4:	46e1      	mov	r9, ip
  403ef6:	fbb1 f3f5 	udiv	r3, r1, r5
  403efa:	fb05 1013 	mls	r0, r5, r3, r1
  403efe:	460a      	mov	r2, r1
  403f00:	42aa      	cmp	r2, r5
  403f02:	f81e 1000 	ldrb.w	r1, [lr, r0]
  403f06:	f809 1d01 	strb.w	r1, [r9, #-1]!
  403f0a:	4619      	mov	r1, r3
  403f0c:	d2f3      	bcs.n	403ef6 <_printf_i+0x21a>
  403f0e:	2d08      	cmp	r5, #8
  403f10:	d199      	bne.n	403e46 <_printf_i+0x16a>
  403f12:	6823      	ldr	r3, [r4, #0]
  403f14:	07d9      	lsls	r1, r3, #31
  403f16:	d596      	bpl.n	403e46 <_printf_i+0x16a>
  403f18:	6862      	ldr	r2, [r4, #4]
  403f1a:	6923      	ldr	r3, [r4, #16]
  403f1c:	429a      	cmp	r2, r3
  403f1e:	dc92      	bgt.n	403e46 <_printf_i+0x16a>
  403f20:	2330      	movs	r3, #48	; 0x30
  403f22:	f809 3c01 	strb.w	r3, [r9, #-1]
  403f26:	f109 39ff 	add.w	r9, r9, #4294967295	; 0xffffffff
  403f2a:	e78c      	b.n	403e46 <_printf_i+0x16a>
  403f2c:	6811      	ldr	r1, [r2, #0]
  403f2e:	e7bc      	b.n	403eaa <_printf_i+0x1ce>
  403f30:	2900      	cmp	r1, #0
  403f32:	d1df      	bne.n	403ef4 <_printf_i+0x218>
  403f34:	f89e 3000 	ldrb.w	r3, [lr]
  403f38:	f884 3042 	strb.w	r3, [r4, #66]	; 0x42
  403f3c:	f104 0942 	add.w	r9, r4, #66	; 0x42
  403f40:	e77f      	b.n	403e42 <_printf_i+0x166>
  403f42:	2510      	movs	r5, #16
  403f44:	e76d      	b.n	403e22 <_printf_i+0x146>
  403f46:	f013 0f40 	tst.w	r3, #64	; 0x40
  403f4a:	682b      	ldr	r3, [r5, #0]
  403f4c:	f103 0104 	add.w	r1, r3, #4
  403f50:	6029      	str	r1, [r5, #0]
  403f52:	bf0c      	ite	eq
  403f54:	6819      	ldreq	r1, [r3, #0]
  403f56:	8819      	ldrhne	r1, [r3, #0]
  403f58:	e75d      	b.n	403e16 <_printf_i+0x13a>
  403f5a:	f013 0f40 	tst.w	r3, #64	; 0x40
  403f5e:	682b      	ldr	r3, [r5, #0]
  403f60:	6962      	ldr	r2, [r4, #20]
  403f62:	f103 0104 	add.w	r1, r3, #4
  403f66:	6029      	str	r1, [r5, #0]
  403f68:	681b      	ldr	r3, [r3, #0]
  403f6a:	bf14      	ite	ne
  403f6c:	801a      	strhne	r2, [r3, #0]
  403f6e:	601a      	streq	r2, [r3, #0]
  403f70:	e6f5      	b.n	403d5e <_printf_i+0x82>
  403f72:	682a      	ldr	r2, [r5, #0]
  403f74:	f9b2 1000 	ldrsh.w	r1, [r2]
  403f78:	3204      	adds	r2, #4
  403f7a:	602a      	str	r2, [r5, #0]
  403f7c:	460a      	mov	r2, r1
  403f7e:	e73c      	b.n	403dfa <_printf_i+0x11e>
  403f80:	6860      	ldr	r0, [r4, #4]
  403f82:	e77f      	b.n	403e84 <_printf_i+0x1a8>
  403f84:	00404204 	.word	0x00404204
  403f88:	00404218 	.word	0x00404218
  403f8c:	00000000 	.word	0x00000000

00403f90 <memchr>:
  403f90:	f001 01ff 	and.w	r1, r1, #255	; 0xff
  403f94:	2a10      	cmp	r2, #16
  403f96:	db2b      	blt.n	403ff0 <memchr+0x60>
  403f98:	f010 0f07 	tst.w	r0, #7
  403f9c:	d008      	beq.n	403fb0 <memchr+0x20>
  403f9e:	f810 3b01 	ldrb.w	r3, [r0], #1
  403fa2:	3a01      	subs	r2, #1
  403fa4:	428b      	cmp	r3, r1
  403fa6:	d02d      	beq.n	404004 <memchr+0x74>
  403fa8:	f010 0f07 	tst.w	r0, #7
  403fac:	b342      	cbz	r2, 404000 <memchr+0x70>
  403fae:	d1f6      	bne.n	403f9e <memchr+0xe>
  403fb0:	b4f0      	push	{r4, r5, r6, r7}
  403fb2:	ea41 2101 	orr.w	r1, r1, r1, lsl #8
  403fb6:	ea41 4101 	orr.w	r1, r1, r1, lsl #16
  403fba:	f022 0407 	bic.w	r4, r2, #7
  403fbe:	f07f 0700 	mvns.w	r7, #0
  403fc2:	2300      	movs	r3, #0
  403fc4:	e8f0 5602 	ldrd	r5, r6, [r0], #8
  403fc8:	3c08      	subs	r4, #8
  403fca:	ea85 0501 	eor.w	r5, r5, r1
  403fce:	ea86 0601 	eor.w	r6, r6, r1
  403fd2:	fa85 f547 	uadd8	r5, r5, r7
  403fd6:	faa3 f587 	sel	r5, r3, r7
  403fda:	fa86 f647 	uadd8	r6, r6, r7
  403fde:	faa5 f687 	sel	r6, r5, r7
  403fe2:	b98e      	cbnz	r6, 404008 <memchr+0x78>
  403fe4:	d1ee      	bne.n	403fc4 <memchr+0x34>
  403fe6:	bcf0      	pop	{r4, r5, r6, r7}
  403fe8:	f001 01ff 	and.w	r1, r1, #255	; 0xff
  403fec:	f002 0207 	and.w	r2, r2, #7
  403ff0:	b132      	cbz	r2, 404000 <memchr+0x70>
  403ff2:	f810 3b01 	ldrb.w	r3, [r0], #1
  403ff6:	3a01      	subs	r2, #1
  403ff8:	ea83 0301 	eor.w	r3, r3, r1
  403ffc:	b113      	cbz	r3, 404004 <memchr+0x74>
  403ffe:	d1f8      	bne.n	403ff2 <memchr+0x62>
  404000:	2000      	movs	r0, #0
  404002:	4770      	bx	lr
  404004:	3801      	subs	r0, #1
  404006:	4770      	bx	lr
  404008:	2d00      	cmp	r5, #0
  40400a:	bf06      	itte	eq
  40400c:	4635      	moveq	r5, r6
  40400e:	3803      	subeq	r0, #3
  404010:	3807      	subne	r0, #7
  404012:	f015 0f01 	tst.w	r5, #1
  404016:	d107      	bne.n	404028 <memchr+0x98>
  404018:	3001      	adds	r0, #1
  40401a:	f415 7f80 	tst.w	r5, #256	; 0x100
  40401e:	bf02      	ittt	eq
  404020:	3001      	addeq	r0, #1
  404022:	f415 3fc0 	tsteq.w	r5, #98304	; 0x18000
  404026:	3001      	addeq	r0, #1
  404028:	bcf0      	pop	{r4, r5, r6, r7}
  40402a:	3801      	subs	r0, #1
  40402c:	4770      	bx	lr
  40402e:	bf00      	nop

00404030 <memmove>:
  404030:	4288      	cmp	r0, r1
  404032:	d90d      	bls.n	404050 <memmove+0x20>
  404034:	188b      	adds	r3, r1, r2
  404036:	4283      	cmp	r3, r0
  404038:	d90a      	bls.n	404050 <memmove+0x20>
  40403a:	eb00 0c02 	add.w	ip, r0, r2
  40403e:	b1ba      	cbz	r2, 404070 <memmove+0x40>
  404040:	4662      	mov	r2, ip
  404042:	f813 cd01 	ldrb.w	ip, [r3, #-1]!
  404046:	f802 cd01 	strb.w	ip, [r2, #-1]!
  40404a:	4299      	cmp	r1, r3
  40404c:	d1f9      	bne.n	404042 <memmove+0x12>
  40404e:	4770      	bx	lr
  404050:	2a0f      	cmp	r2, #15
  404052:	d80e      	bhi.n	404072 <memmove+0x42>
  404054:	4603      	mov	r3, r0
  404056:	f102 3cff 	add.w	ip, r2, #4294967295	; 0xffffffff
  40405a:	b14a      	cbz	r2, 404070 <memmove+0x40>
  40405c:	f10c 0c01 	add.w	ip, ip, #1
  404060:	3b01      	subs	r3, #1
  404062:	448c      	add	ip, r1
  404064:	f811 2b01 	ldrb.w	r2, [r1], #1
  404068:	f803 2f01 	strb.w	r2, [r3, #1]!
  40406c:	4561      	cmp	r1, ip
  40406e:	d1f9      	bne.n	404064 <memmove+0x34>
  404070:	4770      	bx	lr
  404072:	ea40 0301 	orr.w	r3, r0, r1
  404076:	079b      	lsls	r3, r3, #30
  404078:	d150      	bne.n	40411c <memmove+0xec>
  40407a:	f1a2 0310 	sub.w	r3, r2, #16
  40407e:	b570      	push	{r4, r5, r6, lr}
  404080:	f101 0c20 	add.w	ip, r1, #32
  404084:	f023 050f 	bic.w	r5, r3, #15
  404088:	f101 0e10 	add.w	lr, r1, #16
  40408c:	f100 0410 	add.w	r4, r0, #16
  404090:	44ac      	add	ip, r5
  404092:	091b      	lsrs	r3, r3, #4
  404094:	f85e 5c10 	ldr.w	r5, [lr, #-16]
  404098:	f844 5c10 	str.w	r5, [r4, #-16]
  40409c:	f85e 5c0c 	ldr.w	r5, [lr, #-12]
  4040a0:	f844 5c0c 	str.w	r5, [r4, #-12]
  4040a4:	f85e 5c08 	ldr.w	r5, [lr, #-8]
  4040a8:	f844 5c08 	str.w	r5, [r4, #-8]
  4040ac:	f85e 5c04 	ldr.w	r5, [lr, #-4]
  4040b0:	f844 5c04 	str.w	r5, [r4, #-4]
  4040b4:	f10e 0e10 	add.w	lr, lr, #16
  4040b8:	45e6      	cmp	lr, ip
  4040ba:	f104 0410 	add.w	r4, r4, #16
  4040be:	d1e9      	bne.n	404094 <memmove+0x64>
  4040c0:	3301      	adds	r3, #1
  4040c2:	f012 0f0c 	tst.w	r2, #12
  4040c6:	eb01 1103 	add.w	r1, r1, r3, lsl #4
  4040ca:	f002 040f 	and.w	r4, r2, #15
  4040ce:	eb00 1303 	add.w	r3, r0, r3, lsl #4
  4040d2:	d027      	beq.n	404124 <memmove+0xf4>
  4040d4:	3c04      	subs	r4, #4
  4040d6:	f024 0603 	bic.w	r6, r4, #3
  4040da:	ea4f 0c94 	mov.w	ip, r4, lsr #2
  4040de:	441e      	add	r6, r3
  4040e0:	1f1c      	subs	r4, r3, #4
  4040e2:	468e      	mov	lr, r1
  4040e4:	f85e 5b04 	ldr.w	r5, [lr], #4
  4040e8:	f844 5f04 	str.w	r5, [r4, #4]!
  4040ec:	42b4      	cmp	r4, r6
  4040ee:	d1f9      	bne.n	4040e4 <memmove+0xb4>
  4040f0:	f10c 0401 	add.w	r4, ip, #1
  4040f4:	f002 0203 	and.w	r2, r2, #3
  4040f8:	eb03 0384 	add.w	r3, r3, r4, lsl #2
  4040fc:	eb01 0184 	add.w	r1, r1, r4, lsl #2
  404100:	f102 3cff 	add.w	ip, r2, #4294967295	; 0xffffffff
  404104:	b14a      	cbz	r2, 40411a <memmove+0xea>
  404106:	f10c 0c01 	add.w	ip, ip, #1
  40410a:	3b01      	subs	r3, #1
  40410c:	448c      	add	ip, r1
  40410e:	f811 2b01 	ldrb.w	r2, [r1], #1
  404112:	f803 2f01 	strb.w	r2, [r3, #1]!
  404116:	4561      	cmp	r1, ip
  404118:	d1f9      	bne.n	40410e <memmove+0xde>
  40411a:	bd70      	pop	{r4, r5, r6, pc}
  40411c:	f102 3cff 	add.w	ip, r2, #4294967295	; 0xffffffff
  404120:	4603      	mov	r3, r0
  404122:	e79b      	b.n	40405c <memmove+0x2c>
  404124:	4622      	mov	r2, r4
  404126:	e7eb      	b.n	404100 <memmove+0xd0>

00404128 <_realloc_r>:
  404128:	b5f8      	push	{r3, r4, r5, r6, r7, lr}
  40412a:	4614      	mov	r4, r2
  40412c:	b1f9      	cbz	r1, 40416e <_realloc_r+0x46>
  40412e:	b1ca      	cbz	r2, 404164 <_realloc_r+0x3c>
  404130:	4606      	mov	r6, r0
  404132:	460d      	mov	r5, r1
  404134:	f000 f820 	bl	404178 <_malloc_usable_size_r>
  404138:	42a0      	cmp	r0, r4
  40413a:	d302      	bcc.n	404142 <_realloc_r+0x1a>
  40413c:	462f      	mov	r7, r5
  40413e:	4638      	mov	r0, r7
  404140:	bdf8      	pop	{r3, r4, r5, r6, r7, pc}
  404142:	4621      	mov	r1, r4
  404144:	4630      	mov	r0, r6
  404146:	f7ff fa8f 	bl	403668 <_malloc_r>
  40414a:	4607      	mov	r7, r0
  40414c:	2800      	cmp	r0, #0
  40414e:	d0f6      	beq.n	40413e <_realloc_r+0x16>
  404150:	4622      	mov	r2, r4
  404152:	4629      	mov	r1, r5
  404154:	f7ff f93e 	bl	4033d4 <memcpy>
  404158:	4630      	mov	r0, r6
  40415a:	4629      	mov	r1, r5
  40415c:	f7ff fa26 	bl	4035ac <_free_r>
  404160:	4638      	mov	r0, r7
  404162:	bdf8      	pop	{r3, r4, r5, r6, r7, pc}
  404164:	4627      	mov	r7, r4
  404166:	f7ff fa21 	bl	4035ac <_free_r>
  40416a:	4638      	mov	r0, r7
  40416c:	bdf8      	pop	{r3, r4, r5, r6, r7, pc}
  40416e:	e8bd 40f8 	ldmia.w	sp!, {r3, r4, r5, r6, r7, lr}
  404172:	4611      	mov	r1, r2
  404174:	f7ff ba78 	b.w	403668 <_malloc_r>

00404178 <_malloc_usable_size_r>:
  404178:	f851 0c04 	ldr.w	r0, [r1, #-4]
  40417c:	2800      	cmp	r0, #0
  40417e:	f1a0 0004 	sub.w	r0, r0, #4
  404182:	bfbc      	itt	lt
  404184:	580b      	ldrlt	r3, [r1, r0]
  404186:	18c0      	addlt	r0, r0, r3
  404188:	4770      	bx	lr
  40418a:	bf00      	nop

0040418c <_sbrk>:
  40418c:	4a04      	ldr	r2, [pc, #16]	; (4041a0 <_sbrk+0x14>)
  40418e:	4905      	ldr	r1, [pc, #20]	; (4041a4 <_sbrk+0x18>)
  404190:	6813      	ldr	r3, [r2, #0]
  404192:	2b00      	cmp	r3, #0
  404194:	bf08      	it	eq
  404196:	460b      	moveq	r3, r1
  404198:	4418      	add	r0, r3
  40419a:	6010      	str	r0, [r2, #0]
  40419c:	4618      	mov	r0, r3
  40419e:	4770      	bx	lr
  4041a0:	20000094 	.word	0x20000094
  4041a4:	20001098 	.word	0x20001098
  4041a8:	00206425 	.word	0x00206425
  4041ac:	656c500a 	.word	0x656c500a
  4041b0:	20657361 	.word	0x20657361
  4041b4:	65746e65 	.word	0x65746e65
  4041b8:	6e692072 	.word	0x6e692072
  4041bc:	20747570 	.word	0x20747570
  4041c0:	2079656b 	.word	0x2079656b
  4041c4:	78614d28 	.word	0x78614d28
  4041c8:	20323320 	.word	0x20323320
  4041cc:	20786548 	.word	0x20786548
  4041d0:	73746942 	.word	0x73746942
  4041d4:	0a203a29 	.word	0x0a203a29
  4041d8:	00000000 	.word	0x00000000
  4041dc:	00000000 	.word	0x00000000

004041e0 <TWO52>:
  4041e0:	00000000 43300000 00000000 c3300000     ......0C......0.
  4041f0:	2b302d23 00000020 004c6c68 45676665     #-0+ ...hlL.efgE
  404200:	00004746 33323130 37363534 42413938     FG..0123456789AB
  404210:	46454443 00000000 33323130 37363534     CDEF....01234567
  404220:	62613938 66656463 00000000              89abcdef....

0040422c <_init>:
  40422c:	b5f8      	push	{r3, r4, r5, r6, r7, lr}
  40422e:	bf00      	nop
  404230:	bcf8      	pop	{r3, r4, r5, r6, r7}
  404232:	bc08      	pop	{r3}
  404234:	469e      	mov	lr, r3
  404236:	4770      	bx	lr

00404238 <__frame_dummy_init_array_entry>:
  404238:	0135 0040                                   5.@.

0040423c <_fini>:
  40423c:	b5f8      	push	{r3, r4, r5, r6, r7, lr}
  40423e:	bf00      	nop
  404240:	bcf8      	pop	{r3, r4, r5, r6, r7}
  404242:	bc08      	pop	{r3}
  404244:	469e      	mov	lr, r3
  404246:	4770      	bx	lr

00404248 <__do_global_dtors_aux_fini_array_entry>:
  404248:	010d 0040                                   ..@.
