
Toeplitz_FFT-CW308_STM32F3.elf:     file format elf32-littlearm

Sections:
Idx Name          Size      VMA       LMA       File off  Algn
  0 .isr_vector   00000188  08000000  08000000  00010000  2**0
                  CONTENTS, ALLOC, LOAD, READONLY, DATA
  1 .text         000060b4  08000190  08000190  00010190  2**4
                  CONTENTS, ALLOC, LOAD, READONLY, CODE
  2 .rodata       00000320  08006248  08006248  00016248  2**3
                  CONTENTS, ALLOC, LOAD, READONLY, DATA
  3 .ARM.extab    00000000  08006568  08006568  00020068  2**0
                  CONTENTS
  4 .ARM          00000000  08006568  08006568  00020068  2**0
                  CONTENTS
  5 .preinit_array 00000000  08006568  08006568  00020068  2**0
                  CONTENTS, ALLOC, LOAD, DATA
  6 .init_array   00000004  08006568  08006568  00016568  2**2
                  CONTENTS, ALLOC, LOAD, DATA
  7 .fini_array   00000004  0800656c  0800656c  0001656c  2**2
                  CONTENTS, ALLOC, LOAD, DATA
  8 .data         00000068  20000000  08006570  00020000  2**2
                  CONTENTS, ALLOC, LOAD, DATA
  9 .bss          000000a4  20000068  080065d8  00020068  2**2
                  ALLOC
 10 ._user_heap_stack 00000404  2000010c  080065d8  0002010c  2**0
                  ALLOC
 11 .ARM.attributes 0000002a  00000000  00000000  00020068  2**0
                  CONTENTS, READONLY
 12 .comment      00000033  00000000  00000000  00020092  2**0
                  CONTENTS, READONLY
 13 .debug_info   00011e22  00000000  00000000  000200c5  2**0
                  CONTENTS, READONLY, DEBUGGING, OCTETS
 14 .debug_abbrev 0000450e  00000000  00000000  00031ee7  2**0
                  CONTENTS, READONLY, DEBUGGING, OCTETS
 15 .debug_loc    00009867  00000000  00000000  000363f5  2**0
                  CONTENTS, READONLY, DEBUGGING, OCTETS
 16 .debug_aranges 00000860  00000000  00000000  0003fc60  2**3
                  CONTENTS, READONLY, DEBUGGING, OCTETS
 17 .debug_ranges 00000b28  00000000  00000000  000404c0  2**0
                  CONTENTS, READONLY, DEBUGGING, OCTETS
 18 .debug_line   00009ea4  00000000  00000000  00040fe8  2**0
                  CONTENTS, READONLY, DEBUGGING, OCTETS
 19 .debug_str    000032b6  00000000  00000000  0004ae8c  2**0
                  CONTENTS, READONLY, DEBUGGING, OCTETS
 20 .debug_frame  000012e4  00000000  00000000  0004e144  2**2
                  CONTENTS, READONLY, DEBUGGING, OCTETS
 21 .stab         00000144  00000000  00000000  0004f428  2**2
                  CONTENTS, READONLY, DEBUGGING
 22 .stabstr      00000034  00000000  00000000  0004f56c  2**0
                  CONTENTS, READONLY, DEBUGGING

Disassembly of section .text:

08000190 <deregister_tm_clones>:
 8000190:	4803      	ldr	r0, [pc, #12]	; (80001a0 <deregister_tm_clones+0x10>)
 8000192:	4b04      	ldr	r3, [pc, #16]	; (80001a4 <deregister_tm_clones+0x14>)
 8000194:	4283      	cmp	r3, r0
 8000196:	d002      	beq.n	800019e <deregister_tm_clones+0xe>
 8000198:	4b03      	ldr	r3, [pc, #12]	; (80001a8 <deregister_tm_clones+0x18>)
 800019a:	b103      	cbz	r3, 800019e <deregister_tm_clones+0xe>
 800019c:	4718      	bx	r3
 800019e:	4770      	bx	lr
 80001a0:	20000068 	.word	0x20000068
 80001a4:	20000068 	.word	0x20000068
 80001a8:	00000000 	.word	0x00000000

080001ac <register_tm_clones>:
 80001ac:	4805      	ldr	r0, [pc, #20]	; (80001c4 <register_tm_clones+0x18>)
 80001ae:	4906      	ldr	r1, [pc, #24]	; (80001c8 <register_tm_clones+0x1c>)
 80001b0:	1a0b      	subs	r3, r1, r0
 80001b2:	0fd9      	lsrs	r1, r3, #31
 80001b4:	eb01 01a3 	add.w	r1, r1, r3, asr #2
 80001b8:	1049      	asrs	r1, r1, #1
 80001ba:	d002      	beq.n	80001c2 <register_tm_clones+0x16>
 80001bc:	4b03      	ldr	r3, [pc, #12]	; (80001cc <register_tm_clones+0x20>)
 80001be:	b103      	cbz	r3, 80001c2 <register_tm_clones+0x16>
 80001c0:	4718      	bx	r3
 80001c2:	4770      	bx	lr
 80001c4:	20000068 	.word	0x20000068
 80001c8:	20000068 	.word	0x20000068
 80001cc:	00000000 	.word	0x00000000

080001d0 <__do_global_dtors_aux>:
 80001d0:	b510      	push	{r4, lr}
 80001d2:	4c06      	ldr	r4, [pc, #24]	; (80001ec <__do_global_dtors_aux+0x1c>)
 80001d4:	7823      	ldrb	r3, [r4, #0]
 80001d6:	b943      	cbnz	r3, 80001ea <__do_global_dtors_aux+0x1a>
 80001d8:	f7ff ffda 	bl	8000190 <deregister_tm_clones>
 80001dc:	4b04      	ldr	r3, [pc, #16]	; (80001f0 <__do_global_dtors_aux+0x20>)
 80001de:	b113      	cbz	r3, 80001e6 <__do_global_dtors_aux+0x16>
 80001e0:	4804      	ldr	r0, [pc, #16]	; (80001f4 <__do_global_dtors_aux+0x24>)
 80001e2:	f3af 8000 	nop.w
 80001e6:	2301      	movs	r3, #1
 80001e8:	7023      	strb	r3, [r4, #0]
 80001ea:	bd10      	pop	{r4, pc}
 80001ec:	20000068 	.word	0x20000068
 80001f0:	00000000 	.word	0x00000000
 80001f4:	0800622c 	.word	0x0800622c

080001f8 <frame_dummy>:
 80001f8:	b508      	push	{r3, lr}
 80001fa:	4b04      	ldr	r3, [pc, #16]	; (800020c <frame_dummy+0x14>)
 80001fc:	b11b      	cbz	r3, 8000206 <frame_dummy+0xe>
 80001fe:	4904      	ldr	r1, [pc, #16]	; (8000210 <frame_dummy+0x18>)
 8000200:	4804      	ldr	r0, [pc, #16]	; (8000214 <frame_dummy+0x1c>)
 8000202:	f3af 8000 	nop.w
 8000206:	e8bd 4008 	ldmia.w	sp!, {r3, lr}
 800020a:	e7cf      	b.n	80001ac <register_tm_clones>
 800020c:	00000000 	.word	0x00000000
 8000210:	2000006c 	.word	0x2000006c
 8000214:	0800622c 	.word	0x0800622c

08000218 <cexp>:
 8000218:	b082      	sub	sp, #8
 800021a:	e92d 47f0 	stmdb	sp!, {r4, r5, r6, r7, r8, r9, sl, lr}
 800021e:	a908      	add	r1, sp, #32
 8000220:	e881 000c 	stmia.w	r1, {r2, r3}
 8000224:	e9dd 890a 	ldrd	r8, r9, [sp, #40]	; 0x28
 8000228:	e9dd 6708 	ldrd	r6, r7, [sp, #32]
 800022c:	4682      	mov	sl, r0
 800022e:	4642      	mov	r2, r8
 8000230:	464b      	mov	r3, r9
 8000232:	4630      	mov	r0, r6
 8000234:	4639      	mov	r1, r7
 8000236:	f000 f83d 	bl	80002b4 <creal>
 800023a:	4642      	mov	r2, r8
 800023c:	464b      	mov	r3, r9
 800023e:	4604      	mov	r4, r0
 8000240:	460d      	mov	r5, r1
 8000242:	4630      	mov	r0, r6
 8000244:	4639      	mov	r1, r7
 8000246:	f000 f831 	bl	80002ac <cimag>
 800024a:	4680      	mov	r8, r0
 800024c:	4689      	mov	r9, r1
 800024e:	4620      	mov	r0, r4
 8000250:	4629      	mov	r1, r5
 8000252:	f000 f925 	bl	80004a0 <exp>
 8000256:	4606      	mov	r6, r0
 8000258:	460f      	mov	r7, r1
 800025a:	4640      	mov	r0, r8
 800025c:	4649      	mov	r1, r9
 800025e:	f000 f8c5 	bl	80003ec <sin>
 8000262:	4632      	mov	r2, r6
 8000264:	463b      	mov	r3, r7
 8000266:	f003 f805 	bl	8003274 <__aeabi_dmul>
 800026a:	4604      	mov	r4, r0
 800026c:	460d      	mov	r5, r1
 800026e:	4640      	mov	r0, r8
 8000270:	4649      	mov	r1, r9
 8000272:	f000 f821 	bl	80002b8 <cos>
 8000276:	4632      	mov	r2, r6
 8000278:	463b      	mov	r3, r7
 800027a:	f002 fffb 	bl	8003274 <__aeabi_dmul>
 800027e:	2200      	movs	r2, #0
 8000280:	4606      	mov	r6, r0
 8000282:	460f      	mov	r7, r1
 8000284:	2300      	movs	r3, #0
 8000286:	4620      	mov	r0, r4
 8000288:	4629      	mov	r1, r5
 800028a:	f002 fff3 	bl	8003274 <__aeabi_dmul>
 800028e:	4602      	mov	r2, r0
 8000290:	460b      	mov	r3, r1
 8000292:	4630      	mov	r0, r6
 8000294:	4639      	mov	r1, r7
 8000296:	f002 fe37 	bl	8002f08 <__adddf3>
 800029a:	e9ca 4502 	strd	r4, r5, [sl, #8]
 800029e:	e9ca 0100 	strd	r0, r1, [sl]
 80002a2:	4650      	mov	r0, sl
 80002a4:	e8bd 47f0 	ldmia.w	sp!, {r4, r5, r6, r7, r8, r9, sl, lr}
 80002a8:	b002      	add	sp, #8
 80002aa:	4770      	bx	lr

080002ac <cimag>:
 80002ac:	4610      	mov	r0, r2
 80002ae:	4619      	mov	r1, r3
 80002b0:	4770      	bx	lr
 80002b2:	bf00      	nop

080002b4 <creal>:
 80002b4:	4770      	bx	lr
 80002b6:	bf00      	nop

080002b8 <cos>:
 80002b8:	4a25      	ldr	r2, [pc, #148]	; (8000350 <cos+0x98>)
 80002ba:	f021 4300 	bic.w	r3, r1, #2147483648	; 0x80000000
 80002be:	4293      	cmp	r3, r2
 80002c0:	dd23      	ble.n	800030a <cos+0x52>
 80002c2:	b510      	push	{r4, lr}
 80002c4:	4a23      	ldr	r2, [pc, #140]	; (8000354 <cos+0x9c>)
 80002c6:	4293      	cmp	r3, r2
 80002c8:	b086      	sub	sp, #24
 80002ca:	dd09      	ble.n	80002e0 <cos+0x28>
 80002cc:	4602      	mov	r2, r0
 80002ce:	460b      	mov	r3, r1
 80002d0:	f002 fe18 	bl	8002f04 <__aeabi_dsub>
 80002d4:	4602      	mov	r2, r0
 80002d6:	460b      	mov	r3, r1
 80002d8:	4610      	mov	r0, r2
 80002da:	4619      	mov	r1, r3
 80002dc:	b006      	add	sp, #24
 80002de:	bd10      	pop	{r4, pc}
 80002e0:	aa02      	add	r2, sp, #8
 80002e2:	f001 fb5d 	bl	80019a0 <__ieee754_rem_pio2>
 80002e6:	f000 0403 	and.w	r4, r0, #3
 80002ea:	2c01      	cmp	r4, #1
 80002ec:	d011      	beq.n	8000312 <cos+0x5a>
 80002ee:	2c02      	cmp	r4, #2
 80002f0:	d023      	beq.n	800033a <cos+0x82>
 80002f2:	b1cc      	cbz	r4, 8000328 <cos+0x70>
 80002f4:	2401      	movs	r4, #1
 80002f6:	e9dd 2304 	ldrd	r2, r3, [sp, #16]
 80002fa:	e9dd 0102 	ldrd	r0, r1, [sp, #8]
 80002fe:	9400      	str	r4, [sp, #0]
 8000300:	f002 fb96 	bl	8002a30 <__kernel_sin>
 8000304:	4602      	mov	r2, r0
 8000306:	460b      	mov	r3, r1
 8000308:	e7e6      	b.n	80002d8 <cos+0x20>
 800030a:	2200      	movs	r2, #0
 800030c:	2300      	movs	r3, #0
 800030e:	f001 be37 	b.w	8001f80 <__kernel_cos>
 8000312:	e9dd 2304 	ldrd	r2, r3, [sp, #16]
 8000316:	e9dd 0102 	ldrd	r0, r1, [sp, #8]
 800031a:	9400      	str	r4, [sp, #0]
 800031c:	f002 fb88 	bl	8002a30 <__kernel_sin>
 8000320:	4602      	mov	r2, r0
 8000322:	f101 4300 	add.w	r3, r1, #2147483648	; 0x80000000
 8000326:	e7d7      	b.n	80002d8 <cos+0x20>
 8000328:	e9dd 2304 	ldrd	r2, r3, [sp, #16]
 800032c:	e9dd 0102 	ldrd	r0, r1, [sp, #8]
 8000330:	f001 fe26 	bl	8001f80 <__kernel_cos>
 8000334:	4602      	mov	r2, r0
 8000336:	460b      	mov	r3, r1
 8000338:	e7ce      	b.n	80002d8 <cos+0x20>
 800033a:	e9dd 2304 	ldrd	r2, r3, [sp, #16]
 800033e:	e9dd 0102 	ldrd	r0, r1, [sp, #8]
 8000342:	f001 fe1d 	bl	8001f80 <__kernel_cos>
 8000346:	4602      	mov	r2, r0
 8000348:	f101 4300 	add.w	r3, r1, #2147483648	; 0x80000000
 800034c:	e7c4      	b.n	80002d8 <cos+0x20>
 800034e:	bf00      	nop
 8000350:	3fe921fb 	.word	0x3fe921fb
 8000354:	7fefffff 	.word	0x7fefffff

08000358 <round>:
 8000358:	b538      	push	{r3, r4, r5, lr}
 800035a:	f3c1 550a 	ubfx	r5, r1, #20, #11
 800035e:	f2a5 32ff 	subw	r2, r5, #1023	; 0x3ff
 8000362:	2a13      	cmp	r2, #19
 8000364:	460b      	mov	r3, r1
 8000366:	4684      	mov	ip, r0
 8000368:	468e      	mov	lr, r1
 800036a:	4604      	mov	r4, r0
 800036c:	dc1e      	bgt.n	80003ac <round+0x54>
 800036e:	2a00      	cmp	r2, #0
 8000370:	db0e      	blt.n	8000390 <round+0x38>
 8000372:	491d      	ldr	r1, [pc, #116]	; (80003e8 <round+0x90>)
 8000374:	4111      	asrs	r1, r2
 8000376:	ea03 0001 	and.w	r0, r3, r1
 800037a:	4320      	orrs	r0, r4
 800037c:	d013      	beq.n	80003a6 <round+0x4e>
 800037e:	f44f 2300 	mov.w	r3, #524288	; 0x80000
 8000382:	fa43 f202 	asr.w	r2, r3, r2
 8000386:	4496      	add	lr, r2
 8000388:	ea2e 0e01 	bic.w	lr, lr, r1
 800038c:	2400      	movs	r4, #0
 800038e:	e008      	b.n	80003a2 <round+0x4a>
 8000390:	f001 4e00 	and.w	lr, r1, #2147483648	; 0x80000000
 8000394:	3201      	adds	r2, #1
 8000396:	bf04      	itt	eq
 8000398:	f04e 5e7f 	orreq.w	lr, lr, #1069547520	; 0x3fc00000
 800039c:	f44e 1e40 	orreq.w	lr, lr, #3145728	; 0x300000
 80003a0:	2400      	movs	r4, #0
 80003a2:	4673      	mov	r3, lr
 80003a4:	46a4      	mov	ip, r4
 80003a6:	4660      	mov	r0, ip
 80003a8:	4619      	mov	r1, r3
 80003aa:	bd38      	pop	{r3, r4, r5, pc}
 80003ac:	2a33      	cmp	r2, #51	; 0x33
 80003ae:	dd08      	ble.n	80003c2 <round+0x6a>
 80003b0:	f5b2 6f80 	cmp.w	r2, #1024	; 0x400
 80003b4:	d1f7      	bne.n	80003a6 <round+0x4e>
 80003b6:	4602      	mov	r2, r0
 80003b8:	f002 fda6 	bl	8002f08 <__adddf3>
 80003bc:	4684      	mov	ip, r0
 80003be:	460b      	mov	r3, r1
 80003c0:	e7f1      	b.n	80003a6 <round+0x4e>
 80003c2:	f2a5 4513 	subw	r5, r5, #1043	; 0x413
 80003c6:	f04f 31ff 	mov.w	r1, #4294967295	; 0xffffffff
 80003ca:	fa21 f505 	lsr.w	r5, r1, r5
 80003ce:	4228      	tst	r0, r5
 80003d0:	d0e9      	beq.n	80003a6 <round+0x4e>
 80003d2:	2301      	movs	r3, #1
 80003d4:	f1c2 0233 	rsb	r2, r2, #51	; 0x33
 80003d8:	fa03 f202 	lsl.w	r2, r3, r2
 80003dc:	1884      	adds	r4, r0, r2
 80003de:	bf28      	it	cs
 80003e0:	449e      	addcs	lr, r3
 80003e2:	ea24 0405 	bic.w	r4, r4, r5
 80003e6:	e7dc      	b.n	80003a2 <round+0x4a>
 80003e8:	000fffff 	.word	0x000fffff

080003ec <sin>:
 80003ec:	b510      	push	{r4, lr}
 80003ee:	4a29      	ldr	r2, [pc, #164]	; (8000494 <sin+0xa8>)
 80003f0:	f021 4300 	bic.w	r3, r1, #2147483648	; 0x80000000
 80003f4:	4293      	cmp	r3, r2
 80003f6:	b086      	sub	sp, #24
 80003f8:	dd20      	ble.n	800043c <sin+0x50>
 80003fa:	4a27      	ldr	r2, [pc, #156]	; (8000498 <sin+0xac>)
 80003fc:	4293      	cmp	r3, r2
 80003fe:	dd09      	ble.n	8000414 <sin+0x28>
 8000400:	4602      	mov	r2, r0
 8000402:	460b      	mov	r3, r1
 8000404:	f002 fd7e 	bl	8002f04 <__aeabi_dsub>
 8000408:	4602      	mov	r2, r0
 800040a:	460b      	mov	r3, r1
 800040c:	4610      	mov	r0, r2
 800040e:	4619      	mov	r1, r3
 8000410:	b006      	add	sp, #24
 8000412:	bd10      	pop	{r4, pc}
 8000414:	aa02      	add	r2, sp, #8
 8000416:	f001 fac3 	bl	80019a0 <__ieee754_rem_pio2>
 800041a:	f000 0003 	and.w	r0, r0, #3
 800041e:	2801      	cmp	r0, #1
 8000420:	d018      	beq.n	8000454 <sin+0x68>
 8000422:	2802      	cmp	r0, #2
 8000424:	d02a      	beq.n	800047c <sin+0x90>
 8000426:	b1f0      	cbz	r0, 8000466 <sin+0x7a>
 8000428:	e9dd 2304 	ldrd	r2, r3, [sp, #16]
 800042c:	e9dd 0102 	ldrd	r0, r1, [sp, #8]
 8000430:	f001 fda6 	bl	8001f80 <__kernel_cos>
 8000434:	4602      	mov	r2, r0
 8000436:	f101 4300 	add.w	r3, r1, #2147483648	; 0x80000000
 800043a:	e7e7      	b.n	800040c <sin+0x20>
 800043c:	2300      	movs	r3, #0
 800043e:	9300      	str	r3, [sp, #0]
 8000440:	2200      	movs	r2, #0
 8000442:	2300      	movs	r3, #0
 8000444:	f002 faf4 	bl	8002a30 <__kernel_sin>
 8000448:	4602      	mov	r2, r0
 800044a:	460b      	mov	r3, r1
 800044c:	4610      	mov	r0, r2
 800044e:	4619      	mov	r1, r3
 8000450:	b006      	add	sp, #24
 8000452:	bd10      	pop	{r4, pc}
 8000454:	e9dd 2304 	ldrd	r2, r3, [sp, #16]
 8000458:	e9dd 0102 	ldrd	r0, r1, [sp, #8]
 800045c:	f001 fd90 	bl	8001f80 <__kernel_cos>
 8000460:	4602      	mov	r2, r0
 8000462:	460b      	mov	r3, r1
 8000464:	e7d2      	b.n	800040c <sin+0x20>
 8000466:	2401      	movs	r4, #1
 8000468:	e9dd 2304 	ldrd	r2, r3, [sp, #16]
 800046c:	e9dd 0102 	ldrd	r0, r1, [sp, #8]
 8000470:	9400      	str	r4, [sp, #0]
 8000472:	f002 fadd 	bl	8002a30 <__kernel_sin>
 8000476:	4602      	mov	r2, r0
 8000478:	460b      	mov	r3, r1
 800047a:	e7c7      	b.n	800040c <sin+0x20>
 800047c:	2401      	movs	r4, #1
 800047e:	e9dd 2304 	ldrd	r2, r3, [sp, #16]
 8000482:	e9dd 0102 	ldrd	r0, r1, [sp, #8]
 8000486:	9400      	str	r4, [sp, #0]
 8000488:	f002 fad2 	bl	8002a30 <__kernel_sin>
 800048c:	4602      	mov	r2, r0
 800048e:	f101 4300 	add.w	r3, r1, #2147483648	; 0x80000000
 8000492:	e7bb      	b.n	800040c <sin+0x20>
 8000494:	3fe921fb 	.word	0x3fe921fb
 8000498:	7fefffff 	.word	0x7fefffff
 800049c:	00000000 	.word	0x00000000

080004a0 <exp>:
 80004a0:	b5f8      	push	{r3, r4, r5, r6, r7, lr}
 80004a2:	4604      	mov	r4, r0
 80004a4:	460d      	mov	r5, r1
 80004a6:	f000 f937 	bl	8000718 <__ieee754_exp>
 80004aa:	4b1b      	ldr	r3, [pc, #108]	; (8000518 <exp+0x78>)
 80004ac:	f993 3000 	ldrsb.w	r3, [r3]
 80004b0:	3301      	adds	r3, #1
 80004b2:	4606      	mov	r6, r0
 80004b4:	460f      	mov	r7, r1
 80004b6:	d014      	beq.n	80004e2 <exp+0x42>
 80004b8:	4620      	mov	r0, r4
 80004ba:	4629      	mov	r1, r5
 80004bc:	f002 fb7e 	bl	8002bbc <finite>
 80004c0:	b178      	cbz	r0, 80004e2 <exp+0x42>
 80004c2:	a311      	add	r3, pc, #68	; (adr r3, 8000508 <exp+0x68>)
 80004c4:	e9d3 2300 	ldrd	r2, r3, [r3]
 80004c8:	4620      	mov	r0, r4
 80004ca:	4629      	mov	r1, r5
 80004cc:	f003 f962 	bl	8003794 <__aeabi_dcmpgt>
 80004d0:	b988      	cbnz	r0, 80004f6 <exp+0x56>
 80004d2:	a30f      	add	r3, pc, #60	; (adr r3, 8000510 <exp+0x70>)
 80004d4:	e9d3 2300 	ldrd	r2, r3, [r3]
 80004d8:	4620      	mov	r0, r4
 80004da:	4629      	mov	r1, r5
 80004dc:	f003 f93c 	bl	8003758 <__aeabi_dcmplt>
 80004e0:	b910      	cbnz	r0, 80004e8 <exp+0x48>
 80004e2:	4630      	mov	r0, r6
 80004e4:	4639      	mov	r1, r7
 80004e6:	bdf8      	pop	{r3, r4, r5, r6, r7, pc}
 80004e8:	f003 fe6a 	bl	80041c0 <__errno>
 80004ec:	2322      	movs	r3, #34	; 0x22
 80004ee:	6003      	str	r3, [r0, #0]
 80004f0:	2600      	movs	r6, #0
 80004f2:	2700      	movs	r7, #0
 80004f4:	e7f5      	b.n	80004e2 <exp+0x42>
 80004f6:	f003 fe63 	bl	80041c0 <__errno>
 80004fa:	2322      	movs	r3, #34	; 0x22
 80004fc:	4f07      	ldr	r7, [pc, #28]	; (800051c <exp+0x7c>)
 80004fe:	6003      	str	r3, [r0, #0]
 8000500:	2600      	movs	r6, #0
 8000502:	e7ee      	b.n	80004e2 <exp+0x42>
 8000504:	f3af 8000 	nop.w
 8000508:	fefa39ef 	.word	0xfefa39ef
 800050c:	40862e42 	.word	0x40862e42
 8000510:	d52d3051 	.word	0xd52d3051
 8000514:	c0874910 	.word	0xc0874910
 8000518:	20000000 	.word	0x20000000
 800051c:	7ff00000 	.word	0x7ff00000

08000520 <log>:
 8000520:	b5f8      	push	{r3, r4, r5, r6, r7, lr}
 8000522:	4604      	mov	r4, r0
 8000524:	460d      	mov	r5, r1
 8000526:	f000 fac7 	bl	8000ab8 <__ieee754_log>
 800052a:	4b17      	ldr	r3, [pc, #92]	; (8000588 <log+0x68>)
 800052c:	f993 3000 	ldrsb.w	r3, [r3]
 8000530:	3301      	adds	r3, #1
 8000532:	4606      	mov	r6, r0
 8000534:	460f      	mov	r7, r1
 8000536:	d01a      	beq.n	800056e <log+0x4e>
 8000538:	4622      	mov	r2, r4
 800053a:	462b      	mov	r3, r5
 800053c:	4620      	mov	r0, r4
 800053e:	4629      	mov	r1, r5
 8000540:	f003 f932 	bl	80037a8 <__aeabi_dcmpun>
 8000544:	b998      	cbnz	r0, 800056e <log+0x4e>
 8000546:	2200      	movs	r2, #0
 8000548:	2300      	movs	r3, #0
 800054a:	4620      	mov	r0, r4
 800054c:	4629      	mov	r1, r5
 800054e:	f003 f921 	bl	8003794 <__aeabi_dcmpgt>
 8000552:	b960      	cbnz	r0, 800056e <log+0x4e>
 8000554:	2200      	movs	r2, #0
 8000556:	2300      	movs	r3, #0
 8000558:	4620      	mov	r0, r4
 800055a:	4629      	mov	r1, r5
 800055c:	f003 f8f2 	bl	8003744 <__aeabi_dcmpeq>
 8000560:	b140      	cbz	r0, 8000574 <log+0x54>
 8000562:	f003 fe2d 	bl	80041c0 <__errno>
 8000566:	4f09      	ldr	r7, [pc, #36]	; (800058c <log+0x6c>)
 8000568:	2322      	movs	r3, #34	; 0x22
 800056a:	6003      	str	r3, [r0, #0]
 800056c:	2600      	movs	r6, #0
 800056e:	4630      	mov	r0, r6
 8000570:	4639      	mov	r1, r7
 8000572:	bdf8      	pop	{r3, r4, r5, r6, r7, pc}
 8000574:	f003 fe24 	bl	80041c0 <__errno>
 8000578:	4603      	mov	r3, r0
 800057a:	2221      	movs	r2, #33	; 0x21
 800057c:	601a      	str	r2, [r3, #0]
 800057e:	4804      	ldr	r0, [pc, #16]	; (8000590 <log+0x70>)
 8000580:	e8bd 40f8 	ldmia.w	sp!, {r3, r4, r5, r6, r7, lr}
 8000584:	f002 bb9c 	b.w	8002cc0 <nan>
 8000588:	20000000 	.word	0x20000000
 800058c:	fff00000 	.word	0xfff00000
 8000590:	08006550 	.word	0x08006550

08000594 <pow>:
 8000594:	e92d 43f8 	stmdb	sp!, {r3, r4, r5, r6, r7, r8, r9, lr}
 8000598:	461d      	mov	r5, r3
 800059a:	4606      	mov	r6, r0
 800059c:	460f      	mov	r7, r1
 800059e:	4614      	mov	r4, r2
 80005a0:	f000 fc8a 	bl	8000eb8 <__ieee754_pow>
 80005a4:	4b57      	ldr	r3, [pc, #348]	; (8000704 <pow+0x170>)
 80005a6:	f993 3000 	ldrsb.w	r3, [r3]
 80005aa:	3301      	adds	r3, #1
 80005ac:	4680      	mov	r8, r0
 80005ae:	4689      	mov	r9, r1
 80005b0:	d02a      	beq.n	8000608 <pow+0x74>
 80005b2:	4622      	mov	r2, r4
 80005b4:	462b      	mov	r3, r5
 80005b6:	4620      	mov	r0, r4
 80005b8:	4629      	mov	r1, r5
 80005ba:	f003 f8f5 	bl	80037a8 <__aeabi_dcmpun>
 80005be:	bb18      	cbnz	r0, 8000608 <pow+0x74>
 80005c0:	4632      	mov	r2, r6
 80005c2:	463b      	mov	r3, r7
 80005c4:	4630      	mov	r0, r6
 80005c6:	4639      	mov	r1, r7
 80005c8:	f003 f8ee 	bl	80037a8 <__aeabi_dcmpun>
 80005cc:	2800      	cmp	r0, #0
 80005ce:	d141      	bne.n	8000654 <pow+0xc0>
 80005d0:	2200      	movs	r2, #0
 80005d2:	2300      	movs	r3, #0
 80005d4:	4630      	mov	r0, r6
 80005d6:	4639      	mov	r1, r7
 80005d8:	f003 f8b4 	bl	8003744 <__aeabi_dcmpeq>
 80005dc:	b1c0      	cbz	r0, 8000610 <pow+0x7c>
 80005de:	2200      	movs	r2, #0
 80005e0:	2300      	movs	r3, #0
 80005e2:	4620      	mov	r0, r4
 80005e4:	4629      	mov	r1, r5
 80005e6:	f003 f8ad 	bl	8003744 <__aeabi_dcmpeq>
 80005ea:	2800      	cmp	r0, #0
 80005ec:	d13a      	bne.n	8000664 <pow+0xd0>
 80005ee:	4620      	mov	r0, r4
 80005f0:	4629      	mov	r1, r5
 80005f2:	f002 fae3 	bl	8002bbc <finite>
 80005f6:	b138      	cbz	r0, 8000608 <pow+0x74>
 80005f8:	4620      	mov	r0, r4
 80005fa:	4629      	mov	r1, r5
 80005fc:	2200      	movs	r2, #0
 80005fe:	2300      	movs	r3, #0
 8000600:	f003 f8aa 	bl	8003758 <__aeabi_dcmplt>
 8000604:	2800      	cmp	r0, #0
 8000606:	d159      	bne.n	80006bc <pow+0x128>
 8000608:	4640      	mov	r0, r8
 800060a:	4649      	mov	r1, r9
 800060c:	e8bd 83f8 	ldmia.w	sp!, {r3, r4, r5, r6, r7, r8, r9, pc}
 8000610:	4640      	mov	r0, r8
 8000612:	4649      	mov	r1, r9
 8000614:	f002 fad2 	bl	8002bbc <finite>
 8000618:	b360      	cbz	r0, 8000674 <pow+0xe0>
 800061a:	2200      	movs	r2, #0
 800061c:	2300      	movs	r3, #0
 800061e:	4640      	mov	r0, r8
 8000620:	4649      	mov	r1, r9
 8000622:	f003 f88f 	bl	8003744 <__aeabi_dcmpeq>
 8000626:	2800      	cmp	r0, #0
 8000628:	d0ee      	beq.n	8000608 <pow+0x74>
 800062a:	4630      	mov	r0, r6
 800062c:	4639      	mov	r1, r7
 800062e:	f002 fac5 	bl	8002bbc <finite>
 8000632:	2800      	cmp	r0, #0
 8000634:	d0e8      	beq.n	8000608 <pow+0x74>
 8000636:	4620      	mov	r0, r4
 8000638:	4629      	mov	r1, r5
 800063a:	f002 fabf 	bl	8002bbc <finite>
 800063e:	2800      	cmp	r0, #0
 8000640:	d0e2      	beq.n	8000608 <pow+0x74>
 8000642:	f003 fdbd 	bl	80041c0 <__errno>
 8000646:	2322      	movs	r3, #34	; 0x22
 8000648:	6003      	str	r3, [r0, #0]
 800064a:	f04f 0800 	mov.w	r8, #0
 800064e:	f04f 0900 	mov.w	r9, #0
 8000652:	e7d9      	b.n	8000608 <pow+0x74>
 8000654:	4620      	mov	r0, r4
 8000656:	4629      	mov	r1, r5
 8000658:	2200      	movs	r2, #0
 800065a:	2300      	movs	r3, #0
 800065c:	f003 f872 	bl	8003744 <__aeabi_dcmpeq>
 8000660:	2800      	cmp	r0, #0
 8000662:	d0d1      	beq.n	8000608 <pow+0x74>
 8000664:	f8df 90a0 	ldr.w	r9, [pc, #160]	; 8000708 <pow+0x174>
 8000668:	f04f 0800 	mov.w	r8, #0
 800066c:	4640      	mov	r0, r8
 800066e:	4649      	mov	r1, r9
 8000670:	e8bd 83f8 	ldmia.w	sp!, {r3, r4, r5, r6, r7, r8, r9, pc}
 8000674:	4630      	mov	r0, r6
 8000676:	4639      	mov	r1, r7
 8000678:	f002 faa0 	bl	8002bbc <finite>
 800067c:	2800      	cmp	r0, #0
 800067e:	d0cc      	beq.n	800061a <pow+0x86>
 8000680:	4620      	mov	r0, r4
 8000682:	4629      	mov	r1, r5
 8000684:	f002 fa9a 	bl	8002bbc <finite>
 8000688:	2800      	cmp	r0, #0
 800068a:	d0c6      	beq.n	800061a <pow+0x86>
 800068c:	4642      	mov	r2, r8
 800068e:	464b      	mov	r3, r9
 8000690:	4640      	mov	r0, r8
 8000692:	4649      	mov	r1, r9
 8000694:	f003 f888 	bl	80037a8 <__aeabi_dcmpun>
 8000698:	bb30      	cbnz	r0, 80006e8 <pow+0x154>
 800069a:	f003 fd91 	bl	80041c0 <__errno>
 800069e:	4603      	mov	r3, r0
 80006a0:	2222      	movs	r2, #34	; 0x22
 80006a2:	601a      	str	r2, [r3, #0]
 80006a4:	4630      	mov	r0, r6
 80006a6:	4639      	mov	r1, r7
 80006a8:	2200      	movs	r2, #0
 80006aa:	2300      	movs	r3, #0
 80006ac:	f003 f854 	bl	8003758 <__aeabi_dcmplt>
 80006b0:	f04f 0800 	mov.w	r8, #0
 80006b4:	b958      	cbnz	r0, 80006ce <pow+0x13a>
 80006b6:	f8df 9054 	ldr.w	r9, [pc, #84]	; 800070c <pow+0x178>
 80006ba:	e7a5      	b.n	8000608 <pow+0x74>
 80006bc:	f003 fd80 	bl	80041c0 <__errno>
 80006c0:	2321      	movs	r3, #33	; 0x21
 80006c2:	f8df 904c 	ldr.w	r9, [pc, #76]	; 8000710 <pow+0x17c>
 80006c6:	6003      	str	r3, [r0, #0]
 80006c8:	f04f 0800 	mov.w	r8, #0
 80006cc:	e79c      	b.n	8000608 <pow+0x74>
 80006ce:	4620      	mov	r0, r4
 80006d0:	4629      	mov	r1, r5
 80006d2:	f002 fafb 	bl	8002ccc <rint>
 80006d6:	4622      	mov	r2, r4
 80006d8:	462b      	mov	r3, r5
 80006da:	f003 f833 	bl	8003744 <__aeabi_dcmpeq>
 80006de:	2800      	cmp	r0, #0
 80006e0:	d1e9      	bne.n	80006b6 <pow+0x122>
 80006e2:	f8df 902c 	ldr.w	r9, [pc, #44]	; 8000710 <pow+0x17c>
 80006e6:	e78f      	b.n	8000608 <pow+0x74>
 80006e8:	f003 fd6a 	bl	80041c0 <__errno>
 80006ec:	2200      	movs	r2, #0
 80006ee:	2300      	movs	r3, #0
 80006f0:	2121      	movs	r1, #33	; 0x21
 80006f2:	6001      	str	r1, [r0, #0]
 80006f4:	4610      	mov	r0, r2
 80006f6:	4619      	mov	r1, r3
 80006f8:	f002 fee6 	bl	80034c8 <__aeabi_ddiv>
 80006fc:	4680      	mov	r8, r0
 80006fe:	4689      	mov	r9, r1
 8000700:	e782      	b.n	8000608 <pow+0x74>
 8000702:	bf00      	nop
 8000704:	20000000 	.word	0x20000000
 8000708:	3ff00000 	.word	0x3ff00000
 800070c:	7ff00000 	.word	0x7ff00000
 8000710:	fff00000 	.word	0xfff00000
 8000714:	00000000 	.word	0x00000000

08000718 <__ieee754_exp>:
 8000718:	e92d 4ff0 	stmdb	sp!, {r4, r5, r6, r7, r8, r9, sl, fp, lr}
 800071c:	4fd4      	ldr	r7, [pc, #848]	; (8000a70 <__ieee754_exp+0x358>)
 800071e:	f021 4200 	bic.w	r2, r1, #2147483648	; 0x80000000
 8000722:	42ba      	cmp	r2, r7
 8000724:	b087      	sub	sp, #28
 8000726:	4605      	mov	r5, r0
 8000728:	460c      	mov	r4, r1
 800072a:	ea4f 76d1 	mov.w	r6, r1, lsr #31
 800072e:	d912      	bls.n	8000756 <__ieee754_exp+0x3e>
 8000730:	4fd0      	ldr	r7, [pc, #832]	; (8000a74 <__ieee754_exp+0x35c>)
 8000732:	42ba      	cmp	r2, r7
 8000734:	d92b      	bls.n	800078e <__ieee754_exp+0x76>
 8000736:	f3c1 0313 	ubfx	r3, r1, #0, #20
 800073a:	4303      	orrs	r3, r0
 800073c:	4602      	mov	r2, r0
 800073e:	f040 8154 	bne.w	80009ea <__ieee754_exp+0x2d2>
 8000742:	2e00      	cmp	r6, #0
 8000744:	f000 80eb 	beq.w	800091e <__ieee754_exp+0x206>
 8000748:	2500      	movs	r5, #0
 800074a:	462c      	mov	r4, r5
 800074c:	4628      	mov	r0, r5
 800074e:	4621      	mov	r1, r4
 8000750:	b007      	add	sp, #28
 8000752:	e8bd 8ff0 	ldmia.w	sp!, {r4, r5, r6, r7, r8, r9, sl, fp, pc}
 8000756:	4bc8      	ldr	r3, [pc, #800]	; (8000a78 <__ieee754_exp+0x360>)
 8000758:	429a      	cmp	r2, r3
 800075a:	d855      	bhi.n	8000808 <__ieee754_exp+0xf0>
 800075c:	4bc7      	ldr	r3, [pc, #796]	; (8000a7c <__ieee754_exp+0x364>)
 800075e:	429a      	cmp	r2, r3
 8000760:	f200 80e2 	bhi.w	8000928 <__ieee754_exp+0x210>
 8000764:	a3ac      	add	r3, pc, #688	; (adr r3, 8000a18 <__ieee754_exp+0x300>)
 8000766:	e9d3 2300 	ldrd	r2, r3, [r3]
 800076a:	f002 fbcd 	bl	8002f08 <__adddf3>
 800076e:	4bc4      	ldr	r3, [pc, #784]	; (8000a80 <__ieee754_exp+0x368>)
 8000770:	2200      	movs	r2, #0
 8000772:	f003 f80f 	bl	8003794 <__aeabi_dcmpgt>
 8000776:	2800      	cmp	r0, #0
 8000778:	f000 80d6 	beq.w	8000928 <__ieee754_exp+0x210>
 800077c:	4628      	mov	r0, r5
 800077e:	4621      	mov	r1, r4
 8000780:	4bbf      	ldr	r3, [pc, #764]	; (8000a80 <__ieee754_exp+0x368>)
 8000782:	2200      	movs	r2, #0
 8000784:	f002 fbc0 	bl	8002f08 <__adddf3>
 8000788:	4605      	mov	r5, r0
 800078a:	460c      	mov	r4, r1
 800078c:	e0c7      	b.n	800091e <__ieee754_exp+0x206>
 800078e:	a3a4      	add	r3, pc, #656	; (adr r3, 8000a20 <__ieee754_exp+0x308>)
 8000790:	e9d3 2300 	ldrd	r2, r3, [r3]
 8000794:	f002 fffe 	bl	8003794 <__aeabi_dcmpgt>
 8000798:	2800      	cmp	r0, #0
 800079a:	f040 8130 	bne.w	80009fe <__ieee754_exp+0x2e6>
 800079e:	a3a2      	add	r3, pc, #648	; (adr r3, 8000a28 <__ieee754_exp+0x310>)
 80007a0:	e9d3 2300 	ldrd	r2, r3, [r3]
 80007a4:	4628      	mov	r0, r5
 80007a6:	4621      	mov	r1, r4
 80007a8:	f002 ffd6 	bl	8003758 <__aeabi_dcmplt>
 80007ac:	2800      	cmp	r0, #0
 80007ae:	d1cb      	bne.n	8000748 <__ieee754_exp+0x30>
 80007b0:	4bb4      	ldr	r3, [pc, #720]	; (8000a84 <__ieee754_exp+0x36c>)
 80007b2:	4628      	mov	r0, r5
 80007b4:	eb03 06c6 	add.w	r6, r3, r6, lsl #3
 80007b8:	4621      	mov	r1, r4
 80007ba:	a39d      	add	r3, pc, #628	; (adr r3, 8000a30 <__ieee754_exp+0x318>)
 80007bc:	e9d3 2300 	ldrd	r2, r3, [r3]
 80007c0:	f002 fd58 	bl	8003274 <__aeabi_dmul>
 80007c4:	e9d6 2308 	ldrd	r2, r3, [r6, #32]
 80007c8:	f002 fb9e 	bl	8002f08 <__adddf3>
 80007cc:	f003 f802 	bl	80037d4 <__aeabi_d2iz>
 80007d0:	9001      	str	r0, [sp, #4]
 80007d2:	f002 fce5 	bl	80031a0 <__aeabi_i2d>
 80007d6:	a398      	add	r3, pc, #608	; (adr r3, 8000a38 <__ieee754_exp+0x320>)
 80007d8:	e9d3 2300 	ldrd	r2, r3, [r3]
 80007dc:	4606      	mov	r6, r0
 80007de:	460f      	mov	r7, r1
 80007e0:	f002 fd48 	bl	8003274 <__aeabi_dmul>
 80007e4:	4602      	mov	r2, r0
 80007e6:	460b      	mov	r3, r1
 80007e8:	4628      	mov	r0, r5
 80007ea:	4621      	mov	r1, r4
 80007ec:	f002 fb8a 	bl	8002f04 <__aeabi_dsub>
 80007f0:	a393      	add	r3, pc, #588	; (adr r3, 8000a40 <__ieee754_exp+0x328>)
 80007f2:	e9d3 2300 	ldrd	r2, r3, [r3]
 80007f6:	4680      	mov	r8, r0
 80007f8:	4689      	mov	r9, r1
 80007fa:	4630      	mov	r0, r6
 80007fc:	4639      	mov	r1, r7
 80007fe:	f002 fd39 	bl	8003274 <__aeabi_dmul>
 8000802:	e9cd 0102 	strd	r0, r1, [sp, #8]
 8000806:	e014      	b.n	8000832 <__ieee754_exp+0x11a>
 8000808:	4b9f      	ldr	r3, [pc, #636]	; (8000a88 <__ieee754_exp+0x370>)
 800080a:	429a      	cmp	r2, r3
 800080c:	d8d0      	bhi.n	80007b0 <__ieee754_exp+0x98>
 800080e:	4c9d      	ldr	r4, [pc, #628]	; (8000a84 <__ieee754_exp+0x36c>)
 8000810:	eb04 04c6 	add.w	r4, r4, r6, lsl #3
 8000814:	e9d4 2300 	ldrd	r2, r3, [r4]
 8000818:	f002 fb74 	bl	8002f04 <__aeabi_dsub>
 800081c:	e9d4 3404 	ldrd	r3, r4, [r4, #16]
 8000820:	f1c6 0a01 	rsb	sl, r6, #1
 8000824:	e9cd 3402 	strd	r3, r4, [sp, #8]
 8000828:	ebaa 0306 	sub.w	r3, sl, r6
 800082c:	4680      	mov	r8, r0
 800082e:	4689      	mov	r9, r1
 8000830:	9301      	str	r3, [sp, #4]
 8000832:	e9dd 2302 	ldrd	r2, r3, [sp, #8]
 8000836:	4640      	mov	r0, r8
 8000838:	4649      	mov	r1, r9
 800083a:	f002 fb63 	bl	8002f04 <__aeabi_dsub>
 800083e:	4602      	mov	r2, r0
 8000840:	460b      	mov	r3, r1
 8000842:	4682      	mov	sl, r0
 8000844:	468b      	mov	fp, r1
 8000846:	4605      	mov	r5, r0
 8000848:	460c      	mov	r4, r1
 800084a:	f002 fd13 	bl	8003274 <__aeabi_dmul>
 800084e:	a37e      	add	r3, pc, #504	; (adr r3, 8000a48 <__ieee754_exp+0x330>)
 8000850:	e9d3 2300 	ldrd	r2, r3, [r3]
 8000854:	4606      	mov	r6, r0
 8000856:	460f      	mov	r7, r1
 8000858:	f002 fd0c 	bl	8003274 <__aeabi_dmul>
 800085c:	a37c      	add	r3, pc, #496	; (adr r3, 8000a50 <__ieee754_exp+0x338>)
 800085e:	e9d3 2300 	ldrd	r2, r3, [r3]
 8000862:	f002 fb4f 	bl	8002f04 <__aeabi_dsub>
 8000866:	4632      	mov	r2, r6
 8000868:	463b      	mov	r3, r7
 800086a:	f002 fd03 	bl	8003274 <__aeabi_dmul>
 800086e:	a37a      	add	r3, pc, #488	; (adr r3, 8000a58 <__ieee754_exp+0x340>)
 8000870:	e9d3 2300 	ldrd	r2, r3, [r3]
 8000874:	f002 fb48 	bl	8002f08 <__adddf3>
 8000878:	4632      	mov	r2, r6
 800087a:	463b      	mov	r3, r7
 800087c:	f002 fcfa 	bl	8003274 <__aeabi_dmul>
 8000880:	a377      	add	r3, pc, #476	; (adr r3, 8000a60 <__ieee754_exp+0x348>)
 8000882:	e9d3 2300 	ldrd	r2, r3, [r3]
 8000886:	f002 fb3d 	bl	8002f04 <__aeabi_dsub>
 800088a:	4632      	mov	r2, r6
 800088c:	463b      	mov	r3, r7
 800088e:	f002 fcf1 	bl	8003274 <__aeabi_dmul>
 8000892:	a375      	add	r3, pc, #468	; (adr r3, 8000a68 <__ieee754_exp+0x350>)
 8000894:	e9d3 2300 	ldrd	r2, r3, [r3]
 8000898:	f002 fb36 	bl	8002f08 <__adddf3>
 800089c:	4632      	mov	r2, r6
 800089e:	463b      	mov	r3, r7
 80008a0:	f002 fce8 	bl	8003274 <__aeabi_dmul>
 80008a4:	460b      	mov	r3, r1
 80008a6:	4602      	mov	r2, r0
 80008a8:	4659      	mov	r1, fp
 80008aa:	4650      	mov	r0, sl
 80008ac:	f002 fb2a 	bl	8002f04 <__aeabi_dsub>
 80008b0:	9b01      	ldr	r3, [sp, #4]
 80008b2:	4606      	mov	r6, r0
 80008b4:	460f      	mov	r7, r1
 80008b6:	e9cd 6704 	strd	r6, r7, [sp, #16]
 80008ba:	2b00      	cmp	r3, #0
 80008bc:	d06d      	beq.n	800099a <__ieee754_exp+0x282>
 80008be:	4632      	mov	r2, r6
 80008c0:	463b      	mov	r3, r7
 80008c2:	4650      	mov	r0, sl
 80008c4:	4659      	mov	r1, fp
 80008c6:	f002 fcd5 	bl	8003274 <__aeabi_dmul>
 80008ca:	4632      	mov	r2, r6
 80008cc:	4604      	mov	r4, r0
 80008ce:	460d      	mov	r5, r1
 80008d0:	463b      	mov	r3, r7
 80008d2:	2000      	movs	r0, #0
 80008d4:	f04f 4180 	mov.w	r1, #1073741824	; 0x40000000
 80008d8:	f002 fb14 	bl	8002f04 <__aeabi_dsub>
 80008dc:	4602      	mov	r2, r0
 80008de:	460b      	mov	r3, r1
 80008e0:	4620      	mov	r0, r4
 80008e2:	4629      	mov	r1, r5
 80008e4:	f002 fdf0 	bl	80034c8 <__aeabi_ddiv>
 80008e8:	4602      	mov	r2, r0
 80008ea:	460b      	mov	r3, r1
 80008ec:	e9dd 0102 	ldrd	r0, r1, [sp, #8]
 80008f0:	f002 fb08 	bl	8002f04 <__aeabi_dsub>
 80008f4:	4642      	mov	r2, r8
 80008f6:	464b      	mov	r3, r9
 80008f8:	f002 fb04 	bl	8002f04 <__aeabi_dsub>
 80008fc:	4602      	mov	r2, r0
 80008fe:	460b      	mov	r3, r1
 8000900:	2000      	movs	r0, #0
 8000902:	495f      	ldr	r1, [pc, #380]	; (8000a80 <__ieee754_exp+0x368>)
 8000904:	f002 fafe 	bl	8002f04 <__aeabi_dsub>
 8000908:	9c01      	ldr	r4, [sp, #4]
 800090a:	f46f 737f 	mvn.w	r3, #1020	; 0x3fc
 800090e:	429c      	cmp	r4, r3
 8000910:	4602      	mov	r2, r0
 8000912:	f2c0 80bb 	blt.w	8000a8c <__ieee754_exp+0x374>
 8000916:	eb01 5304 	add.w	r3, r1, r4, lsl #20
 800091a:	4605      	mov	r5, r0
 800091c:	461c      	mov	r4, r3
 800091e:	4628      	mov	r0, r5
 8000920:	4621      	mov	r1, r4
 8000922:	b007      	add	sp, #28
 8000924:	e8bd 8ff0 	ldmia.w	sp!, {r4, r5, r6, r7, r8, r9, sl, fp, pc}
 8000928:	462a      	mov	r2, r5
 800092a:	4623      	mov	r3, r4
 800092c:	4628      	mov	r0, r5
 800092e:	4621      	mov	r1, r4
 8000930:	f002 fca0 	bl	8003274 <__aeabi_dmul>
 8000934:	a344      	add	r3, pc, #272	; (adr r3, 8000a48 <__ieee754_exp+0x330>)
 8000936:	e9d3 2300 	ldrd	r2, r3, [r3]
 800093a:	4606      	mov	r6, r0
 800093c:	460f      	mov	r7, r1
 800093e:	f002 fc99 	bl	8003274 <__aeabi_dmul>
 8000942:	a343      	add	r3, pc, #268	; (adr r3, 8000a50 <__ieee754_exp+0x338>)
 8000944:	e9d3 2300 	ldrd	r2, r3, [r3]
 8000948:	f002 fadc 	bl	8002f04 <__aeabi_dsub>
 800094c:	4632      	mov	r2, r6
 800094e:	463b      	mov	r3, r7
 8000950:	f002 fc90 	bl	8003274 <__aeabi_dmul>
 8000954:	a340      	add	r3, pc, #256	; (adr r3, 8000a58 <__ieee754_exp+0x340>)
 8000956:	e9d3 2300 	ldrd	r2, r3, [r3]
 800095a:	f002 fad5 	bl	8002f08 <__adddf3>
 800095e:	4632      	mov	r2, r6
 8000960:	463b      	mov	r3, r7
 8000962:	f002 fc87 	bl	8003274 <__aeabi_dmul>
 8000966:	a33e      	add	r3, pc, #248	; (adr r3, 8000a60 <__ieee754_exp+0x348>)
 8000968:	e9d3 2300 	ldrd	r2, r3, [r3]
 800096c:	f002 faca 	bl	8002f04 <__aeabi_dsub>
 8000970:	4632      	mov	r2, r6
 8000972:	463b      	mov	r3, r7
 8000974:	f002 fc7e 	bl	8003274 <__aeabi_dmul>
 8000978:	a33b      	add	r3, pc, #236	; (adr r3, 8000a68 <__ieee754_exp+0x350>)
 800097a:	e9d3 2300 	ldrd	r2, r3, [r3]
 800097e:	f002 fac3 	bl	8002f08 <__adddf3>
 8000982:	4632      	mov	r2, r6
 8000984:	463b      	mov	r3, r7
 8000986:	f002 fc75 	bl	8003274 <__aeabi_dmul>
 800098a:	4602      	mov	r2, r0
 800098c:	460b      	mov	r3, r1
 800098e:	4628      	mov	r0, r5
 8000990:	4621      	mov	r1, r4
 8000992:	f002 fab7 	bl	8002f04 <__aeabi_dsub>
 8000996:	e9cd 0104 	strd	r0, r1, [sp, #16]
 800099a:	e9dd 8904 	ldrd	r8, r9, [sp, #16]
 800099e:	4628      	mov	r0, r5
 80009a0:	4642      	mov	r2, r8
 80009a2:	464b      	mov	r3, r9
 80009a4:	4621      	mov	r1, r4
 80009a6:	f002 fc65 	bl	8003274 <__aeabi_dmul>
 80009aa:	2200      	movs	r2, #0
 80009ac:	4606      	mov	r6, r0
 80009ae:	460f      	mov	r7, r1
 80009b0:	4640      	mov	r0, r8
 80009b2:	4649      	mov	r1, r9
 80009b4:	f04f 4380 	mov.w	r3, #1073741824	; 0x40000000
 80009b8:	f002 faa4 	bl	8002f04 <__aeabi_dsub>
 80009bc:	4602      	mov	r2, r0
 80009be:	460b      	mov	r3, r1
 80009c0:	4630      	mov	r0, r6
 80009c2:	4639      	mov	r1, r7
 80009c4:	f002 fd80 	bl	80034c8 <__aeabi_ddiv>
 80009c8:	462a      	mov	r2, r5
 80009ca:	4623      	mov	r3, r4
 80009cc:	f002 fa9a 	bl	8002f04 <__aeabi_dsub>
 80009d0:	4602      	mov	r2, r0
 80009d2:	460b      	mov	r3, r1
 80009d4:	2000      	movs	r0, #0
 80009d6:	492a      	ldr	r1, [pc, #168]	; (8000a80 <__ieee754_exp+0x368>)
 80009d8:	f002 fa94 	bl	8002f04 <__aeabi_dsub>
 80009dc:	4605      	mov	r5, r0
 80009de:	460c      	mov	r4, r1
 80009e0:	4628      	mov	r0, r5
 80009e2:	4621      	mov	r1, r4
 80009e4:	b007      	add	sp, #28
 80009e6:	e8bd 8ff0 	ldmia.w	sp!, {r4, r5, r6, r7, r8, r9, sl, fp, pc}
 80009ea:	460b      	mov	r3, r1
 80009ec:	f002 fa8c 	bl	8002f08 <__adddf3>
 80009f0:	4605      	mov	r5, r0
 80009f2:	460c      	mov	r4, r1
 80009f4:	4628      	mov	r0, r5
 80009f6:	4621      	mov	r1, r4
 80009f8:	b007      	add	sp, #28
 80009fa:	e8bd 8ff0 	ldmia.w	sp!, {r4, r5, r6, r7, r8, r9, sl, fp, pc}
 80009fe:	a306      	add	r3, pc, #24	; (adr r3, 8000a18 <__ieee754_exp+0x300>)
 8000a00:	e9d3 2300 	ldrd	r2, r3, [r3]
 8000a04:	4610      	mov	r0, r2
 8000a06:	4619      	mov	r1, r3
 8000a08:	f002 fc34 	bl	8003274 <__aeabi_dmul>
 8000a0c:	4605      	mov	r5, r0
 8000a0e:	460c      	mov	r4, r1
 8000a10:	e785      	b.n	800091e <__ieee754_exp+0x206>
 8000a12:	bf00      	nop
 8000a14:	f3af 8000 	nop.w
 8000a18:	8800759c 	.word	0x8800759c
 8000a1c:	7e37e43c 	.word	0x7e37e43c
 8000a20:	fefa39ef 	.word	0xfefa39ef
 8000a24:	40862e42 	.word	0x40862e42
 8000a28:	d52d3051 	.word	0xd52d3051
 8000a2c:	c0874910 	.word	0xc0874910
 8000a30:	652b82fe 	.word	0x652b82fe
 8000a34:	3ff71547 	.word	0x3ff71547
 8000a38:	fee00000 	.word	0xfee00000
 8000a3c:	3fe62e42 	.word	0x3fe62e42
 8000a40:	35793c76 	.word	0x35793c76
 8000a44:	3dea39ef 	.word	0x3dea39ef
 8000a48:	72bea4d0 	.word	0x72bea4d0
 8000a4c:	3e663769 	.word	0x3e663769
 8000a50:	c5d26bf1 	.word	0xc5d26bf1
 8000a54:	3ebbbd41 	.word	0x3ebbbd41
 8000a58:	af25de2c 	.word	0xaf25de2c
 8000a5c:	3f11566a 	.word	0x3f11566a
 8000a60:	16bebd93 	.word	0x16bebd93
 8000a64:	3f66c16c 	.word	0x3f66c16c
 8000a68:	5555553e 	.word	0x5555553e
 8000a6c:	3fc55555 	.word	0x3fc55555
 8000a70:	40862e41 	.word	0x40862e41
 8000a74:	7fefffff 	.word	0x7fefffff
 8000a78:	3fd62e42 	.word	0x3fd62e42
 8000a7c:	3e2fffff 	.word	0x3e2fffff
 8000a80:	3ff00000 	.word	0x3ff00000
 8000a84:	08006250 	.word	0x08006250
 8000a88:	3ff0a2b1 	.word	0x3ff0a2b1
 8000a8c:	9801      	ldr	r0, [sp, #4]
 8000a8e:	f500 7a7a 	add.w	sl, r0, #1000	; 0x3e8
 8000a92:	eb01 530a 	add.w	r3, r1, sl, lsl #20
 8000a96:	4610      	mov	r0, r2
 8000a98:	4619      	mov	r1, r3
 8000a9a:	2200      	movs	r2, #0
 8000a9c:	f04f 73b8 	mov.w	r3, #24117248	; 0x1700000
 8000aa0:	f002 fbe8 	bl	8003274 <__aeabi_dmul>
 8000aa4:	4605      	mov	r5, r0
 8000aa6:	460c      	mov	r4, r1
 8000aa8:	4628      	mov	r0, r5
 8000aaa:	4621      	mov	r1, r4
 8000aac:	b007      	add	sp, #28
 8000aae:	e8bd 8ff0 	ldmia.w	sp!, {r4, r5, r6, r7, r8, r9, sl, fp, pc}
 8000ab2:	bf00      	nop
 8000ab4:	0000      	movs	r0, r0
 8000ab6:	0000      	movs	r0, r0

08000ab8 <__ieee754_log>:
 8000ab8:	e92d 4ff0 	stmdb	sp!, {r4, r5, r6, r7, r8, r9, sl, fp, lr}
 8000abc:	f5b1 1f80 	cmp.w	r1, #1048576	; 0x100000
 8000ac0:	b087      	sub	sp, #28
 8000ac2:	4602      	mov	r2, r0
 8000ac4:	460b      	mov	r3, r1
 8000ac6:	460f      	mov	r7, r1
 8000ac8:	da58      	bge.n	8000b7c <__ieee754_log+0xc4>
 8000aca:	f021 4400 	bic.w	r4, r1, #2147483648	; 0x80000000
 8000ace:	4304      	orrs	r4, r0
 8000ad0:	f000 80f8 	beq.w	8000cc4 <__ieee754_log+0x20c>
 8000ad4:	2900      	cmp	r1, #0
 8000ad6:	f2c0 8132 	blt.w	8000d3e <__ieee754_log+0x286>
 8000ada:	4bd7      	ldr	r3, [pc, #860]	; (8000e38 <__ieee754_log+0x380>)
 8000adc:	2200      	movs	r2, #0
 8000ade:	f002 fbc9 	bl	8003274 <__aeabi_dmul>
 8000ae2:	460f      	mov	r7, r1
 8000ae4:	460b      	mov	r3, r1
 8000ae6:	49d5      	ldr	r1, [pc, #852]	; (8000e3c <__ieee754_log+0x384>)
 8000ae8:	428f      	cmp	r7, r1
 8000aea:	4602      	mov	r2, r0
 8000aec:	f06f 0035 	mvn.w	r0, #53	; 0x35
 8000af0:	dc49      	bgt.n	8000b86 <__ieee754_log+0xce>
 8000af2:	153e      	asrs	r6, r7, #20
 8000af4:	f3c7 0713 	ubfx	r7, r7, #0, #20
 8000af8:	f507 2115 	add.w	r1, r7, #610304	; 0x95000
 8000afc:	f2a6 36ff 	subw	r6, r6, #1023	; 0x3ff
 8000b00:	f601 7164 	addw	r1, r1, #3940	; 0xf64
 8000b04:	4406      	add	r6, r0
 8000b06:	f401 1180 	and.w	r1, r1, #1048576	; 0x100000
 8000b0a:	eb06 5611 	add.w	r6, r6, r1, lsr #20
 8000b0e:	f081 517f 	eor.w	r1, r1, #1069547520	; 0x3fc00000
 8000b12:	f481 1140 	eor.w	r1, r1, #3145728	; 0x300000
 8000b16:	ea41 0307 	orr.w	r3, r1, r7
 8000b1a:	4610      	mov	r0, r2
 8000b1c:	4619      	mov	r1, r3
 8000b1e:	2200      	movs	r2, #0
 8000b20:	4bc7      	ldr	r3, [pc, #796]	; (8000e40 <__ieee754_log+0x388>)
 8000b22:	f002 f9ef 	bl	8002f04 <__aeabi_dsub>
 8000b26:	1cbb      	adds	r3, r7, #2
 8000b28:	f3c3 0313 	ubfx	r3, r3, #0, #20
 8000b2c:	2b02      	cmp	r3, #2
 8000b2e:	4682      	mov	sl, r0
 8000b30:	468b      	mov	fp, r1
 8000b32:	dc2f      	bgt.n	8000b94 <__ieee754_log+0xdc>
 8000b34:	2200      	movs	r2, #0
 8000b36:	2300      	movs	r3, #0
 8000b38:	f002 fe04 	bl	8003744 <__aeabi_dcmpeq>
 8000b3c:	2800      	cmp	r0, #0
 8000b3e:	f000 80ca 	beq.w	8000cd6 <__ieee754_log+0x21e>
 8000b42:	2e00      	cmp	r6, #0
 8000b44:	f000 814b 	beq.w	8000dde <__ieee754_log+0x326>
 8000b48:	4630      	mov	r0, r6
 8000b4a:	f002 fb29 	bl	80031a0 <__aeabi_i2d>
 8000b4e:	a3a6      	add	r3, pc, #664	; (adr r3, 8000de8 <__ieee754_log+0x330>)
 8000b50:	e9d3 2300 	ldrd	r2, r3, [r3]
 8000b54:	4606      	mov	r6, r0
 8000b56:	460f      	mov	r7, r1
 8000b58:	f002 fb8c 	bl	8003274 <__aeabi_dmul>
 8000b5c:	a3a4      	add	r3, pc, #656	; (adr r3, 8000df0 <__ieee754_log+0x338>)
 8000b5e:	e9d3 2300 	ldrd	r2, r3, [r3]
 8000b62:	4604      	mov	r4, r0
 8000b64:	460d      	mov	r5, r1
 8000b66:	4630      	mov	r0, r6
 8000b68:	4639      	mov	r1, r7
 8000b6a:	f002 fb83 	bl	8003274 <__aeabi_dmul>
 8000b6e:	4602      	mov	r2, r0
 8000b70:	460b      	mov	r3, r1
 8000b72:	4620      	mov	r0, r4
 8000b74:	4629      	mov	r1, r5
 8000b76:	f002 f9c7 	bl	8002f08 <__adddf3>
 8000b7a:	e008      	b.n	8000b8e <__ieee754_log+0xd6>
 8000b7c:	49af      	ldr	r1, [pc, #700]	; (8000e3c <__ieee754_log+0x384>)
 8000b7e:	428f      	cmp	r7, r1
 8000b80:	f04f 0000 	mov.w	r0, #0
 8000b84:	ddb5      	ble.n	8000af2 <__ieee754_log+0x3a>
 8000b86:	4610      	mov	r0, r2
 8000b88:	4619      	mov	r1, r3
 8000b8a:	f002 f9bd 	bl	8002f08 <__adddf3>
 8000b8e:	b007      	add	sp, #28
 8000b90:	e8bd 8ff0 	ldmia.w	sp!, {r4, r5, r6, r7, r8, r9, sl, fp, pc}
 8000b94:	f5a7 23c2 	sub.w	r3, r7, #397312	; 0x61000
 8000b98:	f2a3 437a 	subw	r3, r3, #1146	; 0x47a
 8000b9c:	9301      	str	r3, [sp, #4]
 8000b9e:	2200      	movs	r2, #0
 8000ba0:	f04f 4380 	mov.w	r3, #1073741824	; 0x40000000
 8000ba4:	f002 f9b0 	bl	8002f08 <__adddf3>
 8000ba8:	4602      	mov	r2, r0
 8000baa:	460b      	mov	r3, r1
 8000bac:	4650      	mov	r0, sl
 8000bae:	4659      	mov	r1, fp
 8000bb0:	f002 fc8a 	bl	80034c8 <__aeabi_ddiv>
 8000bb4:	4604      	mov	r4, r0
 8000bb6:	4630      	mov	r0, r6
 8000bb8:	460d      	mov	r5, r1
 8000bba:	f002 faf1 	bl	80031a0 <__aeabi_i2d>
 8000bbe:	4622      	mov	r2, r4
 8000bc0:	e9cd 0104 	strd	r0, r1, [sp, #16]
 8000bc4:	462b      	mov	r3, r5
 8000bc6:	4620      	mov	r0, r4
 8000bc8:	4629      	mov	r1, r5
 8000bca:	e9cd 4502 	strd	r4, r5, [sp, #8]
 8000bce:	f002 fb51 	bl	8003274 <__aeabi_dmul>
 8000bd2:	4602      	mov	r2, r0
 8000bd4:	460b      	mov	r3, r1
 8000bd6:	4680      	mov	r8, r0
 8000bd8:	4689      	mov	r9, r1
 8000bda:	f002 fb4b 	bl	8003274 <__aeabi_dmul>
 8000bde:	a386      	add	r3, pc, #536	; (adr r3, 8000df8 <__ieee754_log+0x340>)
 8000be0:	e9d3 2300 	ldrd	r2, r3, [r3]
 8000be4:	4604      	mov	r4, r0
 8000be6:	460d      	mov	r5, r1
 8000be8:	f002 fb44 	bl	8003274 <__aeabi_dmul>
 8000bec:	a384      	add	r3, pc, #528	; (adr r3, 8000e00 <__ieee754_log+0x348>)
 8000bee:	e9d3 2300 	ldrd	r2, r3, [r3]
 8000bf2:	f002 f989 	bl	8002f08 <__adddf3>
 8000bf6:	4622      	mov	r2, r4
 8000bf8:	462b      	mov	r3, r5
 8000bfa:	f002 fb3b 	bl	8003274 <__aeabi_dmul>
 8000bfe:	a382      	add	r3, pc, #520	; (adr r3, 8000e08 <__ieee754_log+0x350>)
 8000c00:	e9d3 2300 	ldrd	r2, r3, [r3]
 8000c04:	f002 f980 	bl	8002f08 <__adddf3>
 8000c08:	4622      	mov	r2, r4
 8000c0a:	462b      	mov	r3, r5
 8000c0c:	f002 fb32 	bl	8003274 <__aeabi_dmul>
 8000c10:	a37f      	add	r3, pc, #508	; (adr r3, 8000e10 <__ieee754_log+0x358>)
 8000c12:	e9d3 2300 	ldrd	r2, r3, [r3]
 8000c16:	f002 f977 	bl	8002f08 <__adddf3>
 8000c1a:	4642      	mov	r2, r8
 8000c1c:	464b      	mov	r3, r9
 8000c1e:	f002 fb29 	bl	8003274 <__aeabi_dmul>
 8000c22:	a37d      	add	r3, pc, #500	; (adr r3, 8000e18 <__ieee754_log+0x360>)
 8000c24:	e9d3 2300 	ldrd	r2, r3, [r3]
 8000c28:	4680      	mov	r8, r0
 8000c2a:	4689      	mov	r9, r1
 8000c2c:	4620      	mov	r0, r4
 8000c2e:	4629      	mov	r1, r5
 8000c30:	f002 fb20 	bl	8003274 <__aeabi_dmul>
 8000c34:	a37a      	add	r3, pc, #488	; (adr r3, 8000e20 <__ieee754_log+0x368>)
 8000c36:	e9d3 2300 	ldrd	r2, r3, [r3]
 8000c3a:	f002 f965 	bl	8002f08 <__adddf3>
 8000c3e:	4622      	mov	r2, r4
 8000c40:	462b      	mov	r3, r5
 8000c42:	f002 fb17 	bl	8003274 <__aeabi_dmul>
 8000c46:	a378      	add	r3, pc, #480	; (adr r3, 8000e28 <__ieee754_log+0x370>)
 8000c48:	e9d3 2300 	ldrd	r2, r3, [r3]
 8000c4c:	f002 f95c 	bl	8002f08 <__adddf3>
 8000c50:	4622      	mov	r2, r4
 8000c52:	462b      	mov	r3, r5
 8000c54:	f002 fb0e 	bl	8003274 <__aeabi_dmul>
 8000c58:	460b      	mov	r3, r1
 8000c5a:	4602      	mov	r2, r0
 8000c5c:	4649      	mov	r1, r9
 8000c5e:	4640      	mov	r0, r8
 8000c60:	f002 f952 	bl	8002f08 <__adddf3>
 8000c64:	f5c7 27d7 	rsb	r7, r7, #440320	; 0x6b800
 8000c68:	9b01      	ldr	r3, [sp, #4]
 8000c6a:	3751      	adds	r7, #81	; 0x51
 8000c6c:	431f      	orrs	r7, r3
 8000c6e:	2f00      	cmp	r7, #0
 8000c70:	4680      	mov	r8, r0
 8000c72:	4689      	mov	r9, r1
 8000c74:	dd55      	ble.n	8000d22 <__ieee754_log+0x26a>
 8000c76:	4b73      	ldr	r3, [pc, #460]	; (8000e44 <__ieee754_log+0x38c>)
 8000c78:	2200      	movs	r2, #0
 8000c7a:	4650      	mov	r0, sl
 8000c7c:	4659      	mov	r1, fp
 8000c7e:	f002 faf9 	bl	8003274 <__aeabi_dmul>
 8000c82:	4652      	mov	r2, sl
 8000c84:	465b      	mov	r3, fp
 8000c86:	f002 faf5 	bl	8003274 <__aeabi_dmul>
 8000c8a:	4604      	mov	r4, r0
 8000c8c:	460d      	mov	r5, r1
 8000c8e:	2e00      	cmp	r6, #0
 8000c90:	d15c      	bne.n	8000d4c <__ieee754_log+0x294>
 8000c92:	4622      	mov	r2, r4
 8000c94:	462b      	mov	r3, r5
 8000c96:	4640      	mov	r0, r8
 8000c98:	4649      	mov	r1, r9
 8000c9a:	f002 f935 	bl	8002f08 <__adddf3>
 8000c9e:	e9dd 2302 	ldrd	r2, r3, [sp, #8]
 8000ca2:	f002 fae7 	bl	8003274 <__aeabi_dmul>
 8000ca6:	4602      	mov	r2, r0
 8000ca8:	460b      	mov	r3, r1
 8000caa:	4620      	mov	r0, r4
 8000cac:	4629      	mov	r1, r5
 8000cae:	f002 f929 	bl	8002f04 <__aeabi_dsub>
 8000cb2:	4602      	mov	r2, r0
 8000cb4:	460b      	mov	r3, r1
 8000cb6:	4650      	mov	r0, sl
 8000cb8:	4659      	mov	r1, fp
 8000cba:	f002 f923 	bl	8002f04 <__aeabi_dsub>
 8000cbe:	b007      	add	sp, #28
 8000cc0:	e8bd 8ff0 	ldmia.w	sp!, {r4, r5, r6, r7, r8, r9, sl, fp, pc}
 8000cc4:	2200      	movs	r2, #0
 8000cc6:	2300      	movs	r3, #0
 8000cc8:	495f      	ldr	r1, [pc, #380]	; (8000e48 <__ieee754_log+0x390>)
 8000cca:	2000      	movs	r0, #0
 8000ccc:	f002 fbfc 	bl	80034c8 <__aeabi_ddiv>
 8000cd0:	b007      	add	sp, #28
 8000cd2:	e8bd 8ff0 	ldmia.w	sp!, {r4, r5, r6, r7, r8, r9, sl, fp, pc}
 8000cd6:	a356      	add	r3, pc, #344	; (adr r3, 8000e30 <__ieee754_log+0x378>)
 8000cd8:	e9d3 2300 	ldrd	r2, r3, [r3]
 8000cdc:	4650      	mov	r0, sl
 8000cde:	4659      	mov	r1, fp
 8000ce0:	f002 fac8 	bl	8003274 <__aeabi_dmul>
 8000ce4:	4602      	mov	r2, r0
 8000ce6:	460b      	mov	r3, r1
 8000ce8:	2000      	movs	r0, #0
 8000cea:	4956      	ldr	r1, [pc, #344]	; (8000e44 <__ieee754_log+0x38c>)
 8000cec:	f002 f90a 	bl	8002f04 <__aeabi_dsub>
 8000cf0:	4652      	mov	r2, sl
 8000cf2:	4604      	mov	r4, r0
 8000cf4:	460d      	mov	r5, r1
 8000cf6:	465b      	mov	r3, fp
 8000cf8:	4650      	mov	r0, sl
 8000cfa:	4659      	mov	r1, fp
 8000cfc:	f002 faba 	bl	8003274 <__aeabi_dmul>
 8000d00:	4602      	mov	r2, r0
 8000d02:	460b      	mov	r3, r1
 8000d04:	4620      	mov	r0, r4
 8000d06:	4629      	mov	r1, r5
 8000d08:	f002 fab4 	bl	8003274 <__aeabi_dmul>
 8000d0c:	4604      	mov	r4, r0
 8000d0e:	460d      	mov	r5, r1
 8000d10:	2e00      	cmp	r6, #0
 8000d12:	d150      	bne.n	8000db6 <__ieee754_log+0x2fe>
 8000d14:	4602      	mov	r2, r0
 8000d16:	460b      	mov	r3, r1
 8000d18:	4650      	mov	r0, sl
 8000d1a:	4659      	mov	r1, fp
 8000d1c:	f002 f8f2 	bl	8002f04 <__aeabi_dsub>
 8000d20:	e735      	b.n	8000b8e <__ieee754_log+0xd6>
 8000d22:	2e00      	cmp	r6, #0
 8000d24:	f040 8092 	bne.w	8000e4c <__ieee754_log+0x394>
 8000d28:	4602      	mov	r2, r0
 8000d2a:	460b      	mov	r3, r1
 8000d2c:	4650      	mov	r0, sl
 8000d2e:	4659      	mov	r1, fp
 8000d30:	f002 f8e8 	bl	8002f04 <__aeabi_dsub>
 8000d34:	e9dd 2302 	ldrd	r2, r3, [sp, #8]
 8000d38:	f002 fa9c 	bl	8003274 <__aeabi_dmul>
 8000d3c:	e7b9      	b.n	8000cb2 <__ieee754_log+0x1fa>
 8000d3e:	f002 f8e1 	bl	8002f04 <__aeabi_dsub>
 8000d42:	2200      	movs	r2, #0
 8000d44:	2300      	movs	r3, #0
 8000d46:	f002 fbbf 	bl	80034c8 <__aeabi_ddiv>
 8000d4a:	e720      	b.n	8000b8e <__ieee754_log+0xd6>
 8000d4c:	a326      	add	r3, pc, #152	; (adr r3, 8000de8 <__ieee754_log+0x330>)
 8000d4e:	e9d3 2300 	ldrd	r2, r3, [r3]
 8000d52:	e9dd 0104 	ldrd	r0, r1, [sp, #16]
 8000d56:	f002 fa8d 	bl	8003274 <__aeabi_dmul>
 8000d5a:	4622      	mov	r2, r4
 8000d5c:	462b      	mov	r3, r5
 8000d5e:	4606      	mov	r6, r0
 8000d60:	460f      	mov	r7, r1
 8000d62:	4640      	mov	r0, r8
 8000d64:	4649      	mov	r1, r9
 8000d66:	f002 f8cf 	bl	8002f08 <__adddf3>
 8000d6a:	e9dd 2302 	ldrd	r2, r3, [sp, #8]
 8000d6e:	f002 fa81 	bl	8003274 <__aeabi_dmul>
 8000d72:	a31f      	add	r3, pc, #124	; (adr r3, 8000df0 <__ieee754_log+0x338>)
 8000d74:	e9d3 2300 	ldrd	r2, r3, [r3]
 8000d78:	4680      	mov	r8, r0
 8000d7a:	4689      	mov	r9, r1
 8000d7c:	e9dd 0104 	ldrd	r0, r1, [sp, #16]
 8000d80:	f002 fa78 	bl	8003274 <__aeabi_dmul>
 8000d84:	4602      	mov	r2, r0
 8000d86:	460b      	mov	r3, r1
 8000d88:	4640      	mov	r0, r8
 8000d8a:	4649      	mov	r1, r9
 8000d8c:	f002 f8bc 	bl	8002f08 <__adddf3>
 8000d90:	4602      	mov	r2, r0
 8000d92:	460b      	mov	r3, r1
 8000d94:	4620      	mov	r0, r4
 8000d96:	4629      	mov	r1, r5
 8000d98:	f002 f8b4 	bl	8002f04 <__aeabi_dsub>
 8000d9c:	4652      	mov	r2, sl
 8000d9e:	465b      	mov	r3, fp
 8000da0:	f002 f8b0 	bl	8002f04 <__aeabi_dsub>
 8000da4:	4602      	mov	r2, r0
 8000da6:	460b      	mov	r3, r1
 8000da8:	4630      	mov	r0, r6
 8000daa:	4639      	mov	r1, r7
 8000dac:	f002 f8aa 	bl	8002f04 <__aeabi_dsub>
 8000db0:	b007      	add	sp, #28
 8000db2:	e8bd 8ff0 	ldmia.w	sp!, {r4, r5, r6, r7, r8, r9, sl, fp, pc}
 8000db6:	4630      	mov	r0, r6
 8000db8:	f002 f9f2 	bl	80031a0 <__aeabi_i2d>
 8000dbc:	a30a      	add	r3, pc, #40	; (adr r3, 8000de8 <__ieee754_log+0x330>)
 8000dbe:	e9d3 2300 	ldrd	r2, r3, [r3]
 8000dc2:	4680      	mov	r8, r0
 8000dc4:	4689      	mov	r9, r1
 8000dc6:	f002 fa55 	bl	8003274 <__aeabi_dmul>
 8000dca:	a309      	add	r3, pc, #36	; (adr r3, 8000df0 <__ieee754_log+0x338>)
 8000dcc:	e9d3 2300 	ldrd	r2, r3, [r3]
 8000dd0:	4606      	mov	r6, r0
 8000dd2:	460f      	mov	r7, r1
 8000dd4:	4640      	mov	r0, r8
 8000dd6:	4649      	mov	r1, r9
 8000dd8:	f002 fa4c 	bl	8003274 <__aeabi_dmul>
 8000ddc:	e7d8      	b.n	8000d90 <__ieee754_log+0x2d8>
 8000dde:	2000      	movs	r0, #0
 8000de0:	2100      	movs	r1, #0
 8000de2:	e6d4      	b.n	8000b8e <__ieee754_log+0xd6>
 8000de4:	f3af 8000 	nop.w
 8000de8:	fee00000 	.word	0xfee00000
 8000dec:	3fe62e42 	.word	0x3fe62e42
 8000df0:	35793c76 	.word	0x35793c76
 8000df4:	3dea39ef 	.word	0x3dea39ef
 8000df8:	df3e5244 	.word	0xdf3e5244
 8000dfc:	3fc2f112 	.word	0x3fc2f112
 8000e00:	96cb03de 	.word	0x96cb03de
 8000e04:	3fc74664 	.word	0x3fc74664
 8000e08:	94229359 	.word	0x94229359
 8000e0c:	3fd24924 	.word	0x3fd24924
 8000e10:	55555593 	.word	0x55555593
 8000e14:	3fe55555 	.word	0x3fe55555
 8000e18:	d078c69f 	.word	0xd078c69f
 8000e1c:	3fc39a09 	.word	0x3fc39a09
 8000e20:	1d8e78af 	.word	0x1d8e78af
 8000e24:	3fcc71c5 	.word	0x3fcc71c5
 8000e28:	9997fa04 	.word	0x9997fa04
 8000e2c:	3fd99999 	.word	0x3fd99999
 8000e30:	55555555 	.word	0x55555555
 8000e34:	3fd55555 	.word	0x3fd55555
 8000e38:	43500000 	.word	0x43500000
 8000e3c:	7fefffff 	.word	0x7fefffff
 8000e40:	3ff00000 	.word	0x3ff00000
 8000e44:	3fe00000 	.word	0x3fe00000
 8000e48:	c3500000 	.word	0xc3500000
 8000e4c:	a316      	add	r3, pc, #88	; (adr r3, 8000ea8 <__ieee754_log+0x3f0>)
 8000e4e:	e9d3 2300 	ldrd	r2, r3, [r3]
 8000e52:	e9dd 0104 	ldrd	r0, r1, [sp, #16]
 8000e56:	f002 fa0d 	bl	8003274 <__aeabi_dmul>
 8000e5a:	4642      	mov	r2, r8
 8000e5c:	464b      	mov	r3, r9
 8000e5e:	4604      	mov	r4, r0
 8000e60:	460d      	mov	r5, r1
 8000e62:	4650      	mov	r0, sl
 8000e64:	4659      	mov	r1, fp
 8000e66:	f002 f84d 	bl	8002f04 <__aeabi_dsub>
 8000e6a:	e9dd 2302 	ldrd	r2, r3, [sp, #8]
 8000e6e:	f002 fa01 	bl	8003274 <__aeabi_dmul>
 8000e72:	a30f      	add	r3, pc, #60	; (adr r3, 8000eb0 <__ieee754_log+0x3f8>)
 8000e74:	e9d3 2300 	ldrd	r2, r3, [r3]
 8000e78:	4606      	mov	r6, r0
 8000e7a:	460f      	mov	r7, r1
 8000e7c:	e9dd 0104 	ldrd	r0, r1, [sp, #16]
 8000e80:	f002 f9f8 	bl	8003274 <__aeabi_dmul>
 8000e84:	4602      	mov	r2, r0
 8000e86:	460b      	mov	r3, r1
 8000e88:	4630      	mov	r0, r6
 8000e8a:	4639      	mov	r1, r7
 8000e8c:	f002 f83a 	bl	8002f04 <__aeabi_dsub>
 8000e90:	4652      	mov	r2, sl
 8000e92:	465b      	mov	r3, fp
 8000e94:	f002 f836 	bl	8002f04 <__aeabi_dsub>
 8000e98:	4602      	mov	r2, r0
 8000e9a:	460b      	mov	r3, r1
 8000e9c:	4620      	mov	r0, r4
 8000e9e:	4629      	mov	r1, r5
 8000ea0:	f002 f830 	bl	8002f04 <__aeabi_dsub>
 8000ea4:	e673      	b.n	8000b8e <__ieee754_log+0xd6>
 8000ea6:	bf00      	nop
 8000ea8:	fee00000 	.word	0xfee00000
 8000eac:	3fe62e42 	.word	0x3fe62e42
 8000eb0:	35793c76 	.word	0x35793c76
 8000eb4:	3dea39ef 	.word	0x3dea39ef

08000eb8 <__ieee754_pow>:
 8000eb8:	e92d 4ff0 	stmdb	sp!, {r4, r5, r6, r7, r8, r9, sl, fp, lr}
 8000ebc:	4699      	mov	r9, r3
 8000ebe:	4690      	mov	r8, r2
 8000ec0:	f029 4500 	bic.w	r5, r9, #2147483648	; 0x80000000
 8000ec4:	461e      	mov	r6, r3
 8000ec6:	4613      	mov	r3, r2
 8000ec8:	ea55 0208 	orrs.w	r2, r5, r8
 8000ecc:	b093      	sub	sp, #76	; 0x4c
 8000ece:	d035      	beq.n	8000f3c <__ieee754_pow+0x84>
 8000ed0:	4a6b      	ldr	r2, [pc, #428]	; (8001080 <__ieee754_pow+0x1c8>)
 8000ed2:	9000      	str	r0, [sp, #0]
 8000ed4:	f021 4400 	bic.w	r4, r1, #2147483648	; 0x80000000
 8000ed8:	4294      	cmp	r4, r2
 8000eda:	4683      	mov	fp, r0
 8000edc:	468a      	mov	sl, r1
 8000ede:	460f      	mov	r7, r1
 8000ee0:	dc25      	bgt.n	8000f2e <__ieee754_pow+0x76>
 8000ee2:	d034      	beq.n	8000f4e <__ieee754_pow+0x96>
 8000ee4:	4295      	cmp	r5, r2
 8000ee6:	dc22      	bgt.n	8000f2e <__ieee754_pow+0x76>
 8000ee8:	4a65      	ldr	r2, [pc, #404]	; (8001080 <__ieee754_pow+0x1c8>)
 8000eea:	4295      	cmp	r5, r2
 8000eec:	d01d      	beq.n	8000f2a <__ieee754_pow+0x72>
 8000eee:	2f00      	cmp	r7, #0
 8000ef0:	db36      	blt.n	8000f60 <__ieee754_pow+0xa8>
 8000ef2:	2200      	movs	r2, #0
 8000ef4:	9202      	str	r2, [sp, #8]
 8000ef6:	2b00      	cmp	r3, #0
 8000ef8:	d14c      	bne.n	8000f94 <__ieee754_pow+0xdc>
 8000efa:	4b61      	ldr	r3, [pc, #388]	; (8001080 <__ieee754_pow+0x1c8>)
 8000efc:	429d      	cmp	r5, r3
 8000efe:	f000 8097 	beq.w	8001030 <__ieee754_pow+0x178>
 8000f02:	4b60      	ldr	r3, [pc, #384]	; (8001084 <__ieee754_pow+0x1cc>)
 8000f04:	429d      	cmp	r5, r3
 8000f06:	f000 80a5 	beq.w	8001054 <__ieee754_pow+0x19c>
 8000f0a:	f1b6 4f80 	cmp.w	r6, #1073741824	; 0x40000000
 8000f0e:	f000 84af 	beq.w	8001870 <__ieee754_pow+0x9b8>
 8000f12:	4b5d      	ldr	r3, [pc, #372]	; (8001088 <__ieee754_pow+0x1d0>)
 8000f14:	429e      	cmp	r6, r3
 8000f16:	d13d      	bne.n	8000f94 <__ieee754_pow+0xdc>
 8000f18:	2f00      	cmp	r7, #0
 8000f1a:	db3b      	blt.n	8000f94 <__ieee754_pow+0xdc>
 8000f1c:	4658      	mov	r0, fp
 8000f1e:	4651      	mov	r1, sl
 8000f20:	b013      	add	sp, #76	; 0x4c
 8000f22:	e8bd 4ff0 	ldmia.w	sp!, {r4, r5, r6, r7, r8, r9, sl, fp, lr}
 8000f26:	f000 bf65 	b.w	8001df4 <__ieee754_sqrt>
 8000f2a:	2b00      	cmp	r3, #0
 8000f2c:	d0df      	beq.n	8000eee <__ieee754_pow+0x36>
 8000f2e:	9b00      	ldr	r3, [sp, #0]
 8000f30:	f104 4440 	add.w	r4, r4, #3221225472	; 0xc0000000
 8000f34:	f504 1480 	add.w	r4, r4, #1048576	; 0x100000
 8000f38:	4323      	orrs	r3, r4
 8000f3a:	d10b      	bne.n	8000f54 <__ieee754_pow+0x9c>
 8000f3c:	4c51      	ldr	r4, [pc, #324]	; (8001084 <__ieee754_pow+0x1cc>)
 8000f3e:	2300      	movs	r3, #0
 8000f40:	e9cd 3400 	strd	r3, r4, [sp]
 8000f44:	e9dd 0100 	ldrd	r0, r1, [sp]
 8000f48:	b013      	add	sp, #76	; 0x4c
 8000f4a:	e8bd 8ff0 	ldmia.w	sp!, {r4, r5, r6, r7, r8, r9, sl, fp, pc}
 8000f4e:	b908      	cbnz	r0, 8000f54 <__ieee754_pow+0x9c>
 8000f50:	42a5      	cmp	r5, r4
 8000f52:	ddc9      	ble.n	8000ee8 <__ieee754_pow+0x30>
 8000f54:	484d      	ldr	r0, [pc, #308]	; (800108c <__ieee754_pow+0x1d4>)
 8000f56:	b013      	add	sp, #76	; 0x4c
 8000f58:	e8bd 4ff0 	ldmia.w	sp!, {r4, r5, r6, r7, r8, r9, sl, fp, lr}
 8000f5c:	f001 beb0 	b.w	8002cc0 <nan>
 8000f60:	4a4b      	ldr	r2, [pc, #300]	; (8001090 <__ieee754_pow+0x1d8>)
 8000f62:	4295      	cmp	r5, r2
 8000f64:	dc7e      	bgt.n	8001064 <__ieee754_pow+0x1ac>
 8000f66:	f1a2 7254 	sub.w	r2, r2, #55574528	; 0x3500000
 8000f6a:	4295      	cmp	r5, r2
 8000f6c:	dd0e      	ble.n	8000f8c <__ieee754_pow+0xd4>
 8000f6e:	152a      	asrs	r2, r5, #20
 8000f70:	f2a2 32ff 	subw	r2, r2, #1023	; 0x3ff
 8000f74:	2a14      	cmp	r2, #20
 8000f76:	f340 8485 	ble.w	8001884 <__ieee754_pow+0x9cc>
 8000f7a:	f1c2 0234 	rsb	r2, r2, #52	; 0x34
 8000f7e:	fa23 f102 	lsr.w	r1, r3, r2
 8000f82:	fa01 f202 	lsl.w	r2, r1, r2
 8000f86:	429a      	cmp	r2, r3
 8000f88:	f000 84d2 	beq.w	8001930 <__ieee754_pow+0xa78>
 8000f8c:	2200      	movs	r2, #0
 8000f8e:	9202      	str	r2, [sp, #8]
 8000f90:	2b00      	cmp	r3, #0
 8000f92:	d0b6      	beq.n	8000f02 <__ieee754_pow+0x4a>
 8000f94:	4658      	mov	r0, fp
 8000f96:	4651      	mov	r1, sl
 8000f98:	f001 fe0c 	bl	8002bb4 <fabs>
 8000f9c:	465b      	mov	r3, fp
 8000f9e:	e9cd 0100 	strd	r0, r1, [sp]
 8000fa2:	bb33      	cbnz	r3, 8000ff2 <__ieee754_pow+0x13a>
 8000fa4:	b124      	cbz	r4, 8000fb0 <__ieee754_pow+0xf8>
 8000fa6:	4b37      	ldr	r3, [pc, #220]	; (8001084 <__ieee754_pow+0x1cc>)
 8000fa8:	f027 4240 	bic.w	r2, r7, #3221225472	; 0xc0000000
 8000fac:	429a      	cmp	r2, r3
 8000fae:	d120      	bne.n	8000ff2 <__ieee754_pow+0x13a>
 8000fb0:	2e00      	cmp	r6, #0
 8000fb2:	da07      	bge.n	8000fc4 <__ieee754_pow+0x10c>
 8000fb4:	e9dd 2300 	ldrd	r2, r3, [sp]
 8000fb8:	4932      	ldr	r1, [pc, #200]	; (8001084 <__ieee754_pow+0x1cc>)
 8000fba:	2000      	movs	r0, #0
 8000fbc:	f002 fa84 	bl	80034c8 <__aeabi_ddiv>
 8000fc0:	e9cd 0100 	strd	r0, r1, [sp]
 8000fc4:	2f00      	cmp	r7, #0
 8000fc6:	dabd      	bge.n	8000f44 <__ieee754_pow+0x8c>
 8000fc8:	9b02      	ldr	r3, [sp, #8]
 8000fca:	f104 4440 	add.w	r4, r4, #3221225472	; 0xc0000000
 8000fce:	f504 1480 	add.w	r4, r4, #1048576	; 0x100000
 8000fd2:	4323      	orrs	r3, r4
 8000fd4:	f040 847b 	bne.w	80018ce <__ieee754_pow+0xa16>
 8000fd8:	e9dd 2300 	ldrd	r2, r3, [sp]
 8000fdc:	4610      	mov	r0, r2
 8000fde:	4619      	mov	r1, r3
 8000fe0:	f001 ff90 	bl	8002f04 <__aeabi_dsub>
 8000fe4:	4602      	mov	r2, r0
 8000fe6:	460b      	mov	r3, r1
 8000fe8:	f002 fa6e 	bl	80034c8 <__aeabi_ddiv>
 8000fec:	e9cd 0100 	strd	r0, r1, [sp]
 8000ff0:	e7a8      	b.n	8000f44 <__ieee754_pow+0x8c>
 8000ff2:	9a02      	ldr	r2, [sp, #8]
 8000ff4:	0ffb      	lsrs	r3, r7, #31
 8000ff6:	3b01      	subs	r3, #1
 8000ff8:	930a      	str	r3, [sp, #40]	; 0x28
 8000ffa:	4313      	orrs	r3, r2
 8000ffc:	d035      	beq.n	800106a <__ieee754_pow+0x1b2>
 8000ffe:	4b25      	ldr	r3, [pc, #148]	; (8001094 <__ieee754_pow+0x1dc>)
 8001000:	429d      	cmp	r5, r3
 8001002:	dd4b      	ble.n	800109c <__ieee754_pow+0x1e4>
 8001004:	f103 7304 	add.w	r3, r3, #34603008	; 0x2100000
 8001008:	429d      	cmp	r5, r3
 800100a:	4b23      	ldr	r3, [pc, #140]	; (8001098 <__ieee754_pow+0x1e0>)
 800100c:	f340 83c0 	ble.w	8001790 <__ieee754_pow+0x8d8>
 8001010:	429c      	cmp	r4, r3
 8001012:	f340 8350 	ble.w	80016b6 <__ieee754_pow+0x7fe>
 8001016:	2e00      	cmp	r6, #0
 8001018:	f340 8350 	ble.w	80016bc <__ieee754_pow+0x804>
 800101c:	a316      	add	r3, pc, #88	; (adr r3, 8001078 <__ieee754_pow+0x1c0>)
 800101e:	e9d3 2300 	ldrd	r2, r3, [r3]
 8001022:	4610      	mov	r0, r2
 8001024:	4619      	mov	r1, r3
 8001026:	f002 f925 	bl	8003274 <__aeabi_dmul>
 800102a:	e9cd 0100 	strd	r0, r1, [sp]
 800102e:	e789      	b.n	8000f44 <__ieee754_pow+0x8c>
 8001030:	9a00      	ldr	r2, [sp, #0]
 8001032:	f104 4340 	add.w	r3, r4, #3221225472	; 0xc0000000
 8001036:	f503 1380 	add.w	r3, r3, #1048576	; 0x100000
 800103a:	4313      	orrs	r3, r2
 800103c:	f43f af7e 	beq.w	8000f3c <__ieee754_pow+0x84>
 8001040:	4b15      	ldr	r3, [pc, #84]	; (8001098 <__ieee754_pow+0x1e0>)
 8001042:	429c      	cmp	r4, r3
 8001044:	f340 8364 	ble.w	8001710 <__ieee754_pow+0x858>
 8001048:	2e00      	cmp	r6, #0
 800104a:	f2c0 8337 	blt.w	80016bc <__ieee754_pow+0x804>
 800104e:	e9cd 8900 	strd	r8, r9, [sp]
 8001052:	e777      	b.n	8000f44 <__ieee754_pow+0x8c>
 8001054:	2e00      	cmp	r6, #0
 8001056:	f2c0 8401 	blt.w	800185c <__ieee754_pow+0x9a4>
 800105a:	4658      	mov	r0, fp
 800105c:	4651      	mov	r1, sl
 800105e:	e9cd 0100 	strd	r0, r1, [sp]
 8001062:	e76f      	b.n	8000f44 <__ieee754_pow+0x8c>
 8001064:	2202      	movs	r2, #2
 8001066:	9202      	str	r2, [sp, #8]
 8001068:	e745      	b.n	8000ef6 <__ieee754_pow+0x3e>
 800106a:	465a      	mov	r2, fp
 800106c:	4658      	mov	r0, fp
 800106e:	4653      	mov	r3, sl
 8001070:	4651      	mov	r1, sl
 8001072:	e7b5      	b.n	8000fe0 <__ieee754_pow+0x128>
 8001074:	f3af 8000 	nop.w
 8001078:	8800759c 	.word	0x8800759c
 800107c:	7e37e43c 	.word	0x7e37e43c
 8001080:	7ff00000 	.word	0x7ff00000
 8001084:	3ff00000 	.word	0x3ff00000
 8001088:	3fe00000 	.word	0x3fe00000
 800108c:	08006550 	.word	0x08006550
 8001090:	433fffff 	.word	0x433fffff
 8001094:	41e00000 	.word	0x41e00000
 8001098:	3fefffff 	.word	0x3fefffff
 800109c:	4bd4      	ldr	r3, [pc, #848]	; (80013f0 <__ieee754_pow+0x538>)
 800109e:	403b      	ands	r3, r7
 80010a0:	2b00      	cmp	r3, #0
 80010a2:	f040 833d 	bne.w	8001720 <__ieee754_pow+0x868>
 80010a6:	e9dd 0100 	ldrd	r0, r1, [sp]
 80010aa:	4bd2      	ldr	r3, [pc, #840]	; (80013f4 <__ieee754_pow+0x53c>)
 80010ac:	2200      	movs	r2, #0
 80010ae:	f002 f8e1 	bl	8003274 <__aeabi_dmul>
 80010b2:	e9cd 0100 	strd	r0, r1, [sp]
 80010b6:	460c      	mov	r4, r1
 80010b8:	f06f 0534 	mvn.w	r5, #52	; 0x34
 80010bc:	1523      	asrs	r3, r4, #20
 80010be:	f2a3 33ff 	subw	r3, r3, #1023	; 0x3ff
 80010c2:	1959      	adds	r1, r3, r5
 80010c4:	4bcc      	ldr	r3, [pc, #816]	; (80013f8 <__ieee754_pow+0x540>)
 80010c6:	910b      	str	r1, [sp, #44]	; 0x2c
 80010c8:	f3c4 0213 	ubfx	r2, r4, #0, #20
 80010cc:	f042 547f 	orr.w	r4, r2, #1069547520	; 0x3fc00000
 80010d0:	429a      	cmp	r2, r3
 80010d2:	f444 1440 	orr.w	r4, r4, #3145728	; 0x300000
 80010d6:	dd07      	ble.n	80010e8 <__ieee754_pow+0x230>
 80010d8:	4bc8      	ldr	r3, [pc, #800]	; (80013fc <__ieee754_pow+0x544>)
 80010da:	429a      	cmp	r2, r3
 80010dc:	f340 8404 	ble.w	80018e8 <__ieee754_pow+0xa30>
 80010e0:	3101      	adds	r1, #1
 80010e2:	910b      	str	r1, [sp, #44]	; 0x2c
 80010e4:	f5a4 1480 	sub.w	r4, r4, #1048576	; 0x100000
 80010e8:	2200      	movs	r2, #0
 80010ea:	2300      	movs	r3, #0
 80010ec:	e9cd 2308 	strd	r2, r3, [sp, #32]
 80010f0:	e9cd 2310 	strd	r2, r3, [sp, #64]	; 0x40
 80010f4:	4bc2      	ldr	r3, [pc, #776]	; (8001400 <__ieee754_pow+0x548>)
 80010f6:	2200      	movs	r2, #0
 80010f8:	e9cd 2306 	strd	r2, r3, [sp, #24]
 80010fc:	2500      	movs	r5, #0
 80010fe:	e9dd 0100 	ldrd	r0, r1, [sp]
 8001102:	e9dd 2306 	ldrd	r2, r3, [sp, #24]
 8001106:	4621      	mov	r1, r4
 8001108:	4682      	mov	sl, r0
 800110a:	f001 fefb 	bl	8002f04 <__aeabi_dsub>
 800110e:	46a3      	mov	fp, r4
 8001110:	e9dd 2306 	ldrd	r2, r3, [sp, #24]
 8001114:	4606      	mov	r6, r0
 8001116:	460f      	mov	r7, r1
 8001118:	4650      	mov	r0, sl
 800111a:	4621      	mov	r1, r4
 800111c:	e9cd ab0c 	strd	sl, fp, [sp, #48]	; 0x30
 8001120:	f001 fef2 	bl	8002f08 <__adddf3>
 8001124:	4602      	mov	r2, r0
 8001126:	460b      	mov	r3, r1
 8001128:	2000      	movs	r0, #0
 800112a:	49b5      	ldr	r1, [pc, #724]	; (8001400 <__ieee754_pow+0x548>)
 800112c:	f002 f9cc 	bl	80034c8 <__aeabi_ddiv>
 8001130:	460a      	mov	r2, r1
 8001132:	4601      	mov	r1, r0
 8001134:	e9cd 120e 	strd	r1, r2, [sp, #56]	; 0x38
 8001138:	4613      	mov	r3, r2
 800113a:	4639      	mov	r1, r7
 800113c:	4602      	mov	r2, r0
 800113e:	4630      	mov	r0, r6
 8001140:	f002 f898 	bl	8003274 <__aeabi_dmul>
 8001144:	460a      	mov	r2, r1
 8001146:	4683      	mov	fp, r0
 8001148:	4694      	mov	ip, r2
 800114a:	e9cd bc00 	strd	fp, ip, [sp]
 800114e:	f04f 0c00 	mov.w	ip, #0
 8001152:	f8cd c000 	str.w	ip, [sp]
 8001156:	1064      	asrs	r4, r4, #1
 8001158:	e9dd ab00 	ldrd	sl, fp, [sp]
 800115c:	f044 5400 	orr.w	r4, r4, #536870912	; 0x20000000
 8001160:	4601      	mov	r1, r0
 8001162:	f504 2300 	add.w	r3, r4, #524288	; 0x80000
 8001166:	e9cd 1204 	strd	r1, r2, [sp, #16]
 800116a:	2000      	movs	r0, #0
 800116c:	1959      	adds	r1, r3, r5
 800116e:	4604      	mov	r4, r0
 8001170:	460d      	mov	r5, r1
 8001172:	4602      	mov	r2, r0
 8001174:	460b      	mov	r3, r1
 8001176:	4650      	mov	r0, sl
 8001178:	4659      	mov	r1, fp
 800117a:	f002 f87b 	bl	8003274 <__aeabi_dmul>
 800117e:	4602      	mov	r2, r0
 8001180:	460b      	mov	r3, r1
 8001182:	4630      	mov	r0, r6
 8001184:	4639      	mov	r1, r7
 8001186:	f001 febd 	bl	8002f04 <__aeabi_dsub>
 800118a:	e9dd 2306 	ldrd	r2, r3, [sp, #24]
 800118e:	4606      	mov	r6, r0
 8001190:	460f      	mov	r7, r1
 8001192:	4620      	mov	r0, r4
 8001194:	4629      	mov	r1, r5
 8001196:	f001 feb5 	bl	8002f04 <__aeabi_dsub>
 800119a:	4602      	mov	r2, r0
 800119c:	460b      	mov	r3, r1
 800119e:	e9dd 010c 	ldrd	r0, r1, [sp, #48]	; 0x30
 80011a2:	f001 feaf 	bl	8002f04 <__aeabi_dsub>
 80011a6:	4652      	mov	r2, sl
 80011a8:	465b      	mov	r3, fp
 80011aa:	f002 f863 	bl	8003274 <__aeabi_dmul>
 80011ae:	4602      	mov	r2, r0
 80011b0:	460b      	mov	r3, r1
 80011b2:	4630      	mov	r0, r6
 80011b4:	4639      	mov	r1, r7
 80011b6:	f001 fea5 	bl	8002f04 <__aeabi_dsub>
 80011ba:	e9dd 230e 	ldrd	r2, r3, [sp, #56]	; 0x38
 80011be:	f002 f859 	bl	8003274 <__aeabi_dmul>
 80011c2:	e9dd 4504 	ldrd	r4, r5, [sp, #16]
 80011c6:	e9cd 0106 	strd	r0, r1, [sp, #24]
 80011ca:	4622      	mov	r2, r4
 80011cc:	462b      	mov	r3, r5
 80011ce:	4620      	mov	r0, r4
 80011d0:	4629      	mov	r1, r5
 80011d2:	f002 f84f 	bl	8003274 <__aeabi_dmul>
 80011d6:	a374      	add	r3, pc, #464	; (adr r3, 80013a8 <__ieee754_pow+0x4f0>)
 80011d8:	e9d3 2300 	ldrd	r2, r3, [r3]
 80011dc:	4604      	mov	r4, r0
 80011de:	460d      	mov	r5, r1
 80011e0:	f002 f848 	bl	8003274 <__aeabi_dmul>
 80011e4:	a372      	add	r3, pc, #456	; (adr r3, 80013b0 <__ieee754_pow+0x4f8>)
 80011e6:	e9d3 2300 	ldrd	r2, r3, [r3]
 80011ea:	f001 fe8d 	bl	8002f08 <__adddf3>
 80011ee:	4622      	mov	r2, r4
 80011f0:	462b      	mov	r3, r5
 80011f2:	f002 f83f 	bl	8003274 <__aeabi_dmul>
 80011f6:	a370      	add	r3, pc, #448	; (adr r3, 80013b8 <__ieee754_pow+0x500>)
 80011f8:	e9d3 2300 	ldrd	r2, r3, [r3]
 80011fc:	f001 fe84 	bl	8002f08 <__adddf3>
 8001200:	4622      	mov	r2, r4
 8001202:	462b      	mov	r3, r5
 8001204:	f002 f836 	bl	8003274 <__aeabi_dmul>
 8001208:	a36d      	add	r3, pc, #436	; (adr r3, 80013c0 <__ieee754_pow+0x508>)
 800120a:	e9d3 2300 	ldrd	r2, r3, [r3]
 800120e:	f001 fe7b 	bl	8002f08 <__adddf3>
 8001212:	4622      	mov	r2, r4
 8001214:	462b      	mov	r3, r5
 8001216:	f002 f82d 	bl	8003274 <__aeabi_dmul>
 800121a:	a36b      	add	r3, pc, #428	; (adr r3, 80013c8 <__ieee754_pow+0x510>)
 800121c:	e9d3 2300 	ldrd	r2, r3, [r3]
 8001220:	f001 fe72 	bl	8002f08 <__adddf3>
 8001224:	4622      	mov	r2, r4
 8001226:	462b      	mov	r3, r5
 8001228:	f002 f824 	bl	8003274 <__aeabi_dmul>
 800122c:	a368      	add	r3, pc, #416	; (adr r3, 80013d0 <__ieee754_pow+0x518>)
 800122e:	e9d3 2300 	ldrd	r2, r3, [r3]
 8001232:	f001 fe69 	bl	8002f08 <__adddf3>
 8001236:	4622      	mov	r2, r4
 8001238:	4606      	mov	r6, r0
 800123a:	460f      	mov	r7, r1
 800123c:	462b      	mov	r3, r5
 800123e:	4620      	mov	r0, r4
 8001240:	4629      	mov	r1, r5
 8001242:	f002 f817 	bl	8003274 <__aeabi_dmul>
 8001246:	4602      	mov	r2, r0
 8001248:	460b      	mov	r3, r1
 800124a:	4630      	mov	r0, r6
 800124c:	4639      	mov	r1, r7
 800124e:	f002 f811 	bl	8003274 <__aeabi_dmul>
 8001252:	4652      	mov	r2, sl
 8001254:	4604      	mov	r4, r0
 8001256:	460d      	mov	r5, r1
 8001258:	465b      	mov	r3, fp
 800125a:	e9dd 0104 	ldrd	r0, r1, [sp, #16]
 800125e:	f001 fe53 	bl	8002f08 <__adddf3>
 8001262:	e9dd 2306 	ldrd	r2, r3, [sp, #24]
 8001266:	f002 f805 	bl	8003274 <__aeabi_dmul>
 800126a:	4622      	mov	r2, r4
 800126c:	462b      	mov	r3, r5
 800126e:	f001 fe4b 	bl	8002f08 <__adddf3>
 8001272:	4652      	mov	r2, sl
 8001274:	4606      	mov	r6, r0
 8001276:	460f      	mov	r7, r1
 8001278:	465b      	mov	r3, fp
 800127a:	4650      	mov	r0, sl
 800127c:	4659      	mov	r1, fp
 800127e:	f001 fff9 	bl	8003274 <__aeabi_dmul>
 8001282:	4602      	mov	r2, r0
 8001284:	460b      	mov	r3, r1
 8001286:	e9cd 230c 	strd	r2, r3, [sp, #48]	; 0x30
 800128a:	4b5e      	ldr	r3, [pc, #376]	; (8001404 <__ieee754_pow+0x54c>)
 800128c:	2200      	movs	r2, #0
 800128e:	f001 fe3b 	bl	8002f08 <__adddf3>
 8001292:	4632      	mov	r2, r6
 8001294:	463b      	mov	r3, r7
 8001296:	f001 fe37 	bl	8002f08 <__adddf3>
 800129a:	2400      	movs	r4, #0
 800129c:	460d      	mov	r5, r1
 800129e:	4622      	mov	r2, r4
 80012a0:	462b      	mov	r3, r5
 80012a2:	4650      	mov	r0, sl
 80012a4:	4659      	mov	r1, fp
 80012a6:	f001 ffe5 	bl	8003274 <__aeabi_dmul>
 80012aa:	4b56      	ldr	r3, [pc, #344]	; (8001404 <__ieee754_pow+0x54c>)
 80012ac:	4682      	mov	sl, r0
 80012ae:	468b      	mov	fp, r1
 80012b0:	2200      	movs	r2, #0
 80012b2:	4620      	mov	r0, r4
 80012b4:	4629      	mov	r1, r5
 80012b6:	f001 fe25 	bl	8002f04 <__aeabi_dsub>
 80012ba:	e9dd 230c 	ldrd	r2, r3, [sp, #48]	; 0x30
 80012be:	f001 fe21 	bl	8002f04 <__aeabi_dsub>
 80012c2:	4602      	mov	r2, r0
 80012c4:	460b      	mov	r3, r1
 80012c6:	4630      	mov	r0, r6
 80012c8:	4639      	mov	r1, r7
 80012ca:	f001 fe1b 	bl	8002f04 <__aeabi_dsub>
 80012ce:	e9dd 2304 	ldrd	r2, r3, [sp, #16]
 80012d2:	f001 ffcf 	bl	8003274 <__aeabi_dmul>
 80012d6:	4622      	mov	r2, r4
 80012d8:	4606      	mov	r6, r0
 80012da:	460f      	mov	r7, r1
 80012dc:	462b      	mov	r3, r5
 80012de:	e9dd 0106 	ldrd	r0, r1, [sp, #24]
 80012e2:	f001 ffc7 	bl	8003274 <__aeabi_dmul>
 80012e6:	4602      	mov	r2, r0
 80012e8:	460b      	mov	r3, r1
 80012ea:	4630      	mov	r0, r6
 80012ec:	4639      	mov	r1, r7
 80012ee:	f001 fe0b 	bl	8002f08 <__adddf3>
 80012f2:	4606      	mov	r6, r0
 80012f4:	460f      	mov	r7, r1
 80012f6:	4602      	mov	r2, r0
 80012f8:	460b      	mov	r3, r1
 80012fa:	4650      	mov	r0, sl
 80012fc:	4659      	mov	r1, fp
 80012fe:	f001 fe03 	bl	8002f08 <__adddf3>
 8001302:	2400      	movs	r4, #0
 8001304:	a334      	add	r3, pc, #208	; (adr r3, 80013d8 <__ieee754_pow+0x520>)
 8001306:	e9d3 2300 	ldrd	r2, r3, [r3]
 800130a:	4620      	mov	r0, r4
 800130c:	460d      	mov	r5, r1
 800130e:	f001 ffb1 	bl	8003274 <__aeabi_dmul>
 8001312:	4652      	mov	r2, sl
 8001314:	465b      	mov	r3, fp
 8001316:	4682      	mov	sl, r0
 8001318:	468b      	mov	fp, r1
 800131a:	4620      	mov	r0, r4
 800131c:	4629      	mov	r1, r5
 800131e:	f001 fdf1 	bl	8002f04 <__aeabi_dsub>
 8001322:	4602      	mov	r2, r0
 8001324:	460b      	mov	r3, r1
 8001326:	4630      	mov	r0, r6
 8001328:	4639      	mov	r1, r7
 800132a:	f001 fdeb 	bl	8002f04 <__aeabi_dsub>
 800132e:	a32c      	add	r3, pc, #176	; (adr r3, 80013e0 <__ieee754_pow+0x528>)
 8001330:	e9d3 2300 	ldrd	r2, r3, [r3]
 8001334:	f001 ff9e 	bl	8003274 <__aeabi_dmul>
 8001338:	a32b      	add	r3, pc, #172	; (adr r3, 80013e8 <__ieee754_pow+0x530>)
 800133a:	e9d3 2300 	ldrd	r2, r3, [r3]
 800133e:	4606      	mov	r6, r0
 8001340:	460f      	mov	r7, r1
 8001342:	4620      	mov	r0, r4
 8001344:	4629      	mov	r1, r5
 8001346:	f001 ff95 	bl	8003274 <__aeabi_dmul>
 800134a:	4602      	mov	r2, r0
 800134c:	460b      	mov	r3, r1
 800134e:	4630      	mov	r0, r6
 8001350:	4639      	mov	r1, r7
 8001352:	f001 fdd9 	bl	8002f08 <__adddf3>
 8001356:	e9dd 2310 	ldrd	r2, r3, [sp, #64]	; 0x40
 800135a:	f001 fdd5 	bl	8002f08 <__adddf3>
 800135e:	4604      	mov	r4, r0
 8001360:	980b      	ldr	r0, [sp, #44]	; 0x2c
 8001362:	460d      	mov	r5, r1
 8001364:	f001 ff1c 	bl	80031a0 <__aeabi_i2d>
 8001368:	4622      	mov	r2, r4
 800136a:	4606      	mov	r6, r0
 800136c:	460f      	mov	r7, r1
 800136e:	462b      	mov	r3, r5
 8001370:	4650      	mov	r0, sl
 8001372:	4659      	mov	r1, fp
 8001374:	e9cd 4504 	strd	r4, r5, [sp, #16]
 8001378:	f001 fdc6 	bl	8002f08 <__adddf3>
 800137c:	e9dd 2308 	ldrd	r2, r3, [sp, #32]
 8001380:	f001 fdc2 	bl	8002f08 <__adddf3>
 8001384:	4632      	mov	r2, r6
 8001386:	463b      	mov	r3, r7
 8001388:	f001 fdbe 	bl	8002f08 <__adddf3>
 800138c:	2400      	movs	r4, #0
 800138e:	4632      	mov	r2, r6
 8001390:	463b      	mov	r3, r7
 8001392:	4620      	mov	r0, r4
 8001394:	460d      	mov	r5, r1
 8001396:	f001 fdb5 	bl	8002f04 <__aeabi_dsub>
 800139a:	e9dd 2308 	ldrd	r2, r3, [sp, #32]
 800139e:	f001 fdb1 	bl	8002f04 <__aeabi_dsub>
 80013a2:	4652      	mov	r2, sl
 80013a4:	465b      	mov	r3, fp
 80013a6:	e02f      	b.n	8001408 <__ieee754_pow+0x550>
 80013a8:	4a454eef 	.word	0x4a454eef
 80013ac:	3fca7e28 	.word	0x3fca7e28
 80013b0:	93c9db65 	.word	0x93c9db65
 80013b4:	3fcd864a 	.word	0x3fcd864a
 80013b8:	a91d4101 	.word	0xa91d4101
 80013bc:	3fd17460 	.word	0x3fd17460
 80013c0:	518f264d 	.word	0x518f264d
 80013c4:	3fd55555 	.word	0x3fd55555
 80013c8:	db6fabff 	.word	0xdb6fabff
 80013cc:	3fdb6db6 	.word	0x3fdb6db6
 80013d0:	33333303 	.word	0x33333303
 80013d4:	3fe33333 	.word	0x3fe33333
 80013d8:	e0000000 	.word	0xe0000000
 80013dc:	3feec709 	.word	0x3feec709
 80013e0:	dc3a03fd 	.word	0xdc3a03fd
 80013e4:	3feec709 	.word	0x3feec709
 80013e8:	145b01f5 	.word	0x145b01f5
 80013ec:	be3e2fe0 	.word	0xbe3e2fe0
 80013f0:	7ff00000 	.word	0x7ff00000
 80013f4:	43400000 	.word	0x43400000
 80013f8:	0003988e 	.word	0x0003988e
 80013fc:	000bb679 	.word	0x000bb679
 8001400:	3ff00000 	.word	0x3ff00000
 8001404:	40080000 	.word	0x40080000
 8001408:	f001 fd7c 	bl	8002f04 <__aeabi_dsub>
 800140c:	4602      	mov	r2, r0
 800140e:	460b      	mov	r3, r1
 8001410:	e9dd 0104 	ldrd	r0, r1, [sp, #16]
 8001414:	f001 fd76 	bl	8002f04 <__aeabi_dsub>
 8001418:	e9cd 0104 	strd	r0, r1, [sp, #16]
 800141c:	9b02      	ldr	r3, [sp, #8]
 800141e:	9a0a      	ldr	r2, [sp, #40]	; 0x28
 8001420:	3b01      	subs	r3, #1
 8001422:	4313      	orrs	r3, r2
 8001424:	bf0c      	ite	eq
 8001426:	4bd4      	ldreq	r3, [pc, #848]	; (8001778 <__ieee754_pow+0x8c0>)
 8001428:	4bd4      	ldrne	r3, [pc, #848]	; (800177c <__ieee754_pow+0x8c4>)
 800142a:	2200      	movs	r2, #0
 800142c:	e9cd 2302 	strd	r2, r3, [sp, #8]
 8001430:	2300      	movs	r3, #0
 8001432:	e9cd 8900 	strd	r8, r9, [sp]
 8001436:	9300      	str	r3, [sp, #0]
 8001438:	e9dd ab00 	ldrd	sl, fp, [sp]
 800143c:	4640      	mov	r0, r8
 800143e:	4652      	mov	r2, sl
 8001440:	465b      	mov	r3, fp
 8001442:	4649      	mov	r1, r9
 8001444:	f001 fd5e 	bl	8002f04 <__aeabi_dsub>
 8001448:	4622      	mov	r2, r4
 800144a:	462b      	mov	r3, r5
 800144c:	f001 ff12 	bl	8003274 <__aeabi_dmul>
 8001450:	4642      	mov	r2, r8
 8001452:	4606      	mov	r6, r0
 8001454:	460f      	mov	r7, r1
 8001456:	464b      	mov	r3, r9
 8001458:	e9dd 0104 	ldrd	r0, r1, [sp, #16]
 800145c:	f001 ff0a 	bl	8003274 <__aeabi_dmul>
 8001460:	4602      	mov	r2, r0
 8001462:	460b      	mov	r3, r1
 8001464:	4630      	mov	r0, r6
 8001466:	4639      	mov	r1, r7
 8001468:	f001 fd4e 	bl	8002f08 <__adddf3>
 800146c:	4652      	mov	r2, sl
 800146e:	4606      	mov	r6, r0
 8001470:	460f      	mov	r7, r1
 8001472:	465b      	mov	r3, fp
 8001474:	4620      	mov	r0, r4
 8001476:	4629      	mov	r1, r5
 8001478:	f001 fefc 	bl	8003274 <__aeabi_dmul>
 800147c:	460b      	mov	r3, r1
 800147e:	4602      	mov	r2, r0
 8001480:	4604      	mov	r4, r0
 8001482:	460d      	mov	r5, r1
 8001484:	4630      	mov	r0, r6
 8001486:	4639      	mov	r1, r7
 8001488:	f001 fd3e 	bl	8002f08 <__adddf3>
 800148c:	4bbc      	ldr	r3, [pc, #752]	; (8001780 <__ieee754_pow+0x8c8>)
 800148e:	4299      	cmp	r1, r3
 8001490:	4680      	mov	r8, r0
 8001492:	4689      	mov	r9, r1
 8001494:	468a      	mov	sl, r1
 8001496:	f340 8116 	ble.w	80016c6 <__ieee754_pow+0x80e>
 800149a:	f101 433f 	add.w	r3, r1, #3204448256	; 0xbf000000
 800149e:	f503 03e0 	add.w	r3, r3, #7340032	; 0x700000
 80014a2:	4303      	orrs	r3, r0
 80014a4:	f040 8203 	bne.w	80018ae <__ieee754_pow+0x9f6>
 80014a8:	a39f      	add	r3, pc, #636	; (adr r3, 8001728 <__ieee754_pow+0x870>)
 80014aa:	e9d3 2300 	ldrd	r2, r3, [r3]
 80014ae:	4630      	mov	r0, r6
 80014b0:	4639      	mov	r1, r7
 80014b2:	f001 fd29 	bl	8002f08 <__adddf3>
 80014b6:	4622      	mov	r2, r4
 80014b8:	e9cd 0100 	strd	r0, r1, [sp]
 80014bc:	462b      	mov	r3, r5
 80014be:	4640      	mov	r0, r8
 80014c0:	4649      	mov	r1, r9
 80014c2:	f001 fd1f 	bl	8002f04 <__aeabi_dsub>
 80014c6:	4602      	mov	r2, r0
 80014c8:	460b      	mov	r3, r1
 80014ca:	e9dd 0100 	ldrd	r0, r1, [sp]
 80014ce:	f002 f961 	bl	8003794 <__aeabi_dcmpgt>
 80014d2:	2800      	cmp	r0, #0
 80014d4:	f040 81eb 	bne.w	80018ae <__ieee754_pow+0x9f6>
 80014d8:	f3ca 530a 	ubfx	r3, sl, #20, #11
 80014dc:	f44f 1280 	mov.w	r2, #1048576	; 0x100000
 80014e0:	f2a3 33fe 	subw	r3, r3, #1022	; 0x3fe
 80014e4:	fa42 f303 	asr.w	r3, r2, r3
 80014e8:	4453      	add	r3, sl
 80014ea:	49a6      	ldr	r1, [pc, #664]	; (8001784 <__ieee754_pow+0x8cc>)
 80014ec:	f3c3 520a 	ubfx	r2, r3, #20, #11
 80014f0:	f2a2 32ff 	subw	r2, r2, #1023	; 0x3ff
 80014f4:	fa41 fc02 	asr.w	ip, r1, r2
 80014f8:	f3c3 0113 	ubfx	r1, r3, #0, #20
 80014fc:	f1c2 0214 	rsb	r2, r2, #20
 8001500:	f441 1180 	orr.w	r1, r1, #1048576	; 0x100000
 8001504:	fa41 fe02 	asr.w	lr, r1, r2
 8001508:	2000      	movs	r0, #0
 800150a:	ea23 010c 	bic.w	r1, r3, ip
 800150e:	f1ba 0f00 	cmp.w	sl, #0
 8001512:	f8cd e010 	str.w	lr, [sp, #16]
 8001516:	4602      	mov	r2, r0
 8001518:	460b      	mov	r3, r1
 800151a:	da02      	bge.n	8001522 <__ieee754_pow+0x66a>
 800151c:	4671      	mov	r1, lr
 800151e:	4249      	negs	r1, r1
 8001520:	9104      	str	r1, [sp, #16]
 8001522:	4620      	mov	r0, r4
 8001524:	4629      	mov	r1, r5
 8001526:	f001 fced 	bl	8002f04 <__aeabi_dsub>
 800152a:	9b04      	ldr	r3, [sp, #16]
 800152c:	051b      	lsls	r3, r3, #20
 800152e:	9300      	str	r3, [sp, #0]
 8001530:	4602      	mov	r2, r0
 8001532:	460b      	mov	r3, r1
 8001534:	4604      	mov	r4, r0
 8001536:	460d      	mov	r5, r1
 8001538:	4630      	mov	r0, r6
 800153a:	4639      	mov	r1, r7
 800153c:	f001 fce4 	bl	8002f08 <__adddf3>
 8001540:	4689      	mov	r9, r1
 8001542:	f04f 0800 	mov.w	r8, #0
 8001546:	a37a      	add	r3, pc, #488	; (adr r3, 8001730 <__ieee754_pow+0x878>)
 8001548:	e9d3 2300 	ldrd	r2, r3, [r3]
 800154c:	4640      	mov	r0, r8
 800154e:	4649      	mov	r1, r9
 8001550:	f001 fe90 	bl	8003274 <__aeabi_dmul>
 8001554:	4622      	mov	r2, r4
 8001556:	4682      	mov	sl, r0
 8001558:	468b      	mov	fp, r1
 800155a:	462b      	mov	r3, r5
 800155c:	4640      	mov	r0, r8
 800155e:	4649      	mov	r1, r9
 8001560:	f001 fcd0 	bl	8002f04 <__aeabi_dsub>
 8001564:	4602      	mov	r2, r0
 8001566:	460b      	mov	r3, r1
 8001568:	4630      	mov	r0, r6
 800156a:	4639      	mov	r1, r7
 800156c:	f001 fcca 	bl	8002f04 <__aeabi_dsub>
 8001570:	a371      	add	r3, pc, #452	; (adr r3, 8001738 <__ieee754_pow+0x880>)
 8001572:	e9d3 2300 	ldrd	r2, r3, [r3]
 8001576:	f001 fe7d 	bl	8003274 <__aeabi_dmul>
 800157a:	a371      	add	r3, pc, #452	; (adr r3, 8001740 <__ieee754_pow+0x888>)
 800157c:	e9d3 2300 	ldrd	r2, r3, [r3]
 8001580:	4604      	mov	r4, r0
 8001582:	460d      	mov	r5, r1
 8001584:	4640      	mov	r0, r8
 8001586:	4649      	mov	r1, r9
 8001588:	f001 fe74 	bl	8003274 <__aeabi_dmul>
 800158c:	4602      	mov	r2, r0
 800158e:	460b      	mov	r3, r1
 8001590:	4620      	mov	r0, r4
 8001592:	4629      	mov	r1, r5
 8001594:	f001 fcb8 	bl	8002f08 <__adddf3>
 8001598:	4606      	mov	r6, r0
 800159a:	460f      	mov	r7, r1
 800159c:	4602      	mov	r2, r0
 800159e:	460b      	mov	r3, r1
 80015a0:	4650      	mov	r0, sl
 80015a2:	4659      	mov	r1, fp
 80015a4:	f001 fcb0 	bl	8002f08 <__adddf3>
 80015a8:	4652      	mov	r2, sl
 80015aa:	465b      	mov	r3, fp
 80015ac:	4604      	mov	r4, r0
 80015ae:	460d      	mov	r5, r1
 80015b0:	f001 fca8 	bl	8002f04 <__aeabi_dsub>
 80015b4:	4602      	mov	r2, r0
 80015b6:	460b      	mov	r3, r1
 80015b8:	4630      	mov	r0, r6
 80015ba:	4639      	mov	r1, r7
 80015bc:	f001 fca2 	bl	8002f04 <__aeabi_dsub>
 80015c0:	4622      	mov	r2, r4
 80015c2:	4682      	mov	sl, r0
 80015c4:	468b      	mov	fp, r1
 80015c6:	462b      	mov	r3, r5
 80015c8:	4620      	mov	r0, r4
 80015ca:	4629      	mov	r1, r5
 80015cc:	f001 fe52 	bl	8003274 <__aeabi_dmul>
 80015d0:	a35d      	add	r3, pc, #372	; (adr r3, 8001748 <__ieee754_pow+0x890>)
 80015d2:	e9d3 2300 	ldrd	r2, r3, [r3]
 80015d6:	4606      	mov	r6, r0
 80015d8:	460f      	mov	r7, r1
 80015da:	f001 fe4b 	bl	8003274 <__aeabi_dmul>
 80015de:	a35c      	add	r3, pc, #368	; (adr r3, 8001750 <__ieee754_pow+0x898>)
 80015e0:	e9d3 2300 	ldrd	r2, r3, [r3]
 80015e4:	f001 fc8e 	bl	8002f04 <__aeabi_dsub>
 80015e8:	4632      	mov	r2, r6
 80015ea:	463b      	mov	r3, r7
 80015ec:	f001 fe42 	bl	8003274 <__aeabi_dmul>
 80015f0:	a359      	add	r3, pc, #356	; (adr r3, 8001758 <__ieee754_pow+0x8a0>)
 80015f2:	e9d3 2300 	ldrd	r2, r3, [r3]
 80015f6:	f001 fc87 	bl	8002f08 <__adddf3>
 80015fa:	4632      	mov	r2, r6
 80015fc:	463b      	mov	r3, r7
 80015fe:	f001 fe39 	bl	8003274 <__aeabi_dmul>
 8001602:	a357      	add	r3, pc, #348	; (adr r3, 8001760 <__ieee754_pow+0x8a8>)
 8001604:	e9d3 2300 	ldrd	r2, r3, [r3]
 8001608:	f001 fc7c 	bl	8002f04 <__aeabi_dsub>
 800160c:	4632      	mov	r2, r6
 800160e:	463b      	mov	r3, r7
 8001610:	f001 fe30 	bl	8003274 <__aeabi_dmul>
 8001614:	a354      	add	r3, pc, #336	; (adr r3, 8001768 <__ieee754_pow+0x8b0>)
 8001616:	e9d3 2300 	ldrd	r2, r3, [r3]
 800161a:	f001 fc75 	bl	8002f08 <__adddf3>
 800161e:	4632      	mov	r2, r6
 8001620:	463b      	mov	r3, r7
 8001622:	f001 fe27 	bl	8003274 <__aeabi_dmul>
 8001626:	4602      	mov	r2, r0
 8001628:	460b      	mov	r3, r1
 800162a:	4620      	mov	r0, r4
 800162c:	4629      	mov	r1, r5
 800162e:	f001 fc69 	bl	8002f04 <__aeabi_dsub>
 8001632:	4606      	mov	r6, r0
 8001634:	460f      	mov	r7, r1
 8001636:	4602      	mov	r2, r0
 8001638:	460b      	mov	r3, r1
 800163a:	4620      	mov	r0, r4
 800163c:	4629      	mov	r1, r5
 800163e:	f001 fe19 	bl	8003274 <__aeabi_dmul>
 8001642:	2200      	movs	r2, #0
 8001644:	4680      	mov	r8, r0
 8001646:	4689      	mov	r9, r1
 8001648:	4630      	mov	r0, r6
 800164a:	4639      	mov	r1, r7
 800164c:	f04f 4380 	mov.w	r3, #1073741824	; 0x40000000
 8001650:	f001 fc58 	bl	8002f04 <__aeabi_dsub>
 8001654:	4602      	mov	r2, r0
 8001656:	460b      	mov	r3, r1
 8001658:	4640      	mov	r0, r8
 800165a:	4649      	mov	r1, r9
 800165c:	f001 ff34 	bl	80034c8 <__aeabi_ddiv>
 8001660:	4652      	mov	r2, sl
 8001662:	4606      	mov	r6, r0
 8001664:	460f      	mov	r7, r1
 8001666:	465b      	mov	r3, fp
 8001668:	4620      	mov	r0, r4
 800166a:	4629      	mov	r1, r5
 800166c:	f001 fe02 	bl	8003274 <__aeabi_dmul>
 8001670:	4652      	mov	r2, sl
 8001672:	465b      	mov	r3, fp
 8001674:	f001 fc48 	bl	8002f08 <__adddf3>
 8001678:	4602      	mov	r2, r0
 800167a:	460b      	mov	r3, r1
 800167c:	4630      	mov	r0, r6
 800167e:	4639      	mov	r1, r7
 8001680:	f001 fc40 	bl	8002f04 <__aeabi_dsub>
 8001684:	4622      	mov	r2, r4
 8001686:	462b      	mov	r3, r5
 8001688:	f001 fc3c 	bl	8002f04 <__aeabi_dsub>
 800168c:	4602      	mov	r2, r0
 800168e:	460b      	mov	r3, r1
 8001690:	2000      	movs	r0, #0
 8001692:	493a      	ldr	r1, [pc, #232]	; (800177c <__ieee754_pow+0x8c4>)
 8001694:	f001 fc36 	bl	8002f04 <__aeabi_dsub>
 8001698:	9d00      	ldr	r5, [sp, #0]
 800169a:	460c      	mov	r4, r1
 800169c:	442c      	add	r4, r5
 800169e:	f5b4 1f80 	cmp.w	r4, #1048576	; 0x100000
 80016a2:	f2c0 8141 	blt.w	8001928 <__ieee754_pow+0xa70>
 80016a6:	4621      	mov	r1, r4
 80016a8:	e9dd 2302 	ldrd	r2, r3, [sp, #8]
 80016ac:	f001 fde2 	bl	8003274 <__aeabi_dmul>
 80016b0:	e9cd 0100 	strd	r0, r1, [sp]
 80016b4:	e446      	b.n	8000f44 <__ieee754_pow+0x8c>
 80016b6:	2e00      	cmp	r6, #0
 80016b8:	f6ff acb0 	blt.w	800101c <__ieee754_pow+0x164>
 80016bc:	2300      	movs	r3, #0
 80016be:	2400      	movs	r4, #0
 80016c0:	e9cd 3400 	strd	r3, r4, [sp]
 80016c4:	e43e      	b.n	8000f44 <__ieee754_pow+0x8c>
 80016c6:	f8df c0c0 	ldr.w	ip, [pc, #192]	; 8001788 <__ieee754_pow+0x8d0>
 80016ca:	f021 4300 	bic.w	r3, r1, #2147483648	; 0x80000000
 80016ce:	4563      	cmp	r3, ip
 80016d0:	f340 80e5 	ble.w	800189e <__ieee754_pow+0x9e6>
 80016d4:	4b2d      	ldr	r3, [pc, #180]	; (800178c <__ieee754_pow+0x8d4>)
 80016d6:	440b      	add	r3, r1
 80016d8:	4303      	orrs	r3, r0
 80016da:	d10a      	bne.n	80016f2 <__ieee754_pow+0x83a>
 80016dc:	4622      	mov	r2, r4
 80016de:	462b      	mov	r3, r5
 80016e0:	f001 fc10 	bl	8002f04 <__aeabi_dsub>
 80016e4:	4632      	mov	r2, r6
 80016e6:	463b      	mov	r3, r7
 80016e8:	f002 f84a 	bl	8003780 <__aeabi_dcmpge>
 80016ec:	2800      	cmp	r0, #0
 80016ee:	f43f aef3 	beq.w	80014d8 <__ieee754_pow+0x620>
 80016f2:	a31f      	add	r3, pc, #124	; (adr r3, 8001770 <__ieee754_pow+0x8b8>)
 80016f4:	e9d3 2300 	ldrd	r2, r3, [r3]
 80016f8:	e9dd 0102 	ldrd	r0, r1, [sp, #8]
 80016fc:	f001 fdba 	bl	8003274 <__aeabi_dmul>
 8001700:	a31b      	add	r3, pc, #108	; (adr r3, 8001770 <__ieee754_pow+0x8b8>)
 8001702:	e9d3 2300 	ldrd	r2, r3, [r3]
 8001706:	f001 fdb5 	bl	8003274 <__aeabi_dmul>
 800170a:	e9cd 0100 	strd	r0, r1, [sp]
 800170e:	e419      	b.n	8000f44 <__ieee754_pow+0x8c>
 8001710:	2e00      	cmp	r6, #0
 8001712:	dad3      	bge.n	80016bc <__ieee754_pow+0x804>
 8001714:	f109 4300 	add.w	r3, r9, #2147483648	; 0x80000000
 8001718:	f8cd 8000 	str.w	r8, [sp]
 800171c:	9301      	str	r3, [sp, #4]
 800171e:	e411      	b.n	8000f44 <__ieee754_pow+0x8c>
 8001720:	2500      	movs	r5, #0
 8001722:	e4cb      	b.n	80010bc <__ieee754_pow+0x204>
 8001724:	f3af 8000 	nop.w
 8001728:	652b82fe 	.word	0x652b82fe
 800172c:	3c971547 	.word	0x3c971547
 8001730:	00000000 	.word	0x00000000
 8001734:	3fe62e43 	.word	0x3fe62e43
 8001738:	fefa39ef 	.word	0xfefa39ef
 800173c:	3fe62e42 	.word	0x3fe62e42
 8001740:	0ca86c39 	.word	0x0ca86c39
 8001744:	be205c61 	.word	0xbe205c61
 8001748:	72bea4d0 	.word	0x72bea4d0
 800174c:	3e663769 	.word	0x3e663769
 8001750:	c5d26bf1 	.word	0xc5d26bf1
 8001754:	3ebbbd41 	.word	0x3ebbbd41
 8001758:	af25de2c 	.word	0xaf25de2c
 800175c:	3f11566a 	.word	0x3f11566a
 8001760:	16bebd93 	.word	0x16bebd93
 8001764:	3f66c16c 	.word	0x3f66c16c
 8001768:	5555553e 	.word	0x5555553e
 800176c:	3fc55555 	.word	0x3fc55555
 8001770:	c2f8f359 	.word	0xc2f8f359
 8001774:	01a56e1f 	.word	0x01a56e1f
 8001778:	bff00000 	.word	0xbff00000
 800177c:	3ff00000 	.word	0x3ff00000
 8001780:	408fffff 	.word	0x408fffff
 8001784:	000fffff 	.word	0x000fffff
 8001788:	4090cbff 	.word	0x4090cbff
 800178c:	3f6f3400 	.word	0x3f6f3400
 8001790:	429c      	cmp	r4, r3
 8001792:	db90      	blt.n	80016b6 <__ieee754_pow+0x7fe>
 8001794:	4b7e      	ldr	r3, [pc, #504]	; (8001990 <__ieee754_pow+0xad8>)
 8001796:	429c      	cmp	r4, r3
 8001798:	f73f ac3d 	bgt.w	8001016 <__ieee754_pow+0x15e>
 800179c:	e9dd 0100 	ldrd	r0, r1, [sp]
 80017a0:	4b7b      	ldr	r3, [pc, #492]	; (8001990 <__ieee754_pow+0xad8>)
 80017a2:	2200      	movs	r2, #0
 80017a4:	f001 fbae 	bl	8002f04 <__aeabi_dsub>
 80017a8:	a36b      	add	r3, pc, #428	; (adr r3, 8001958 <__ieee754_pow+0xaa0>)
 80017aa:	e9d3 2300 	ldrd	r2, r3, [r3]
 80017ae:	4604      	mov	r4, r0
 80017b0:	460d      	mov	r5, r1
 80017b2:	f001 fd5f 	bl	8003274 <__aeabi_dmul>
 80017b6:	a36a      	add	r3, pc, #424	; (adr r3, 8001960 <__ieee754_pow+0xaa8>)
 80017b8:	e9d3 2300 	ldrd	r2, r3, [r3]
 80017bc:	4682      	mov	sl, r0
 80017be:	468b      	mov	fp, r1
 80017c0:	4620      	mov	r0, r4
 80017c2:	4629      	mov	r1, r5
 80017c4:	f001 fd56 	bl	8003274 <__aeabi_dmul>
 80017c8:	4b72      	ldr	r3, [pc, #456]	; (8001994 <__ieee754_pow+0xadc>)
 80017ca:	e9cd 0100 	strd	r0, r1, [sp]
 80017ce:	2200      	movs	r2, #0
 80017d0:	4620      	mov	r0, r4
 80017d2:	4629      	mov	r1, r5
 80017d4:	f001 fd4e 	bl	8003274 <__aeabi_dmul>
 80017d8:	4602      	mov	r2, r0
 80017da:	460b      	mov	r3, r1
 80017dc:	a162      	add	r1, pc, #392	; (adr r1, 8001968 <__ieee754_pow+0xab0>)
 80017de:	e9d1 0100 	ldrd	r0, r1, [r1]
 80017e2:	f001 fb8f 	bl	8002f04 <__aeabi_dsub>
 80017e6:	4622      	mov	r2, r4
 80017e8:	462b      	mov	r3, r5
 80017ea:	f001 fd43 	bl	8003274 <__aeabi_dmul>
 80017ee:	4602      	mov	r2, r0
 80017f0:	460b      	mov	r3, r1
 80017f2:	2000      	movs	r0, #0
 80017f4:	4968      	ldr	r1, [pc, #416]	; (8001998 <__ieee754_pow+0xae0>)
 80017f6:	f001 fb85 	bl	8002f04 <__aeabi_dsub>
 80017fa:	4622      	mov	r2, r4
 80017fc:	4606      	mov	r6, r0
 80017fe:	460f      	mov	r7, r1
 8001800:	462b      	mov	r3, r5
 8001802:	4620      	mov	r0, r4
 8001804:	4629      	mov	r1, r5
 8001806:	f001 fd35 	bl	8003274 <__aeabi_dmul>
 800180a:	4602      	mov	r2, r0
 800180c:	460b      	mov	r3, r1
 800180e:	4630      	mov	r0, r6
 8001810:	4639      	mov	r1, r7
 8001812:	f001 fd2f 	bl	8003274 <__aeabi_dmul>
 8001816:	a356      	add	r3, pc, #344	; (adr r3, 8001970 <__ieee754_pow+0xab8>)
 8001818:	e9d3 2300 	ldrd	r2, r3, [r3]
 800181c:	f001 fd2a 	bl	8003274 <__aeabi_dmul>
 8001820:	4602      	mov	r2, r0
 8001822:	460b      	mov	r3, r1
 8001824:	e9dd 0100 	ldrd	r0, r1, [sp]
 8001828:	f001 fb6c 	bl	8002f04 <__aeabi_dsub>
 800182c:	4602      	mov	r2, r0
 800182e:	460b      	mov	r3, r1
 8001830:	4606      	mov	r6, r0
 8001832:	460f      	mov	r7, r1
 8001834:	4650      	mov	r0, sl
 8001836:	4659      	mov	r1, fp
 8001838:	f001 fb66 	bl	8002f08 <__adddf3>
 800183c:	2400      	movs	r4, #0
 800183e:	4652      	mov	r2, sl
 8001840:	465b      	mov	r3, fp
 8001842:	4620      	mov	r0, r4
 8001844:	460d      	mov	r5, r1
 8001846:	f001 fb5d 	bl	8002f04 <__aeabi_dsub>
 800184a:	4602      	mov	r2, r0
 800184c:	460b      	mov	r3, r1
 800184e:	4630      	mov	r0, r6
 8001850:	4639      	mov	r1, r7
 8001852:	f001 fb57 	bl	8002f04 <__aeabi_dsub>
 8001856:	e9cd 0104 	strd	r0, r1, [sp, #16]
 800185a:	e5df      	b.n	800141c <__ieee754_pow+0x564>
 800185c:	494c      	ldr	r1, [pc, #304]	; (8001990 <__ieee754_pow+0xad8>)
 800185e:	465a      	mov	r2, fp
 8001860:	4653      	mov	r3, sl
 8001862:	2000      	movs	r0, #0
 8001864:	f001 fe30 	bl	80034c8 <__aeabi_ddiv>
 8001868:	e9cd 0100 	strd	r0, r1, [sp]
 800186c:	f7ff bb6a 	b.w	8000f44 <__ieee754_pow+0x8c>
 8001870:	465a      	mov	r2, fp
 8001872:	4658      	mov	r0, fp
 8001874:	4653      	mov	r3, sl
 8001876:	4651      	mov	r1, sl
 8001878:	f001 fcfc 	bl	8003274 <__aeabi_dmul>
 800187c:	e9cd 0100 	strd	r0, r1, [sp]
 8001880:	f7ff bb60 	b.w	8000f44 <__ieee754_pow+0x8c>
 8001884:	2b00      	cmp	r3, #0
 8001886:	d141      	bne.n	800190c <__ieee754_pow+0xa54>
 8001888:	f1c2 0214 	rsb	r2, r2, #20
 800188c:	fa45 f102 	asr.w	r1, r5, r2
 8001890:	fa01 f202 	lsl.w	r2, r1, r2
 8001894:	42aa      	cmp	r2, r5
 8001896:	d055      	beq.n	8001944 <__ieee754_pow+0xa8c>
 8001898:	9302      	str	r3, [sp, #8]
 800189a:	f7ff bb32 	b.w	8000f02 <__ieee754_pow+0x4a>
 800189e:	4a3e      	ldr	r2, [pc, #248]	; (8001998 <__ieee754_pow+0xae0>)
 80018a0:	4293      	cmp	r3, r2
 80018a2:	dc56      	bgt.n	8001952 <__ieee754_pow+0xa9a>
 80018a4:	e9dd 2300 	ldrd	r2, r3, [sp]
 80018a8:	9200      	str	r2, [sp, #0]
 80018aa:	9204      	str	r2, [sp, #16]
 80018ac:	e649      	b.n	8001542 <__ieee754_pow+0x68a>
 80018ae:	a332      	add	r3, pc, #200	; (adr r3, 8001978 <__ieee754_pow+0xac0>)
 80018b0:	e9d3 2300 	ldrd	r2, r3, [r3]
 80018b4:	e9dd 0102 	ldrd	r0, r1, [sp, #8]
 80018b8:	f001 fcdc 	bl	8003274 <__aeabi_dmul>
 80018bc:	a32e      	add	r3, pc, #184	; (adr r3, 8001978 <__ieee754_pow+0xac0>)
 80018be:	e9d3 2300 	ldrd	r2, r3, [r3]
 80018c2:	f001 fcd7 	bl	8003274 <__aeabi_dmul>
 80018c6:	e9cd 0100 	strd	r0, r1, [sp]
 80018ca:	f7ff bb3b 	b.w	8000f44 <__ieee754_pow+0x8c>
 80018ce:	9b02      	ldr	r3, [sp, #8]
 80018d0:	2b01      	cmp	r3, #1
 80018d2:	f47f ab37 	bne.w	8000f44 <__ieee754_pow+0x8c>
 80018d6:	e9dd 4500 	ldrd	r4, r5, [sp]
 80018da:	4622      	mov	r2, r4
 80018dc:	f105 4300 	add.w	r3, r5, #2147483648	; 0x80000000
 80018e0:	e9cd 2300 	strd	r2, r3, [sp]
 80018e4:	f7ff bb2e 	b.w	8000f44 <__ieee754_pow+0x8c>
 80018e8:	a325      	add	r3, pc, #148	; (adr r3, 8001980 <__ieee754_pow+0xac8>)
 80018ea:	e9d3 2300 	ldrd	r2, r3, [r3]
 80018ee:	e9cd 2308 	strd	r2, r3, [sp, #32]
 80018f2:	a325      	add	r3, pc, #148	; (adr r3, 8001988 <__ieee754_pow+0xad0>)
 80018f4:	e9d3 2300 	ldrd	r2, r3, [r3]
 80018f8:	e9cd 2310 	strd	r2, r3, [sp, #64]	; 0x40
 80018fc:	4b27      	ldr	r3, [pc, #156]	; (800199c <__ieee754_pow+0xae4>)
 80018fe:	2200      	movs	r2, #0
 8001900:	e9cd 2306 	strd	r2, r3, [sp, #24]
 8001904:	f44f 2580 	mov.w	r5, #262144	; 0x40000
 8001908:	f7ff bbf9 	b.w	80010fe <__ieee754_pow+0x246>
 800190c:	4658      	mov	r0, fp
 800190e:	4651      	mov	r1, sl
 8001910:	f001 f950 	bl	8002bb4 <fabs>
 8001914:	465b      	mov	r3, fp
 8001916:	e9cd 0100 	strd	r0, r1, [sp]
 800191a:	2b00      	cmp	r3, #0
 800191c:	f47f aba5 	bne.w	800106a <__ieee754_pow+0x1b2>
 8001920:	f8cd b008 	str.w	fp, [sp, #8]
 8001924:	f7ff bb3e 	b.w	8000fa4 <__ieee754_pow+0xec>
 8001928:	9a04      	ldr	r2, [sp, #16]
 800192a:	f001 fa6d 	bl	8002e08 <scalbn>
 800192e:	e6bb      	b.n	80016a8 <__ieee754_pow+0x7f0>
 8001930:	f001 0101 	and.w	r1, r1, #1
 8001934:	f1c1 0202 	rsb	r2, r1, #2
 8001938:	9202      	str	r2, [sp, #8]
 800193a:	2b00      	cmp	r3, #0
 800193c:	f43f aae1 	beq.w	8000f02 <__ieee754_pow+0x4a>
 8001940:	f7ff bb28 	b.w	8000f94 <__ieee754_pow+0xdc>
 8001944:	f001 0101 	and.w	r1, r1, #1
 8001948:	f1c1 0302 	rsb	r3, r1, #2
 800194c:	9302      	str	r3, [sp, #8]
 800194e:	f7ff bad8 	b.w	8000f02 <__ieee754_pow+0x4a>
 8001952:	151b      	asrs	r3, r3, #20
 8001954:	e5c2      	b.n	80014dc <__ieee754_pow+0x624>
 8001956:	bf00      	nop
 8001958:	60000000 	.word	0x60000000
 800195c:	3ff71547 	.word	0x3ff71547
 8001960:	f85ddf44 	.word	0xf85ddf44
 8001964:	3e54ae0b 	.word	0x3e54ae0b
 8001968:	55555555 	.word	0x55555555
 800196c:	3fd55555 	.word	0x3fd55555
 8001970:	652b82fe 	.word	0x652b82fe
 8001974:	3ff71547 	.word	0x3ff71547
 8001978:	8800759c 	.word	0x8800759c
 800197c:	7e37e43c 	.word	0x7e37e43c
 8001980:	40000000 	.word	0x40000000
 8001984:	3fe2b803 	.word	0x3fe2b803
 8001988:	43cfd006 	.word	0x43cfd006
 800198c:	3e4cfdeb 	.word	0x3e4cfdeb
 8001990:	3ff00000 	.word	0x3ff00000
 8001994:	3fd00000 	.word	0x3fd00000
 8001998:	3fe00000 	.word	0x3fe00000
 800199c:	3ff80000 	.word	0x3ff80000

080019a0 <__ieee754_rem_pio2>:
 80019a0:	e92d 4ff0 	stmdb	sp!, {r4, r5, r6, r7, r8, r9, sl, fp, lr}
 80019a4:	4614      	mov	r4, r2
 80019a6:	4ab6      	ldr	r2, [pc, #728]	; (8001c80 <__ieee754_rem_pio2+0x2e0>)
 80019a8:	f021 4500 	bic.w	r5, r1, #2147483648	; 0x80000000
 80019ac:	4295      	cmp	r5, r2
 80019ae:	b091      	sub	sp, #68	; 0x44
 80019b0:	f340 8085 	ble.w	8001abe <__ieee754_rem_pio2+0x11e>
 80019b4:	4ab3      	ldr	r2, [pc, #716]	; (8001c84 <__ieee754_rem_pio2+0x2e4>)
 80019b6:	4295      	cmp	r5, r2
 80019b8:	460f      	mov	r7, r1
 80019ba:	dc26      	bgt.n	8001a0a <__ieee754_rem_pio2+0x6a>
 80019bc:	2900      	cmp	r1, #0
 80019be:	a3a6      	add	r3, pc, #664	; (adr r3, 8001c58 <__ieee754_rem_pio2+0x2b8>)
 80019c0:	e9d3 2300 	ldrd	r2, r3, [r3]
 80019c4:	f340 81c4 	ble.w	8001d50 <__ieee754_rem_pio2+0x3b0>
 80019c8:	f001 fa9c 	bl	8002f04 <__aeabi_dsub>
 80019cc:	4bae      	ldr	r3, [pc, #696]	; (8001c88 <__ieee754_rem_pio2+0x2e8>)
 80019ce:	429d      	cmp	r5, r3
 80019d0:	4680      	mov	r8, r0
 80019d2:	4689      	mov	r9, r1
 80019d4:	f000 8088 	beq.w	8001ae8 <__ieee754_rem_pio2+0x148>
 80019d8:	a3a1      	add	r3, pc, #644	; (adr r3, 8001c60 <__ieee754_rem_pio2+0x2c0>)
 80019da:	e9d3 2300 	ldrd	r2, r3, [r3]
 80019de:	f001 fa91 	bl	8002f04 <__aeabi_dsub>
 80019e2:	4602      	mov	r2, r0
 80019e4:	460b      	mov	r3, r1
 80019e6:	e9c4 2300 	strd	r2, r3, [r4]
 80019ea:	4640      	mov	r0, r8
 80019ec:	4649      	mov	r1, r9
 80019ee:	f001 fa89 	bl	8002f04 <__aeabi_dsub>
 80019f2:	a39b      	add	r3, pc, #620	; (adr r3, 8001c60 <__ieee754_rem_pio2+0x2c0>)
 80019f4:	e9d3 2300 	ldrd	r2, r3, [r3]
 80019f8:	f001 fa84 	bl	8002f04 <__aeabi_dsub>
 80019fc:	e9c4 0102 	strd	r0, r1, [r4, #8]
 8001a00:	2601      	movs	r6, #1
 8001a02:	4630      	mov	r0, r6
 8001a04:	b011      	add	sp, #68	; 0x44
 8001a06:	e8bd 8ff0 	ldmia.w	sp!, {r4, r5, r6, r7, r8, r9, sl, fp, pc}
 8001a0a:	4aa0      	ldr	r2, [pc, #640]	; (8001c8c <__ieee754_rem_pio2+0x2ec>)
 8001a0c:	4295      	cmp	r5, r2
 8001a0e:	f340 808b 	ble.w	8001b28 <__ieee754_rem_pio2+0x188>
 8001a12:	4a9f      	ldr	r2, [pc, #636]	; (8001c90 <__ieee754_rem_pio2+0x2f0>)
 8001a14:	4295      	cmp	r5, r2
 8001a16:	dc5d      	bgt.n	8001ad4 <__ieee754_rem_pio2+0x134>
 8001a18:	152e      	asrs	r6, r5, #20
 8001a1a:	f2a6 4616 	subw	r6, r6, #1046	; 0x416
 8001a1e:	eba5 5106 	sub.w	r1, r5, r6, lsl #20
 8001a22:	4689      	mov	r9, r1
 8001a24:	4680      	mov	r8, r0
 8001a26:	f001 fed5 	bl	80037d4 <__aeabi_d2iz>
 8001a2a:	f001 fbb9 	bl	80031a0 <__aeabi_i2d>
 8001a2e:	4602      	mov	r2, r0
 8001a30:	460b      	mov	r3, r1
 8001a32:	4640      	mov	r0, r8
 8001a34:	4649      	mov	r1, r9
 8001a36:	e9cd 230a 	strd	r2, r3, [sp, #40]	; 0x28
 8001a3a:	f001 fa63 	bl	8002f04 <__aeabi_dsub>
 8001a3e:	4b95      	ldr	r3, [pc, #596]	; (8001c94 <__ieee754_rem_pio2+0x2f4>)
 8001a40:	2200      	movs	r2, #0
 8001a42:	f001 fc17 	bl	8003274 <__aeabi_dmul>
 8001a46:	4689      	mov	r9, r1
 8001a48:	4680      	mov	r8, r0
 8001a4a:	f001 fec3 	bl	80037d4 <__aeabi_d2iz>
 8001a4e:	4605      	mov	r5, r0
 8001a50:	f001 fba6 	bl	80031a0 <__aeabi_i2d>
 8001a54:	4602      	mov	r2, r0
 8001a56:	460b      	mov	r3, r1
 8001a58:	4640      	mov	r0, r8
 8001a5a:	4649      	mov	r1, r9
 8001a5c:	e9cd 230c 	strd	r2, r3, [sp, #48]	; 0x30
 8001a60:	f001 fa50 	bl	8002f04 <__aeabi_dsub>
 8001a64:	4b8b      	ldr	r3, [pc, #556]	; (8001c94 <__ieee754_rem_pio2+0x2f4>)
 8001a66:	2200      	movs	r2, #0
 8001a68:	f001 fc04 	bl	8003274 <__aeabi_dmul>
 8001a6c:	4602      	mov	r2, r0
 8001a6e:	460b      	mov	r3, r1
 8001a70:	e9cd 230e 	strd	r2, r3, [sp, #56]	; 0x38
 8001a74:	2200      	movs	r2, #0
 8001a76:	2300      	movs	r3, #0
 8001a78:	f001 fe64 	bl	8003744 <__aeabi_dcmpeq>
 8001a7c:	2800      	cmp	r0, #0
 8001a7e:	f000 8165 	beq.w	8001d4c <__ieee754_rem_pio2+0x3ac>
 8001a82:	2d00      	cmp	r5, #0
 8001a84:	bf0c      	ite	eq
 8001a86:	2301      	moveq	r3, #1
 8001a88:	2302      	movne	r3, #2
 8001a8a:	4a83      	ldr	r2, [pc, #524]	; (8001c98 <__ieee754_rem_pio2+0x2f8>)
 8001a8c:	9201      	str	r2, [sp, #4]
 8001a8e:	2202      	movs	r2, #2
 8001a90:	9200      	str	r2, [sp, #0]
 8001a92:	4621      	mov	r1, r4
 8001a94:	4632      	mov	r2, r6
 8001a96:	a80a      	add	r0, sp, #40	; 0x28
 8001a98:	f000 fba2 	bl	80021e0 <__kernel_rem_pio2>
 8001a9c:	2f00      	cmp	r7, #0
 8001a9e:	4606      	mov	r6, r0
 8001aa0:	daaf      	bge.n	8001a02 <__ieee754_rem_pio2+0x62>
 8001aa2:	e9d4 0500 	ldrd	r0, r5, [r4]
 8001aa6:	f105 4100 	add.w	r1, r5, #2147483648	; 0x80000000
 8001aaa:	e9c4 0100 	strd	r0, r1, [r4]
 8001aae:	68e1      	ldr	r1, [r4, #12]
 8001ab0:	68a2      	ldr	r2, [r4, #8]
 8001ab2:	f101 4300 	add.w	r3, r1, #2147483648	; 0x80000000
 8001ab6:	e9c4 2302 	strd	r2, r3, [r4, #8]
 8001aba:	4276      	negs	r6, r6
 8001abc:	e7a1      	b.n	8001a02 <__ieee754_rem_pio2+0x62>
 8001abe:	2600      	movs	r6, #0
 8001ac0:	e9c4 0100 	strd	r0, r1, [r4]
 8001ac4:	2200      	movs	r2, #0
 8001ac6:	2300      	movs	r3, #0
 8001ac8:	4630      	mov	r0, r6
 8001aca:	e9c4 2302 	strd	r2, r3, [r4, #8]
 8001ace:	b011      	add	sp, #68	; 0x44
 8001ad0:	e8bd 8ff0 	ldmia.w	sp!, {r4, r5, r6, r7, r8, r9, sl, fp, pc}
 8001ad4:	4602      	mov	r2, r0
 8001ad6:	460b      	mov	r3, r1
 8001ad8:	f001 fa14 	bl	8002f04 <__aeabi_dsub>
 8001adc:	2600      	movs	r6, #0
 8001ade:	e9c4 0102 	strd	r0, r1, [r4, #8]
 8001ae2:	e9c4 0100 	strd	r0, r1, [r4]
 8001ae6:	e78c      	b.n	8001a02 <__ieee754_rem_pio2+0x62>
 8001ae8:	a35f      	add	r3, pc, #380	; (adr r3, 8001c68 <__ieee754_rem_pio2+0x2c8>)
 8001aea:	e9d3 2300 	ldrd	r2, r3, [r3]
 8001aee:	f001 fa09 	bl	8002f04 <__aeabi_dsub>
 8001af2:	a35f      	add	r3, pc, #380	; (adr r3, 8001c70 <__ieee754_rem_pio2+0x2d0>)
 8001af4:	e9d3 2300 	ldrd	r2, r3, [r3]
 8001af8:	4680      	mov	r8, r0
 8001afa:	4689      	mov	r9, r1
 8001afc:	f001 fa02 	bl	8002f04 <__aeabi_dsub>
 8001b00:	4602      	mov	r2, r0
 8001b02:	460b      	mov	r3, r1
 8001b04:	e9c4 2300 	strd	r2, r3, [r4]
 8001b08:	4640      	mov	r0, r8
 8001b0a:	4649      	mov	r1, r9
 8001b0c:	f001 f9fa 	bl	8002f04 <__aeabi_dsub>
 8001b10:	a357      	add	r3, pc, #348	; (adr r3, 8001c70 <__ieee754_rem_pio2+0x2d0>)
 8001b12:	e9d3 2300 	ldrd	r2, r3, [r3]
 8001b16:	f001 f9f5 	bl	8002f04 <__aeabi_dsub>
 8001b1a:	2601      	movs	r6, #1
 8001b1c:	e9c4 0102 	strd	r0, r1, [r4, #8]
 8001b20:	4630      	mov	r0, r6
 8001b22:	b011      	add	sp, #68	; 0x44
 8001b24:	e8bd 8ff0 	ldmia.w	sp!, {r4, r5, r6, r7, r8, r9, sl, fp, pc}
 8001b28:	f001 f844 	bl	8002bb4 <fabs>
 8001b2c:	a352      	add	r3, pc, #328	; (adr r3, 8001c78 <__ieee754_rem_pio2+0x2d8>)
 8001b2e:	e9d3 2300 	ldrd	r2, r3, [r3]
 8001b32:	4680      	mov	r8, r0
 8001b34:	4689      	mov	r9, r1
 8001b36:	f001 fb9d 	bl	8003274 <__aeabi_dmul>
 8001b3a:	4b58      	ldr	r3, [pc, #352]	; (8001c9c <__ieee754_rem_pio2+0x2fc>)
 8001b3c:	2200      	movs	r2, #0
 8001b3e:	f001 f9e3 	bl	8002f08 <__adddf3>
 8001b42:	f001 fe47 	bl	80037d4 <__aeabi_d2iz>
 8001b46:	4606      	mov	r6, r0
 8001b48:	f001 fb2a 	bl	80031a0 <__aeabi_i2d>
 8001b4c:	a342      	add	r3, pc, #264	; (adr r3, 8001c58 <__ieee754_rem_pio2+0x2b8>)
 8001b4e:	e9d3 2300 	ldrd	r2, r3, [r3]
 8001b52:	4682      	mov	sl, r0
 8001b54:	468b      	mov	fp, r1
 8001b56:	e9cd ab04 	strd	sl, fp, [sp, #16]
 8001b5a:	f001 fb8b 	bl	8003274 <__aeabi_dmul>
 8001b5e:	4602      	mov	r2, r0
 8001b60:	460b      	mov	r3, r1
 8001b62:	4640      	mov	r0, r8
 8001b64:	4649      	mov	r1, r9
 8001b66:	f001 f9cd 	bl	8002f04 <__aeabi_dsub>
 8001b6a:	a33d      	add	r3, pc, #244	; (adr r3, 8001c60 <__ieee754_rem_pio2+0x2c0>)
 8001b6c:	e9d3 2300 	ldrd	r2, r3, [r3]
 8001b70:	e9cd 0102 	strd	r0, r1, [sp, #8]
 8001b74:	4650      	mov	r0, sl
 8001b76:	4659      	mov	r1, fp
 8001b78:	f001 fb7c 	bl	8003274 <__aeabi_dmul>
 8001b7c:	2e1f      	cmp	r6, #31
 8001b7e:	4680      	mov	r8, r0
 8001b80:	4689      	mov	r9, r1
 8001b82:	dc12      	bgt.n	8001baa <__ieee754_rem_pio2+0x20a>
 8001b84:	4b46      	ldr	r3, [pc, #280]	; (8001ca0 <__ieee754_rem_pio2+0x300>)
 8001b86:	1e72      	subs	r2, r6, #1
 8001b88:	f853 3022 	ldr.w	r3, [r3, r2, lsl #2]
 8001b8c:	42ab      	cmp	r3, r5
 8001b8e:	d00c      	beq.n	8001baa <__ieee754_rem_pio2+0x20a>
 8001b90:	4602      	mov	r2, r0
 8001b92:	460b      	mov	r3, r1
 8001b94:	e9dd 0102 	ldrd	r0, r1, [sp, #8]
 8001b98:	f001 f9b4 	bl	8002f04 <__aeabi_dsub>
 8001b9c:	4602      	mov	r2, r0
 8001b9e:	460b      	mov	r3, r1
 8001ba0:	e9c4 2300 	strd	r2, r3, [r4]
 8001ba4:	4682      	mov	sl, r0
 8001ba6:	468b      	mov	fp, r1
 8001ba8:	e0b4      	b.n	8001d14 <__ieee754_rem_pio2+0x374>
 8001baa:	152b      	asrs	r3, r5, #20
 8001bac:	9307      	str	r3, [sp, #28]
 8001bae:	e9dd 0102 	ldrd	r0, r1, [sp, #8]
 8001bb2:	464b      	mov	r3, r9
 8001bb4:	4642      	mov	r2, r8
 8001bb6:	f001 f9a5 	bl	8002f04 <__aeabi_dsub>
 8001bba:	f3c1 530a 	ubfx	r3, r1, #20, #11
 8001bbe:	ebc3 5515 	rsb	r5, r3, r5, lsr #20
 8001bc2:	2d10      	cmp	r5, #16
 8001bc4:	468b      	mov	fp, r1
 8001bc6:	4682      	mov	sl, r0
 8001bc8:	f340 80a0 	ble.w	8001d0c <__ieee754_rem_pio2+0x36c>
 8001bcc:	a326      	add	r3, pc, #152	; (adr r3, 8001c68 <__ieee754_rem_pio2+0x2c8>)
 8001bce:	e9d3 2300 	ldrd	r2, r3, [r3]
 8001bd2:	e9dd 0104 	ldrd	r0, r1, [sp, #16]
 8001bd6:	f001 fb4d 	bl	8003274 <__aeabi_dmul>
 8001bda:	4680      	mov	r8, r0
 8001bdc:	4689      	mov	r9, r1
 8001bde:	4602      	mov	r2, r0
 8001be0:	460b      	mov	r3, r1
 8001be2:	e9dd 0102 	ldrd	r0, r1, [sp, #8]
 8001be6:	f001 f98d 	bl	8002f04 <__aeabi_dsub>
 8001bea:	4682      	mov	sl, r0
 8001bec:	468b      	mov	fp, r1
 8001bee:	4652      	mov	r2, sl
 8001bf0:	465b      	mov	r3, fp
 8001bf2:	e9dd 0102 	ldrd	r0, r1, [sp, #8]
 8001bf6:	f001 f985 	bl	8002f04 <__aeabi_dsub>
 8001bfa:	4642      	mov	r2, r8
 8001bfc:	464b      	mov	r3, r9
 8001bfe:	f001 f981 	bl	8002f04 <__aeabi_dsub>
 8001c02:	a31b      	add	r3, pc, #108	; (adr r3, 8001c70 <__ieee754_rem_pio2+0x2d0>)
 8001c04:	e9d3 2300 	ldrd	r2, r3, [r3]
 8001c08:	4680      	mov	r8, r0
 8001c0a:	4689      	mov	r9, r1
 8001c0c:	e9dd 0104 	ldrd	r0, r1, [sp, #16]
 8001c10:	f001 fb30 	bl	8003274 <__aeabi_dmul>
 8001c14:	4642      	mov	r2, r8
 8001c16:	464b      	mov	r3, r9
 8001c18:	f001 f974 	bl	8002f04 <__aeabi_dsub>
 8001c1c:	4602      	mov	r2, r0
 8001c1e:	460b      	mov	r3, r1
 8001c20:	4680      	mov	r8, r0
 8001c22:	4689      	mov	r9, r1
 8001c24:	4650      	mov	r0, sl
 8001c26:	4659      	mov	r1, fp
 8001c28:	e9cd ab08 	strd	sl, fp, [sp, #32]
 8001c2c:	f001 f96a 	bl	8002f04 <__aeabi_dsub>
 8001c30:	9a07      	ldr	r2, [sp, #28]
 8001c32:	f3c1 530a 	ubfx	r3, r1, #20, #11
 8001c36:	1ad3      	subs	r3, r2, r3
 8001c38:	2b31      	cmp	r3, #49	; 0x31
 8001c3a:	468b      	mov	fp, r1
 8001c3c:	4682      	mov	sl, r0
 8001c3e:	dc31      	bgt.n	8001ca4 <__ieee754_rem_pio2+0x304>
 8001c40:	4602      	mov	r2, r0
 8001c42:	460b      	mov	r3, r1
 8001c44:	e9c4 2300 	strd	r2, r3, [r4]
 8001c48:	e9dd 2308 	ldrd	r2, r3, [sp, #32]
 8001c4c:	e9cd 2302 	strd	r2, r3, [sp, #8]
 8001c50:	e060      	b.n	8001d14 <__ieee754_rem_pio2+0x374>
 8001c52:	bf00      	nop
 8001c54:	f3af 8000 	nop.w
 8001c58:	54400000 	.word	0x54400000
 8001c5c:	3ff921fb 	.word	0x3ff921fb
 8001c60:	1a626331 	.word	0x1a626331
 8001c64:	3dd0b461 	.word	0x3dd0b461
 8001c68:	1a600000 	.word	0x1a600000
 8001c6c:	3dd0b461 	.word	0x3dd0b461
 8001c70:	2e037073 	.word	0x2e037073
 8001c74:	3ba3198a 	.word	0x3ba3198a
 8001c78:	6dc9c883 	.word	0x6dc9c883
 8001c7c:	3fe45f30 	.word	0x3fe45f30
 8001c80:	3fe921fb 	.word	0x3fe921fb
 8001c84:	4002d97b 	.word	0x4002d97b
 8001c88:	3ff921fb 	.word	0x3ff921fb
 8001c8c:	413921fb 	.word	0x413921fb
 8001c90:	7fefffff 	.word	0x7fefffff
 8001c94:	41700000 	.word	0x41700000
 8001c98:	08006300 	.word	0x08006300
 8001c9c:	3fe00000 	.word	0x3fe00000
 8001ca0:	08006280 	.word	0x08006280
 8001ca4:	a348      	add	r3, pc, #288	; (adr r3, 8001dc8 <__ieee754_rem_pio2+0x428>)
 8001ca6:	e9d3 2300 	ldrd	r2, r3, [r3]
 8001caa:	e9dd 0104 	ldrd	r0, r1, [sp, #16]
 8001cae:	f001 fae1 	bl	8003274 <__aeabi_dmul>
 8001cb2:	4680      	mov	r8, r0
 8001cb4:	4689      	mov	r9, r1
 8001cb6:	4602      	mov	r2, r0
 8001cb8:	460b      	mov	r3, r1
 8001cba:	e9dd 0108 	ldrd	r0, r1, [sp, #32]
 8001cbe:	f001 f921 	bl	8002f04 <__aeabi_dsub>
 8001cc2:	4682      	mov	sl, r0
 8001cc4:	468b      	mov	fp, r1
 8001cc6:	4652      	mov	r2, sl
 8001cc8:	465b      	mov	r3, fp
 8001cca:	e9dd 0108 	ldrd	r0, r1, [sp, #32]
 8001cce:	e9cd ab02 	strd	sl, fp, [sp, #8]
 8001cd2:	f001 f917 	bl	8002f04 <__aeabi_dsub>
 8001cd6:	4642      	mov	r2, r8
 8001cd8:	464b      	mov	r3, r9
 8001cda:	f001 f913 	bl	8002f04 <__aeabi_dsub>
 8001cde:	a33c      	add	r3, pc, #240	; (adr r3, 8001dd0 <__ieee754_rem_pio2+0x430>)
 8001ce0:	e9d3 2300 	ldrd	r2, r3, [r3]
 8001ce4:	4680      	mov	r8, r0
 8001ce6:	4689      	mov	r9, r1
 8001ce8:	e9dd 0104 	ldrd	r0, r1, [sp, #16]
 8001cec:	f001 fac2 	bl	8003274 <__aeabi_dmul>
 8001cf0:	4642      	mov	r2, r8
 8001cf2:	464b      	mov	r3, r9
 8001cf4:	f001 f906 	bl	8002f04 <__aeabi_dsub>
 8001cf8:	4602      	mov	r2, r0
 8001cfa:	460b      	mov	r3, r1
 8001cfc:	4680      	mov	r8, r0
 8001cfe:	4689      	mov	r9, r1
 8001d00:	4650      	mov	r0, sl
 8001d02:	4659      	mov	r1, fp
 8001d04:	f001 f8fe 	bl	8002f04 <__aeabi_dsub>
 8001d08:	468b      	mov	fp, r1
 8001d0a:	4682      	mov	sl, r0
 8001d0c:	4652      	mov	r2, sl
 8001d0e:	465b      	mov	r3, fp
 8001d10:	e9c4 2300 	strd	r2, r3, [r4]
 8001d14:	4652      	mov	r2, sl
 8001d16:	465b      	mov	r3, fp
 8001d18:	e9dd 0102 	ldrd	r0, r1, [sp, #8]
 8001d1c:	f001 f8f2 	bl	8002f04 <__aeabi_dsub>
 8001d20:	4642      	mov	r2, r8
 8001d22:	464b      	mov	r3, r9
 8001d24:	f001 f8ee 	bl	8002f04 <__aeabi_dsub>
 8001d28:	2f00      	cmp	r7, #0
 8001d2a:	4602      	mov	r2, r0
 8001d2c:	460b      	mov	r3, r1
 8001d2e:	e9c4 2302 	strd	r2, r3, [r4, #8]
 8001d32:	f6bf ae66 	bge.w	8001a02 <__ieee754_rem_pio2+0x62>
 8001d36:	f10b 4300 	add.w	r3, fp, #2147483648	; 0x80000000
 8001d3a:	f101 4100 	add.w	r1, r1, #2147483648	; 0x80000000
 8001d3e:	60a0      	str	r0, [r4, #8]
 8001d40:	f8c4 a000 	str.w	sl, [r4]
 8001d44:	6063      	str	r3, [r4, #4]
 8001d46:	60e1      	str	r1, [r4, #12]
 8001d48:	4276      	negs	r6, r6
 8001d4a:	e65a      	b.n	8001a02 <__ieee754_rem_pio2+0x62>
 8001d4c:	2303      	movs	r3, #3
 8001d4e:	e69c      	b.n	8001a8a <__ieee754_rem_pio2+0xea>
 8001d50:	f001 f8da 	bl	8002f08 <__adddf3>
 8001d54:	4b26      	ldr	r3, [pc, #152]	; (8001df0 <__ieee754_rem_pio2+0x450>)
 8001d56:	429d      	cmp	r5, r3
 8001d58:	4680      	mov	r8, r0
 8001d5a:	4689      	mov	r9, r1
 8001d5c:	d016      	beq.n	8001d8c <__ieee754_rem_pio2+0x3ec>
 8001d5e:	a31e      	add	r3, pc, #120	; (adr r3, 8001dd8 <__ieee754_rem_pio2+0x438>)
 8001d60:	e9d3 2300 	ldrd	r2, r3, [r3]
 8001d64:	f001 f8d0 	bl	8002f08 <__adddf3>
 8001d68:	4602      	mov	r2, r0
 8001d6a:	460b      	mov	r3, r1
 8001d6c:	e9c4 2300 	strd	r2, r3, [r4]
 8001d70:	4640      	mov	r0, r8
 8001d72:	4649      	mov	r1, r9
 8001d74:	f001 f8c6 	bl	8002f04 <__aeabi_dsub>
 8001d78:	a317      	add	r3, pc, #92	; (adr r3, 8001dd8 <__ieee754_rem_pio2+0x438>)
 8001d7a:	e9d3 2300 	ldrd	r2, r3, [r3]
 8001d7e:	f001 f8c3 	bl	8002f08 <__adddf3>
 8001d82:	f04f 36ff 	mov.w	r6, #4294967295	; 0xffffffff
 8001d86:	e9c4 0102 	strd	r0, r1, [r4, #8]
 8001d8a:	e63a      	b.n	8001a02 <__ieee754_rem_pio2+0x62>
 8001d8c:	a314      	add	r3, pc, #80	; (adr r3, 8001de0 <__ieee754_rem_pio2+0x440>)
 8001d8e:	e9d3 2300 	ldrd	r2, r3, [r3]
 8001d92:	f001 f8b9 	bl	8002f08 <__adddf3>
 8001d96:	a314      	add	r3, pc, #80	; (adr r3, 8001de8 <__ieee754_rem_pio2+0x448>)
 8001d98:	e9d3 2300 	ldrd	r2, r3, [r3]
 8001d9c:	4680      	mov	r8, r0
 8001d9e:	4689      	mov	r9, r1
 8001da0:	f001 f8b2 	bl	8002f08 <__adddf3>
 8001da4:	4602      	mov	r2, r0
 8001da6:	460b      	mov	r3, r1
 8001da8:	e9c4 2300 	strd	r2, r3, [r4]
 8001dac:	4640      	mov	r0, r8
 8001dae:	4649      	mov	r1, r9
 8001db0:	f001 f8a8 	bl	8002f04 <__aeabi_dsub>
 8001db4:	a30c      	add	r3, pc, #48	; (adr r3, 8001de8 <__ieee754_rem_pio2+0x448>)
 8001db6:	e9d3 2300 	ldrd	r2, r3, [r3]
 8001dba:	f001 f8a5 	bl	8002f08 <__adddf3>
 8001dbe:	f04f 36ff 	mov.w	r6, #4294967295	; 0xffffffff
 8001dc2:	e9c4 0102 	strd	r0, r1, [r4, #8]
 8001dc6:	e61c      	b.n	8001a02 <__ieee754_rem_pio2+0x62>
 8001dc8:	2e000000 	.word	0x2e000000
 8001dcc:	3ba3198a 	.word	0x3ba3198a
 8001dd0:	252049c1 	.word	0x252049c1
 8001dd4:	397b839a 	.word	0x397b839a
 8001dd8:	1a626331 	.word	0x1a626331
 8001ddc:	3dd0b461 	.word	0x3dd0b461
 8001de0:	1a600000 	.word	0x1a600000
 8001de4:	3dd0b461 	.word	0x3dd0b461
 8001de8:	2e037073 	.word	0x2e037073
 8001dec:	3ba3198a 	.word	0x3ba3198a
 8001df0:	3ff921fb 	.word	0x3ff921fb

08001df4 <__ieee754_sqrt>:
 8001df4:	4a61      	ldr	r2, [pc, #388]	; (8001f7c <__ieee754_sqrt+0x188>)
 8001df6:	438a      	bics	r2, r1
 8001df8:	e92d 43f8 	stmdb	sp!, {r3, r4, r5, r6, r7, r8, r9, lr}
 8001dfc:	4605      	mov	r5, r0
 8001dfe:	460c      	mov	r4, r1
 8001e00:	f000 809e 	beq.w	8001f40 <__ieee754_sqrt+0x14c>
 8001e04:	2900      	cmp	r1, #0
 8001e06:	460b      	mov	r3, r1
 8001e08:	4684      	mov	ip, r0
 8001e0a:	dd54      	ble.n	8001eb6 <__ieee754_sqrt+0xc2>
 8001e0c:	1509      	asrs	r1, r1, #20
 8001e0e:	d062      	beq.n	8001ed6 <__ieee754_sqrt+0xe2>
 8001e10:	f3c3 0313 	ubfx	r3, r3, #0, #20
 8001e14:	07c8      	lsls	r0, r1, #31
 8001e16:	f2a1 37ff 	subw	r7, r1, #1023	; 0x3ff
 8001e1a:	f443 1380 	orr.w	r3, r3, #1048576	; 0x100000
 8001e1e:	d404      	bmi.n	8001e2a <__ieee754_sqrt+0x36>
 8001e20:	005b      	lsls	r3, r3, #1
 8001e22:	eb03 73dc 	add.w	r3, r3, ip, lsr #31
 8001e26:	ea4f 0c4c 	mov.w	ip, ip, lsl #1
 8001e2a:	ea4f 72dc 	mov.w	r2, ip, lsr #31
 8001e2e:	2600      	movs	r6, #0
 8001e30:	eb02 0343 	add.w	r3, r2, r3, lsl #1
 8001e34:	107f      	asrs	r7, r7, #1
 8001e36:	ea4f 0c4c 	mov.w	ip, ip, lsl #1
 8001e3a:	f04f 0e16 	mov.w	lr, #22
 8001e3e:	4634      	mov	r4, r6
 8001e40:	f44f 1200 	mov.w	r2, #2097152	; 0x200000
 8001e44:	18a1      	adds	r1, r4, r2
 8001e46:	4299      	cmp	r1, r3
 8001e48:	dc02      	bgt.n	8001e50 <__ieee754_sqrt+0x5c>
 8001e4a:	1a5b      	subs	r3, r3, r1
 8001e4c:	188c      	adds	r4, r1, r2
 8001e4e:	4416      	add	r6, r2
 8001e50:	005b      	lsls	r3, r3, #1
 8001e52:	f1be 0e01 	subs.w	lr, lr, #1
 8001e56:	eb03 73dc 	add.w	r3, r3, ip, lsr #31
 8001e5a:	ea4f 0252 	mov.w	r2, r2, lsr #1
 8001e5e:	ea4f 0c4c 	mov.w	ip, ip, lsl #1
 8001e62:	d1ef      	bne.n	8001e44 <__ieee754_sqrt+0x50>
 8001e64:	4675      	mov	r5, lr
 8001e66:	2020      	movs	r0, #32
 8001e68:	f04f 4200 	mov.w	r2, #2147483648	; 0x80000000
 8001e6c:	e00a      	b.n	8001e84 <__ieee754_sqrt+0x90>
 8001e6e:	d043      	beq.n	8001ef8 <__ieee754_sqrt+0x104>
 8001e70:	ea4f 71dc 	mov.w	r1, ip, lsr #31
 8001e74:	3801      	subs	r0, #1
 8001e76:	eb01 0343 	add.w	r3, r1, r3, lsl #1
 8001e7a:	ea4f 0c4c 	mov.w	ip, ip, lsl #1
 8001e7e:	ea4f 0252 	mov.w	r2, r2, lsr #1
 8001e82:	d042      	beq.n	8001f0a <__ieee754_sqrt+0x116>
 8001e84:	42a3      	cmp	r3, r4
 8001e86:	eb02 010e 	add.w	r1, r2, lr
 8001e8a:	ddf0      	ble.n	8001e6e <__ieee754_sqrt+0x7a>
 8001e8c:	2900      	cmp	r1, #0
 8001e8e:	eb01 0e02 	add.w	lr, r1, r2
 8001e92:	db0a      	blt.n	8001eaa <__ieee754_sqrt+0xb6>
 8001e94:	46a0      	mov	r8, r4
 8001e96:	1b1b      	subs	r3, r3, r4
 8001e98:	4561      	cmp	r1, ip
 8001e9a:	bf88      	it	hi
 8001e9c:	f103 33ff 	addhi.w	r3, r3, #4294967295	; 0xffffffff
 8001ea0:	ebac 0c01 	sub.w	ip, ip, r1
 8001ea4:	4415      	add	r5, r2
 8001ea6:	4644      	mov	r4, r8
 8001ea8:	e7e2      	b.n	8001e70 <__ieee754_sqrt+0x7c>
 8001eaa:	f1be 0f00 	cmp.w	lr, #0
 8001eae:	dbf1      	blt.n	8001e94 <__ieee754_sqrt+0xa0>
 8001eb0:	f104 0801 	add.w	r8, r4, #1
 8001eb4:	e7ef      	b.n	8001e96 <__ieee754_sqrt+0xa2>
 8001eb6:	f021 4200 	bic.w	r2, r1, #2147483648	; 0x80000000
 8001eba:	4302      	orrs	r2, r0
 8001ebc:	d036      	beq.n	8001f2c <__ieee754_sqrt+0x138>
 8001ebe:	2900      	cmp	r1, #0
 8001ec0:	d14c      	bne.n	8001f5c <__ieee754_sqrt+0x168>
 8001ec2:	ea4f 22dc 	mov.w	r2, ip, lsr #11
 8001ec6:	3915      	subs	r1, #21
 8001ec8:	4613      	mov	r3, r2
 8001eca:	ea4f 5c4c 	mov.w	ip, ip, lsl #21
 8001ece:	2a00      	cmp	r2, #0
 8001ed0:	d0f7      	beq.n	8001ec2 <__ieee754_sqrt+0xce>
 8001ed2:	02d6      	lsls	r6, r2, #11
 8001ed4:	d44c      	bmi.n	8001f70 <__ieee754_sqrt+0x17c>
 8001ed6:	2000      	movs	r0, #0
 8001ed8:	005b      	lsls	r3, r3, #1
 8001eda:	02dd      	lsls	r5, r3, #11
 8001edc:	4604      	mov	r4, r0
 8001ede:	f100 0001 	add.w	r0, r0, #1
 8001ee2:	d5f9      	bpl.n	8001ed8 <__ieee754_sqrt+0xe4>
 8001ee4:	461a      	mov	r2, r3
 8001ee6:	4663      	mov	r3, ip
 8001ee8:	fa0c fc00 	lsl.w	ip, ip, r0
 8001eec:	f1c0 0020 	rsb	r0, r0, #32
 8001ef0:	40c3      	lsrs	r3, r0
 8001ef2:	1b09      	subs	r1, r1, r4
 8001ef4:	4313      	orrs	r3, r2
 8001ef6:	e78b      	b.n	8001e10 <__ieee754_sqrt+0x1c>
 8001ef8:	4561      	cmp	r1, ip
 8001efa:	d8b9      	bhi.n	8001e70 <__ieee754_sqrt+0x7c>
 8001efc:	2900      	cmp	r1, #0
 8001efe:	eb01 0e02 	add.w	lr, r1, r2
 8001f02:	dbd2      	blt.n	8001eaa <__ieee754_sqrt+0xb6>
 8001f04:	4698      	mov	r8, r3
 8001f06:	2300      	movs	r3, #0
 8001f08:	e7ca      	b.n	8001ea0 <__ieee754_sqrt+0xac>
 8001f0a:	ea53 030c 	orrs.w	r3, r3, ip
 8001f0e:	d111      	bne.n	8001f34 <__ieee754_sqrt+0x140>
 8001f10:	0868      	lsrs	r0, r5, #1
 8001f12:	1073      	asrs	r3, r6, #1
 8001f14:	f103 537f 	add.w	r3, r3, #1069547520	; 0x3fc00000
 8001f18:	f503 1300 	add.w	r3, r3, #2097152	; 0x200000
 8001f1c:	07f2      	lsls	r2, r6, #31
 8001f1e:	bf48      	it	mi
 8001f20:	f040 4000 	orrmi.w	r0, r0, #2147483648	; 0x80000000
 8001f24:	eb03 5907 	add.w	r9, r3, r7, lsl #20
 8001f28:	4605      	mov	r5, r0
 8001f2a:	464c      	mov	r4, r9
 8001f2c:	4628      	mov	r0, r5
 8001f2e:	4621      	mov	r1, r4
 8001f30:	e8bd 83f8 	ldmia.w	sp!, {r3, r4, r5, r6, r7, r8, r9, pc}
 8001f34:	1c69      	adds	r1, r5, #1
 8001f36:	bf16      	itet	ne
 8001f38:	1c68      	addne	r0, r5, #1
 8001f3a:	3601      	addeq	r6, #1
 8001f3c:	0840      	lsrne	r0, r0, #1
 8001f3e:	e7e8      	b.n	8001f12 <__ieee754_sqrt+0x11e>
 8001f40:	4602      	mov	r2, r0
 8001f42:	460b      	mov	r3, r1
 8001f44:	f001 f996 	bl	8003274 <__aeabi_dmul>
 8001f48:	462a      	mov	r2, r5
 8001f4a:	4623      	mov	r3, r4
 8001f4c:	f000 ffdc 	bl	8002f08 <__adddf3>
 8001f50:	4605      	mov	r5, r0
 8001f52:	460c      	mov	r4, r1
 8001f54:	4628      	mov	r0, r5
 8001f56:	4621      	mov	r1, r4
 8001f58:	e8bd 83f8 	ldmia.w	sp!, {r3, r4, r5, r6, r7, r8, r9, pc}
 8001f5c:	4602      	mov	r2, r0
 8001f5e:	f000 ffd1 	bl	8002f04 <__aeabi_dsub>
 8001f62:	4602      	mov	r2, r0
 8001f64:	460b      	mov	r3, r1
 8001f66:	f001 faaf 	bl	80034c8 <__aeabi_ddiv>
 8001f6a:	4605      	mov	r5, r0
 8001f6c:	460c      	mov	r4, r1
 8001f6e:	e7dd      	b.n	8001f2c <__ieee754_sqrt+0x138>
 8001f70:	4663      	mov	r3, ip
 8001f72:	2020      	movs	r0, #32
 8001f74:	f04f 34ff 	mov.w	r4, #4294967295	; 0xffffffff
 8001f78:	e7ba      	b.n	8001ef0 <__ieee754_sqrt+0xfc>
 8001f7a:	bf00      	nop
 8001f7c:	7ff00000 	.word	0x7ff00000

08001f80 <__kernel_cos>:
 8001f80:	e92d 4ff0 	stmdb	sp!, {r4, r5, r6, r7, r8, r9, sl, fp, lr}
 8001f84:	f021 4800 	bic.w	r8, r1, #2147483648	; 0x80000000
 8001f88:	b087      	sub	sp, #28
 8001f8a:	f1b8 5f79 	cmp.w	r8, #1044381696	; 0x3e400000
 8001f8e:	4692      	mov	sl, r2
 8001f90:	469b      	mov	fp, r3
 8001f92:	4606      	mov	r6, r0
 8001f94:	9101      	str	r1, [sp, #4]
 8001f96:	da70      	bge.n	800207a <__kernel_cos+0xfa>
 8001f98:	f001 fc1c 	bl	80037d4 <__aeabi_d2iz>
 8001f9c:	2800      	cmp	r0, #0
 8001f9e:	f000 80f4 	beq.w	800218a <__kernel_cos+0x20a>
 8001fa2:	9b01      	ldr	r3, [sp, #4]
 8001fa4:	4632      	mov	r2, r6
 8001fa6:	4619      	mov	r1, r3
 8001fa8:	4630      	mov	r0, r6
 8001faa:	f001 f963 	bl	8003274 <__aeabi_dmul>
 8001fae:	a37a      	add	r3, pc, #488	; (adr r3, 8002198 <__kernel_cos+0x218>)
 8001fb0:	e9d3 2300 	ldrd	r2, r3, [r3]
 8001fb4:	4604      	mov	r4, r0
 8001fb6:	460d      	mov	r5, r1
 8001fb8:	f001 f95c 	bl	8003274 <__aeabi_dmul>
 8001fbc:	a378      	add	r3, pc, #480	; (adr r3, 80021a0 <__kernel_cos+0x220>)
 8001fbe:	e9d3 2300 	ldrd	r2, r3, [r3]
 8001fc2:	f000 ffa1 	bl	8002f08 <__adddf3>
 8001fc6:	4622      	mov	r2, r4
 8001fc8:	462b      	mov	r3, r5
 8001fca:	f001 f953 	bl	8003274 <__aeabi_dmul>
 8001fce:	a376      	add	r3, pc, #472	; (adr r3, 80021a8 <__kernel_cos+0x228>)
 8001fd0:	e9d3 2300 	ldrd	r2, r3, [r3]
 8001fd4:	f000 ff96 	bl	8002f04 <__aeabi_dsub>
 8001fd8:	4622      	mov	r2, r4
 8001fda:	462b      	mov	r3, r5
 8001fdc:	f001 f94a 	bl	8003274 <__aeabi_dmul>
 8001fe0:	a373      	add	r3, pc, #460	; (adr r3, 80021b0 <__kernel_cos+0x230>)
 8001fe2:	e9d3 2300 	ldrd	r2, r3, [r3]
 8001fe6:	f000 ff8f 	bl	8002f08 <__adddf3>
 8001fea:	4622      	mov	r2, r4
 8001fec:	462b      	mov	r3, r5
 8001fee:	f001 f941 	bl	8003274 <__aeabi_dmul>
 8001ff2:	a371      	add	r3, pc, #452	; (adr r3, 80021b8 <__kernel_cos+0x238>)
 8001ff4:	e9d3 2300 	ldrd	r2, r3, [r3]
 8001ff8:	f000 ff84 	bl	8002f04 <__aeabi_dsub>
 8001ffc:	4622      	mov	r2, r4
 8001ffe:	462b      	mov	r3, r5
 8002000:	f001 f938 	bl	8003274 <__aeabi_dmul>
 8002004:	a36e      	add	r3, pc, #440	; (adr r3, 80021c0 <__kernel_cos+0x240>)
 8002006:	e9d3 2300 	ldrd	r2, r3, [r3]
 800200a:	f000 ff7d 	bl	8002f08 <__adddf3>
 800200e:	4622      	mov	r2, r4
 8002010:	462b      	mov	r3, r5
 8002012:	f001 f92f 	bl	8003274 <__aeabi_dmul>
 8002016:	e9cd 0102 	strd	r0, r1, [sp, #8]
 800201a:	4b6b      	ldr	r3, [pc, #428]	; (80021c8 <__kernel_cos+0x248>)
 800201c:	2200      	movs	r2, #0
 800201e:	4620      	mov	r0, r4
 8002020:	4629      	mov	r1, r5
 8002022:	f001 f927 	bl	8003274 <__aeabi_dmul>
 8002026:	e9dd 2302 	ldrd	r2, r3, [sp, #8]
 800202a:	4680      	mov	r8, r0
 800202c:	4689      	mov	r9, r1
 800202e:	4620      	mov	r0, r4
 8002030:	4629      	mov	r1, r5
 8002032:	f001 f91f 	bl	8003274 <__aeabi_dmul>
 8002036:	464d      	mov	r5, r9
 8002038:	f8dd 9004 	ldr.w	r9, [sp, #4]
 800203c:	4644      	mov	r4, r8
 800203e:	46b0      	mov	r8, r6
 8002040:	460f      	mov	r7, r1
 8002042:	4606      	mov	r6, r0
 8002044:	4652      	mov	r2, sl
 8002046:	465b      	mov	r3, fp
 8002048:	4640      	mov	r0, r8
 800204a:	4649      	mov	r1, r9
 800204c:	f001 f912 	bl	8003274 <__aeabi_dmul>
 8002050:	4602      	mov	r2, r0
 8002052:	460b      	mov	r3, r1
 8002054:	4630      	mov	r0, r6
 8002056:	4639      	mov	r1, r7
 8002058:	f000 ff54 	bl	8002f04 <__aeabi_dsub>
 800205c:	4602      	mov	r2, r0
 800205e:	460b      	mov	r3, r1
 8002060:	4620      	mov	r0, r4
 8002062:	4629      	mov	r1, r5
 8002064:	f000 ff4e 	bl	8002f04 <__aeabi_dsub>
 8002068:	4602      	mov	r2, r0
 800206a:	460b      	mov	r3, r1
 800206c:	2000      	movs	r0, #0
 800206e:	4957      	ldr	r1, [pc, #348]	; (80021cc <__kernel_cos+0x24c>)
 8002070:	f000 ff48 	bl	8002f04 <__aeabi_dsub>
 8002074:	b007      	add	sp, #28
 8002076:	e8bd 8ff0 	ldmia.w	sp!, {r4, r5, r6, r7, r8, r9, sl, fp, pc}
 800207a:	9b01      	ldr	r3, [sp, #4]
 800207c:	4602      	mov	r2, r0
 800207e:	f001 f8f9 	bl	8003274 <__aeabi_dmul>
 8002082:	a345      	add	r3, pc, #276	; (adr r3, 8002198 <__kernel_cos+0x218>)
 8002084:	e9d3 2300 	ldrd	r2, r3, [r3]
 8002088:	4604      	mov	r4, r0
 800208a:	460d      	mov	r5, r1
 800208c:	f001 f8f2 	bl	8003274 <__aeabi_dmul>
 8002090:	a343      	add	r3, pc, #268	; (adr r3, 80021a0 <__kernel_cos+0x220>)
 8002092:	e9d3 2300 	ldrd	r2, r3, [r3]
 8002096:	f000 ff37 	bl	8002f08 <__adddf3>
 800209a:	4622      	mov	r2, r4
 800209c:	462b      	mov	r3, r5
 800209e:	f001 f8e9 	bl	8003274 <__aeabi_dmul>
 80020a2:	a341      	add	r3, pc, #260	; (adr r3, 80021a8 <__kernel_cos+0x228>)
 80020a4:	e9d3 2300 	ldrd	r2, r3, [r3]
 80020a8:	f000 ff2c 	bl	8002f04 <__aeabi_dsub>
 80020ac:	4622      	mov	r2, r4
 80020ae:	462b      	mov	r3, r5
 80020b0:	f001 f8e0 	bl	8003274 <__aeabi_dmul>
 80020b4:	a33e      	add	r3, pc, #248	; (adr r3, 80021b0 <__kernel_cos+0x230>)
 80020b6:	e9d3 2300 	ldrd	r2, r3, [r3]
 80020ba:	f000 ff25 	bl	8002f08 <__adddf3>
 80020be:	4622      	mov	r2, r4
 80020c0:	462b      	mov	r3, r5
 80020c2:	f001 f8d7 	bl	8003274 <__aeabi_dmul>
 80020c6:	a33c      	add	r3, pc, #240	; (adr r3, 80021b8 <__kernel_cos+0x238>)
 80020c8:	e9d3 2300 	ldrd	r2, r3, [r3]
 80020cc:	f000 ff1a 	bl	8002f04 <__aeabi_dsub>
 80020d0:	4622      	mov	r2, r4
 80020d2:	462b      	mov	r3, r5
 80020d4:	f001 f8ce 	bl	8003274 <__aeabi_dmul>
 80020d8:	a339      	add	r3, pc, #228	; (adr r3, 80021c0 <__kernel_cos+0x240>)
 80020da:	e9d3 2300 	ldrd	r2, r3, [r3]
 80020de:	f000 ff13 	bl	8002f08 <__adddf3>
 80020e2:	462b      	mov	r3, r5
 80020e4:	4622      	mov	r2, r4
 80020e6:	f001 f8c5 	bl	8003274 <__aeabi_dmul>
 80020ea:	4b39      	ldr	r3, [pc, #228]	; (80021d0 <__kernel_cos+0x250>)
 80020ec:	4598      	cmp	r8, r3
 80020ee:	e9cd 0102 	strd	r0, r1, [sp, #8]
 80020f2:	dd92      	ble.n	800201a <__kernel_cos+0x9a>
 80020f4:	4b37      	ldr	r3, [pc, #220]	; (80021d4 <__kernel_cos+0x254>)
 80020f6:	4598      	cmp	r8, r3
 80020f8:	f04f 0200 	mov.w	r2, #0
 80020fc:	dc3d      	bgt.n	800217a <__kernel_cos+0x1fa>
 80020fe:	f5a8 1300 	sub.w	r3, r8, #2097152	; 0x200000
 8002102:	4932      	ldr	r1, [pc, #200]	; (80021cc <__kernel_cos+0x24c>)
 8002104:	2000      	movs	r0, #0
 8002106:	4690      	mov	r8, r2
 8002108:	4699      	mov	r9, r3
 800210a:	f000 fefb 	bl	8002f04 <__aeabi_dsub>
 800210e:	e9cd 0104 	strd	r0, r1, [sp, #16]
 8002112:	4b2d      	ldr	r3, [pc, #180]	; (80021c8 <__kernel_cos+0x248>)
 8002114:	2200      	movs	r2, #0
 8002116:	4620      	mov	r0, r4
 8002118:	4629      	mov	r1, r5
 800211a:	f001 f8ab 	bl	8003274 <__aeabi_dmul>
 800211e:	4642      	mov	r2, r8
 8002120:	464b      	mov	r3, r9
 8002122:	f000 feef 	bl	8002f04 <__aeabi_dsub>
 8002126:	e9dd 2302 	ldrd	r2, r3, [sp, #8]
 800212a:	4680      	mov	r8, r0
 800212c:	4689      	mov	r9, r1
 800212e:	4620      	mov	r0, r4
 8002130:	4629      	mov	r1, r5
 8002132:	f001 f89f 	bl	8003274 <__aeabi_dmul>
 8002136:	464d      	mov	r5, r9
 8002138:	f8dd 9004 	ldr.w	r9, [sp, #4]
 800213c:	4644      	mov	r4, r8
 800213e:	46b0      	mov	r8, r6
 8002140:	460f      	mov	r7, r1
 8002142:	4606      	mov	r6, r0
 8002144:	4652      	mov	r2, sl
 8002146:	465b      	mov	r3, fp
 8002148:	4640      	mov	r0, r8
 800214a:	4649      	mov	r1, r9
 800214c:	f001 f892 	bl	8003274 <__aeabi_dmul>
 8002150:	4602      	mov	r2, r0
 8002152:	460b      	mov	r3, r1
 8002154:	4630      	mov	r0, r6
 8002156:	4639      	mov	r1, r7
 8002158:	f000 fed4 	bl	8002f04 <__aeabi_dsub>
 800215c:	4602      	mov	r2, r0
 800215e:	460b      	mov	r3, r1
 8002160:	4620      	mov	r0, r4
 8002162:	4629      	mov	r1, r5
 8002164:	f000 fece 	bl	8002f04 <__aeabi_dsub>
 8002168:	4602      	mov	r2, r0
 800216a:	460b      	mov	r3, r1
 800216c:	e9dd 0104 	ldrd	r0, r1, [sp, #16]
 8002170:	f000 fec8 	bl	8002f04 <__aeabi_dsub>
 8002174:	b007      	add	sp, #28
 8002176:	e8bd 8ff0 	ldmia.w	sp!, {r4, r5, r6, r7, r8, r9, sl, fp, pc}
 800217a:	4b17      	ldr	r3, [pc, #92]	; (80021d8 <__kernel_cos+0x258>)
 800217c:	f8df 905c 	ldr.w	r9, [pc, #92]	; 80021dc <__kernel_cos+0x25c>
 8002180:	e9cd 2304 	strd	r2, r3, [sp, #16]
 8002184:	f04f 0800 	mov.w	r8, #0
 8002188:	e7c3      	b.n	8002112 <__kernel_cos+0x192>
 800218a:	4910      	ldr	r1, [pc, #64]	; (80021cc <__kernel_cos+0x24c>)
 800218c:	2000      	movs	r0, #0
 800218e:	b007      	add	sp, #28
 8002190:	e8bd 8ff0 	ldmia.w	sp!, {r4, r5, r6, r7, r8, r9, sl, fp, pc}
 8002194:	f3af 8000 	nop.w
 8002198:	be8838d4 	.word	0xbe8838d4
 800219c:	bda8fae9 	.word	0xbda8fae9
 80021a0:	bdb4b1c4 	.word	0xbdb4b1c4
 80021a4:	3e21ee9e 	.word	0x3e21ee9e
 80021a8:	809c52ad 	.word	0x809c52ad
 80021ac:	3e927e4f 	.word	0x3e927e4f
 80021b0:	19cb1590 	.word	0x19cb1590
 80021b4:	3efa01a0 	.word	0x3efa01a0
 80021b8:	16c15177 	.word	0x16c15177
 80021bc:	3f56c16c 	.word	0x3f56c16c
 80021c0:	5555554c 	.word	0x5555554c
 80021c4:	3fa55555 	.word	0x3fa55555
 80021c8:	3fe00000 	.word	0x3fe00000
 80021cc:	3ff00000 	.word	0x3ff00000
 80021d0:	3fd33332 	.word	0x3fd33332
 80021d4:	3fe90000 	.word	0x3fe90000
 80021d8:	3fe70000 	.word	0x3fe70000
 80021dc:	3fd20000 	.word	0x3fd20000

080021e0 <__kernel_rem_pio2>:
 80021e0:	e92d 4ff0 	stmdb	sp!, {r4, r5, r6, r7, r8, r9, sl, fp, lr}
 80021e4:	f5ad 7d19 	sub.w	sp, sp, #612	; 0x264
 80021e8:	461c      	mov	r4, r3
 80021ea:	9308      	str	r3, [sp, #32]
 80021ec:	910b      	str	r1, [sp, #44]	; 0x2c
 80021ee:	4bb8      	ldr	r3, [pc, #736]	; (80024d0 <__kernel_rem_pio2+0x2f0>)
 80021f0:	99a2      	ldr	r1, [sp, #648]	; 0x288
 80021f2:	f853 3021 	ldr.w	r3, [r3, r1, lsl #2]
 80021f6:	9305      	str	r3, [sp, #20]
 80021f8:	f112 0f14 	cmn.w	r2, #20
 80021fc:	f104 33ff 	add.w	r3, r4, #4294967295	; 0xffffffff
 8002200:	4606      	mov	r6, r0
 8002202:	9303      	str	r3, [sp, #12]
 8002204:	f2c0 8340 	blt.w	8002888 <__kernel_rem_pio2+0x6a8>
 8002208:	49b2      	ldr	r1, [pc, #712]	; (80024d4 <__kernel_rem_pio2+0x2f4>)
 800220a:	1ed3      	subs	r3, r2, #3
 800220c:	fb81 0103 	smull	r0, r1, r1, r3
 8002210:	17db      	asrs	r3, r3, #31
 8002212:	ebc3 03a1 	rsb	r3, r3, r1, asr #2
 8002216:	9307      	str	r3, [sp, #28]
 8002218:	3301      	adds	r3, #1
 800221a:	eba3 0383 	sub.w	r3, r3, r3, lsl #2
 800221e:	00db      	lsls	r3, r3, #3
 8002220:	18d3      	adds	r3, r2, r3
 8002222:	9306      	str	r3, [sp, #24]
 8002224:	9a07      	ldr	r2, [sp, #28]
 8002226:	9b03      	ldr	r3, [sp, #12]
 8002228:	1ad4      	subs	r4, r2, r3
 800222a:	9a05      	ldr	r2, [sp, #20]
 800222c:	18d7      	adds	r7, r2, r3
 800222e:	d41b      	bmi.n	8002268 <__kernel_rem_pio2+0x88>
 8002230:	3701      	adds	r7, #1
 8002232:	f8dd a28c 	ldr.w	sl, [sp, #652]	; 0x28c
 8002236:	4427      	add	r7, r4
 8002238:	ad20      	add	r5, sp, #128	; 0x80
 800223a:	f04f 0800 	mov.w	r8, #0
 800223e:	f04f 0900 	mov.w	r9, #0
 8002242:	e008      	b.n	8002256 <__kernel_rem_pio2+0x76>
 8002244:	f85a 0024 	ldr.w	r0, [sl, r4, lsl #2]
 8002248:	f000 ffaa 	bl	80031a0 <__aeabi_i2d>
 800224c:	3401      	adds	r4, #1
 800224e:	42bc      	cmp	r4, r7
 8002250:	e8e5 0102 	strd	r0, r1, [r5], #8
 8002254:	d008      	beq.n	8002268 <__kernel_rem_pio2+0x88>
 8002256:	2c00      	cmp	r4, #0
 8002258:	daf4      	bge.n	8002244 <__kernel_rem_pio2+0x64>
 800225a:	3401      	adds	r4, #1
 800225c:	4640      	mov	r0, r8
 800225e:	4649      	mov	r1, r9
 8002260:	42bc      	cmp	r4, r7
 8002262:	e8e5 0102 	strd	r0, r1, [r5], #8
 8002266:	d1f6      	bne.n	8002256 <__kernel_rem_pio2+0x76>
 8002268:	9b05      	ldr	r3, [sp, #20]
 800226a:	2b00      	cmp	r3, #0
 800226c:	f2c0 83bc 	blt.w	80029e8 <__kernel_rem_pio2+0x808>
 8002270:	9b08      	ldr	r3, [sp, #32]
 8002272:	f8dd 900c 	ldr.w	r9, [sp, #12]
 8002276:	aa20      	add	r2, sp, #128	; 0x80
 8002278:	eb02 0ac3 	add.w	sl, r2, r3, lsl #3
 800227c:	00da      	lsls	r2, r3, #3
 800227e:	9202      	str	r2, [sp, #8]
 8002280:	9a05      	ldr	r2, [sp, #20]
 8002282:	f1a6 0108 	sub.w	r1, r6, #8
 8002286:	441a      	add	r2, r3
 8002288:	9104      	str	r1, [sp, #16]
 800228a:	f50d 7be0 	add.w	fp, sp, #448	; 0x1c0
 800228e:	9201      	str	r2, [sp, #4]
 8002290:	eb01 08c3 	add.w	r8, r1, r3, lsl #3
 8002294:	9b03      	ldr	r3, [sp, #12]
 8002296:	2b00      	cmp	r3, #0
 8002298:	f2c0 81af 	blt.w	80025fa <__kernel_rem_pio2+0x41a>
 800229c:	9e04      	ldr	r6, [sp, #16]
 800229e:	4657      	mov	r7, sl
 80022a0:	2400      	movs	r4, #0
 80022a2:	2500      	movs	r5, #0
 80022a4:	e977 2302 	ldrd	r2, r3, [r7, #-8]!
 80022a8:	e9f6 0102 	ldrd	r0, r1, [r6, #8]!
 80022ac:	f000 ffe2 	bl	8003274 <__aeabi_dmul>
 80022b0:	4602      	mov	r2, r0
 80022b2:	460b      	mov	r3, r1
 80022b4:	4620      	mov	r0, r4
 80022b6:	4629      	mov	r1, r5
 80022b8:	f000 fe26 	bl	8002f08 <__adddf3>
 80022bc:	4546      	cmp	r6, r8
 80022be:	4604      	mov	r4, r0
 80022c0:	460d      	mov	r5, r1
 80022c2:	d1ef      	bne.n	80022a4 <__kernel_rem_pio2+0xc4>
 80022c4:	9b01      	ldr	r3, [sp, #4]
 80022c6:	f109 0901 	add.w	r9, r9, #1
 80022ca:	4599      	cmp	r9, r3
 80022cc:	e8eb 4502 	strd	r4, r5, [fp], #8
 80022d0:	f10a 0a08 	add.w	sl, sl, #8
 80022d4:	d1de      	bne.n	8002294 <__kernel_rem_pio2+0xb4>
 80022d6:	9b04      	ldr	r3, [sp, #16]
 80022d8:	f8dd b008 	ldr.w	fp, [sp, #8]
 80022dc:	9a05      	ldr	r2, [sp, #20]
 80022de:	9201      	str	r2, [sp, #4]
 80022e0:	449b      	add	fp, r3
 80022e2:	ab0b      	add	r3, sp, #44	; 0x2c
 80022e4:	eb03 0382 	add.w	r3, r3, r2, lsl #2
 80022e8:	930a      	str	r3, [sp, #40]	; 0x28
 80022ea:	ab0c      	add	r3, sp, #48	; 0x30
 80022ec:	eb03 0382 	add.w	r3, r3, r2, lsl #2
 80022f0:	3b08      	subs	r3, #8
 80022f2:	9309      	str	r3, [sp, #36]	; 0x24
 80022f4:	9a01      	ldr	r2, [sp, #4]
 80022f6:	ab98      	add	r3, sp, #608	; 0x260
 80022f8:	eb03 03c2 	add.w	r3, r3, r2, lsl #3
 80022fc:	2a00      	cmp	r2, #0
 80022fe:	e953 4528 	ldrd	r4, r5, [r3, #-160]	; 0xa0
 8002302:	dd29      	ble.n	8002358 <__kernel_rem_pio2+0x178>
 8002304:	f50d 7ae0 	add.w	sl, sp, #448	; 0x1c0
 8002308:	eb0a 08c2 	add.w	r8, sl, r2, lsl #3
 800230c:	f10d 0930 	add.w	r9, sp, #48	; 0x30
 8002310:	4b71      	ldr	r3, [pc, #452]	; (80024d8 <__kernel_rem_pio2+0x2f8>)
 8002312:	2200      	movs	r2, #0
 8002314:	4620      	mov	r0, r4
 8002316:	4629      	mov	r1, r5
 8002318:	f000 ffac 	bl	8003274 <__aeabi_dmul>
 800231c:	f001 fa5a 	bl	80037d4 <__aeabi_d2iz>
 8002320:	f000 ff3e 	bl	80031a0 <__aeabi_i2d>
 8002324:	4b6d      	ldr	r3, [pc, #436]	; (80024dc <__kernel_rem_pio2+0x2fc>)
 8002326:	2200      	movs	r2, #0
 8002328:	4606      	mov	r6, r0
 800232a:	460f      	mov	r7, r1
 800232c:	f000 ffa2 	bl	8003274 <__aeabi_dmul>
 8002330:	4602      	mov	r2, r0
 8002332:	460b      	mov	r3, r1
 8002334:	4620      	mov	r0, r4
 8002336:	4629      	mov	r1, r5
 8002338:	f000 fde4 	bl	8002f04 <__aeabi_dsub>
 800233c:	f001 fa4a 	bl	80037d4 <__aeabi_d2iz>
 8002340:	e978 2302 	ldrd	r2, r3, [r8, #-8]!
 8002344:	f849 0b04 	str.w	r0, [r9], #4
 8002348:	4639      	mov	r1, r7
 800234a:	4630      	mov	r0, r6
 800234c:	f000 fddc 	bl	8002f08 <__adddf3>
 8002350:	45d0      	cmp	r8, sl
 8002352:	4604      	mov	r4, r0
 8002354:	460d      	mov	r5, r1
 8002356:	d1db      	bne.n	8002310 <__kernel_rem_pio2+0x130>
 8002358:	f8dd 9018 	ldr.w	r9, [sp, #24]
 800235c:	4620      	mov	r0, r4
 800235e:	4629      	mov	r1, r5
 8002360:	464a      	mov	r2, r9
 8002362:	f000 fd51 	bl	8002e08 <scalbn>
 8002366:	2200      	movs	r2, #0
 8002368:	f04f 537f 	mov.w	r3, #1069547520	; 0x3fc00000
 800236c:	4604      	mov	r4, r0
 800236e:	460d      	mov	r5, r1
 8002370:	f000 ff80 	bl	8003274 <__aeabi_dmul>
 8002374:	f000 fc28 	bl	8002bc8 <floor>
 8002378:	4b59      	ldr	r3, [pc, #356]	; (80024e0 <__kernel_rem_pio2+0x300>)
 800237a:	2200      	movs	r2, #0
 800237c:	f000 ff7a 	bl	8003274 <__aeabi_dmul>
 8002380:	4602      	mov	r2, r0
 8002382:	460b      	mov	r3, r1
 8002384:	4620      	mov	r0, r4
 8002386:	4629      	mov	r1, r5
 8002388:	f000 fdbc 	bl	8002f04 <__aeabi_dsub>
 800238c:	460d      	mov	r5, r1
 800238e:	4604      	mov	r4, r0
 8002390:	f001 fa20 	bl	80037d4 <__aeabi_d2iz>
 8002394:	4680      	mov	r8, r0
 8002396:	f000 ff03 	bl	80031a0 <__aeabi_i2d>
 800239a:	460b      	mov	r3, r1
 800239c:	4602      	mov	r2, r0
 800239e:	4629      	mov	r1, r5
 80023a0:	4620      	mov	r0, r4
 80023a2:	f000 fdaf 	bl	8002f04 <__aeabi_dsub>
 80023a6:	464b      	mov	r3, r9
 80023a8:	2b00      	cmp	r3, #0
 80023aa:	4606      	mov	r6, r0
 80023ac:	460f      	mov	r7, r1
 80023ae:	f340 8099 	ble.w	80024e4 <__kernel_rem_pio2+0x304>
 80023b2:	9a01      	ldr	r2, [sp, #4]
 80023b4:	1e51      	subs	r1, r2, #1
 80023b6:	aa0c      	add	r2, sp, #48	; 0x30
 80023b8:	f1c9 0318 	rsb	r3, r9, #24
 80023bc:	f852 2021 	ldr.w	r2, [r2, r1, lsl #2]
 80023c0:	fa42 f003 	asr.w	r0, r2, r3
 80023c4:	fa00 f303 	lsl.w	r3, r0, r3
 80023c8:	1ad3      	subs	r3, r2, r3
 80023ca:	f1c9 0517 	rsb	r5, r9, #23
 80023ce:	aa0c      	add	r2, sp, #48	; 0x30
 80023d0:	fa43 f505 	asr.w	r5, r3, r5
 80023d4:	2d00      	cmp	r5, #0
 80023d6:	f842 3021 	str.w	r3, [r2, r1, lsl #2]
 80023da:	4480      	add	r8, r0
 80023dc:	f300 808c 	bgt.w	80024f8 <__kernel_rem_pio2+0x318>
 80023e0:	2200      	movs	r2, #0
 80023e2:	2300      	movs	r3, #0
 80023e4:	4630      	mov	r0, r6
 80023e6:	4639      	mov	r1, r7
 80023e8:	f001 f9ac 	bl	8003744 <__aeabi_dcmpeq>
 80023ec:	2800      	cmp	r0, #0
 80023ee:	f000 8252 	beq.w	8002896 <__kernel_rem_pio2+0x6b6>
 80023f2:	9b01      	ldr	r3, [sp, #4]
 80023f4:	9a05      	ldr	r2, [sp, #20]
 80023f6:	f103 3aff 	add.w	sl, r3, #4294967295	; 0xffffffff
 80023fa:	4552      	cmp	r2, sl
 80023fc:	dc10      	bgt.n	8002420 <__kernel_rem_pio2+0x240>
 80023fe:	f103 4380 	add.w	r3, r3, #1073741824	; 0x40000000
 8002402:	aa0c      	add	r2, sp, #48	; 0x30
 8002404:	3b01      	subs	r3, #1
 8002406:	980a      	ldr	r0, [sp, #40]	; 0x28
 8002408:	eb02 0383 	add.w	r3, r2, r3, lsl #2
 800240c:	2200      	movs	r2, #0
 800240e:	f853 1904 	ldr.w	r1, [r3], #-4
 8002412:	4283      	cmp	r3, r0
 8002414:	ea42 0201 	orr.w	r2, r2, r1
 8002418:	d1f9      	bne.n	800240e <__kernel_rem_pio2+0x22e>
 800241a:	2a00      	cmp	r2, #0
 800241c:	f040 80f0 	bne.w	8002600 <__kernel_rem_pio2+0x420>
 8002420:	9b05      	ldr	r3, [sp, #20]
 8002422:	aa0c      	add	r2, sp, #48	; 0x30
 8002424:	3b01      	subs	r3, #1
 8002426:	f852 3023 	ldr.w	r3, [r2, r3, lsl #2]
 800242a:	2b00      	cmp	r3, #0
 800242c:	f040 80e0 	bne.w	80025f0 <__kernel_rem_pio2+0x410>
 8002430:	9a09      	ldr	r2, [sp, #36]	; 0x24
 8002432:	2301      	movs	r3, #1
 8002434:	f852 1904 	ldr.w	r1, [r2], #-4
 8002438:	3301      	adds	r3, #1
 800243a:	2900      	cmp	r1, #0
 800243c:	d0fa      	beq.n	8002434 <__kernel_rem_pio2+0x254>
 800243e:	9a01      	ldr	r2, [sp, #4]
 8002440:	18d3      	adds	r3, r2, r3
 8002442:	9302      	str	r3, [sp, #8]
 8002444:	1c53      	adds	r3, r2, #1
 8002446:	4699      	mov	r9, r3
 8002448:	f8dd 8004 	ldr.w	r8, [sp, #4]
 800244c:	9a08      	ldr	r2, [sp, #32]
 800244e:	4490      	add	r8, r2
 8002450:	9a07      	ldr	r2, [sp, #28]
 8002452:	eb02 0a03 	add.w	sl, r2, r3
 8002456:	f10a 4a80 	add.w	sl, sl, #1073741824	; 0x40000000
 800245a:	9aa3      	ldr	r2, [sp, #652]	; 0x28c
 800245c:	f10a 3aff 	add.w	sl, sl, #4294967295	; 0xffffffff
 8002460:	eb02 0a8a 	add.w	sl, r2, sl, lsl #2
 8002464:	aa20      	add	r2, sp, #128	; 0x80
 8002466:	eb02 08c8 	add.w	r8, r2, r8, lsl #3
 800246a:	aa70      	add	r2, sp, #448	; 0x1c0
 800246c:	eb02 03c3 	add.w	r3, r2, r3, lsl #3
 8002470:	9301      	str	r3, [sp, #4]
 8002472:	f85a 0f04 	ldr.w	r0, [sl, #4]!
 8002476:	f000 fe93 	bl	80031a0 <__aeabi_i2d>
 800247a:	9b03      	ldr	r3, [sp, #12]
 800247c:	2b00      	cmp	r3, #0
 800247e:	e9c8 0100 	strd	r0, r1, [r8]
 8002482:	4647      	mov	r7, r8
 8002484:	f108 0808 	add.w	r8, r8, #8
 8002488:	db1f      	blt.n	80024ca <__kernel_rem_pio2+0x2ea>
 800248a:	9e04      	ldr	r6, [sp, #16]
 800248c:	3f08      	subs	r7, #8
 800248e:	2400      	movs	r4, #0
 8002490:	2500      	movs	r5, #0
 8002492:	e001      	b.n	8002498 <__kernel_rem_pio2+0x2b8>
 8002494:	e877 0102 	ldrd	r0, r1, [r7], #-8
 8002498:	e9f6 2302 	ldrd	r2, r3, [r6, #8]!
 800249c:	f000 feea 	bl	8003274 <__aeabi_dmul>
 80024a0:	4602      	mov	r2, r0
 80024a2:	460b      	mov	r3, r1
 80024a4:	4620      	mov	r0, r4
 80024a6:	4629      	mov	r1, r5
 80024a8:	f000 fd2e 	bl	8002f08 <__adddf3>
 80024ac:	455e      	cmp	r6, fp
 80024ae:	4604      	mov	r4, r0
 80024b0:	460d      	mov	r5, r1
 80024b2:	d1ef      	bne.n	8002494 <__kernel_rem_pio2+0x2b4>
 80024b4:	9b01      	ldr	r3, [sp, #4]
 80024b6:	e8e3 4502 	strd	r4, r5, [r3], #8
 80024ba:	9301      	str	r3, [sp, #4]
 80024bc:	9b02      	ldr	r3, [sp, #8]
 80024be:	f109 0901 	add.w	r9, r9, #1
 80024c2:	4599      	cmp	r9, r3
 80024c4:	ddd5      	ble.n	8002472 <__kernel_rem_pio2+0x292>
 80024c6:	9301      	str	r3, [sp, #4]
 80024c8:	e714      	b.n	80022f4 <__kernel_rem_pio2+0x114>
 80024ca:	2400      	movs	r4, #0
 80024cc:	2500      	movs	r5, #0
 80024ce:	e7f1      	b.n	80024b4 <__kernel_rem_pio2+0x2d4>
 80024d0:	08006408 	.word	0x08006408
 80024d4:	2aaaaaab 	.word	0x2aaaaaab
 80024d8:	3e700000 	.word	0x3e700000
 80024dc:	41700000 	.word	0x41700000
 80024e0:	40200000 	.word	0x40200000
 80024e4:	d16b      	bne.n	80025be <__kernel_rem_pio2+0x3de>
 80024e6:	9b01      	ldr	r3, [sp, #4]
 80024e8:	aa0c      	add	r2, sp, #48	; 0x30
 80024ea:	3b01      	subs	r3, #1
 80024ec:	f852 5023 	ldr.w	r5, [r2, r3, lsl #2]
 80024f0:	15ed      	asrs	r5, r5, #23
 80024f2:	2d00      	cmp	r5, #0
 80024f4:	f77f af74 	ble.w	80023e0 <__kernel_rem_pio2+0x200>
 80024f8:	9b01      	ldr	r3, [sp, #4]
 80024fa:	2b00      	cmp	r3, #0
 80024fc:	f108 0801 	add.w	r8, r8, #1
 8002500:	f340 81c7 	ble.w	8002892 <__kernel_rem_pio2+0x6b2>
 8002504:	9c0c      	ldr	r4, [sp, #48]	; 0x30
 8002506:	2c00      	cmp	r4, #0
 8002508:	d151      	bne.n	80025ae <__kernel_rem_pio2+0x3ce>
 800250a:	9b01      	ldr	r3, [sp, #4]
 800250c:	2b01      	cmp	r3, #1
 800250e:	d020      	beq.n	8002552 <__kernel_rem_pio2+0x372>
 8002510:	ab0c      	add	r3, sp, #48	; 0x30
 8002512:	2201      	movs	r2, #1
 8002514:	f853 4f04 	ldr.w	r4, [r3, #4]!
 8002518:	2c00      	cmp	r4, #0
 800251a:	d04b      	beq.n	80025b4 <__kernel_rem_pio2+0x3d4>
 800251c:	1c53      	adds	r3, r2, #1
 800251e:	a90c      	add	r1, sp, #48	; 0x30
 8002520:	f1c4 7480 	rsb	r4, r4, #16777216	; 0x1000000
 8002524:	f841 4022 	str.w	r4, [r1, r2, lsl #2]
 8002528:	9901      	ldr	r1, [sp, #4]
 800252a:	4299      	cmp	r1, r3
 800252c:	dd10      	ble.n	8002550 <__kernel_rem_pio2+0x370>
 800252e:	aa0c      	add	r2, sp, #48	; 0x30
 8002530:	a80c      	add	r0, sp, #48	; 0x30
 8002532:	f852 2023 	ldr.w	r2, [r2, r3, lsl #2]
 8002536:	eb00 0383 	add.w	r3, r0, r3, lsl #2
 800253a:	eb00 0081 	add.w	r0, r0, r1, lsl #2
 800253e:	f06f 417f 	mvn.w	r1, #4278190080	; 0xff000000
 8002542:	e000      	b.n	8002546 <__kernel_rem_pio2+0x366>
 8002544:	681a      	ldr	r2, [r3, #0]
 8002546:	1a8a      	subs	r2, r1, r2
 8002548:	f843 2b04 	str.w	r2, [r3], #4
 800254c:	4283      	cmp	r3, r0
 800254e:	d1f9      	bne.n	8002544 <__kernel_rem_pio2+0x364>
 8002550:	2401      	movs	r4, #1
 8002552:	9b06      	ldr	r3, [sp, #24]
 8002554:	2b00      	cmp	r3, #0
 8002556:	dd0e      	ble.n	8002576 <__kernel_rem_pio2+0x396>
 8002558:	2b01      	cmp	r3, #1
 800255a:	f000 818a 	beq.w	8002872 <__kernel_rem_pio2+0x692>
 800255e:	2b02      	cmp	r3, #2
 8002560:	d109      	bne.n	8002576 <__kernel_rem_pio2+0x396>
 8002562:	9b01      	ldr	r3, [sp, #4]
 8002564:	1e5a      	subs	r2, r3, #1
 8002566:	ab0c      	add	r3, sp, #48	; 0x30
 8002568:	a90c      	add	r1, sp, #48	; 0x30
 800256a:	f853 3022 	ldr.w	r3, [r3, r2, lsl #2]
 800256e:	f3c3 0315 	ubfx	r3, r3, #0, #22
 8002572:	f841 3022 	str.w	r3, [r1, r2, lsl #2]
 8002576:	2d02      	cmp	r5, #2
 8002578:	f47f af32 	bne.w	80023e0 <__kernel_rem_pio2+0x200>
 800257c:	4632      	mov	r2, r6
 800257e:	463b      	mov	r3, r7
 8002580:	4979      	ldr	r1, [pc, #484]	; (8002768 <__kernel_rem_pio2+0x588>)
 8002582:	2000      	movs	r0, #0
 8002584:	f000 fcbe 	bl	8002f04 <__aeabi_dsub>
 8002588:	4606      	mov	r6, r0
 800258a:	460f      	mov	r7, r1
 800258c:	2c00      	cmp	r4, #0
 800258e:	f43f af27 	beq.w	80023e0 <__kernel_rem_pio2+0x200>
 8002592:	9a06      	ldr	r2, [sp, #24]
 8002594:	4974      	ldr	r1, [pc, #464]	; (8002768 <__kernel_rem_pio2+0x588>)
 8002596:	2000      	movs	r0, #0
 8002598:	f000 fc36 	bl	8002e08 <scalbn>
 800259c:	4602      	mov	r2, r0
 800259e:	460b      	mov	r3, r1
 80025a0:	4630      	mov	r0, r6
 80025a2:	4639      	mov	r1, r7
 80025a4:	f000 fcae 	bl	8002f04 <__aeabi_dsub>
 80025a8:	4606      	mov	r6, r0
 80025aa:	460f      	mov	r7, r1
 80025ac:	e718      	b.n	80023e0 <__kernel_rem_pio2+0x200>
 80025ae:	2301      	movs	r3, #1
 80025b0:	2200      	movs	r2, #0
 80025b2:	e7b4      	b.n	800251e <__kernel_rem_pio2+0x33e>
 80025b4:	9901      	ldr	r1, [sp, #4]
 80025b6:	3201      	adds	r2, #1
 80025b8:	428a      	cmp	r2, r1
 80025ba:	d1ab      	bne.n	8002514 <__kernel_rem_pio2+0x334>
 80025bc:	e7c9      	b.n	8002552 <__kernel_rem_pio2+0x372>
 80025be:	4b6b      	ldr	r3, [pc, #428]	; (800276c <__kernel_rem_pio2+0x58c>)
 80025c0:	2200      	movs	r2, #0
 80025c2:	f001 f8dd 	bl	8003780 <__aeabi_dcmpge>
 80025c6:	4605      	mov	r5, r0
 80025c8:	2800      	cmp	r0, #0
 80025ca:	f43f af09 	beq.w	80023e0 <__kernel_rem_pio2+0x200>
 80025ce:	9b01      	ldr	r3, [sp, #4]
 80025d0:	2b00      	cmp	r3, #0
 80025d2:	f108 0801 	add.w	r8, r8, #1
 80025d6:	bfc8      	it	gt
 80025d8:	2502      	movgt	r5, #2
 80025da:	dc93      	bgt.n	8002504 <__kernel_rem_pio2+0x324>
 80025dc:	4632      	mov	r2, r6
 80025de:	463b      	mov	r3, r7
 80025e0:	4961      	ldr	r1, [pc, #388]	; (8002768 <__kernel_rem_pio2+0x588>)
 80025e2:	2000      	movs	r0, #0
 80025e4:	f000 fc8e 	bl	8002f04 <__aeabi_dsub>
 80025e8:	2502      	movs	r5, #2
 80025ea:	4606      	mov	r6, r0
 80025ec:	460f      	mov	r7, r1
 80025ee:	e6f7      	b.n	80023e0 <__kernel_rem_pio2+0x200>
 80025f0:	9b01      	ldr	r3, [sp, #4]
 80025f2:	3301      	adds	r3, #1
 80025f4:	4699      	mov	r9, r3
 80025f6:	9302      	str	r3, [sp, #8]
 80025f8:	e726      	b.n	8002448 <__kernel_rem_pio2+0x268>
 80025fa:	2400      	movs	r4, #0
 80025fc:	2500      	movs	r5, #0
 80025fe:	e661      	b.n	80022c4 <__kernel_rem_pio2+0xe4>
 8002600:	9b06      	ldr	r3, [sp, #24]
 8002602:	9503      	str	r5, [sp, #12]
 8002604:	f1a3 0218 	sub.w	r2, r3, #24
 8002608:	ab0c      	add	r3, sp, #48	; 0x30
 800260a:	f8cd 801c 	str.w	r8, [sp, #28]
 800260e:	f853 302a 	ldr.w	r3, [r3, sl, lsl #2]
 8002612:	9206      	str	r2, [sp, #24]
 8002614:	b973      	cbnz	r3, 8002634 <__kernel_rem_pio2+0x454>
 8002616:	9b01      	ldr	r3, [sp, #4]
 8002618:	f103 4380 	add.w	r3, r3, #1073741824	; 0x40000000
 800261c:	3b02      	subs	r3, #2
 800261e:	a90c      	add	r1, sp, #48	; 0x30
 8002620:	eb01 0383 	add.w	r3, r1, r3, lsl #2
 8002624:	f853 1904 	ldr.w	r1, [r3], #-4
 8002628:	f10a 3aff 	add.w	sl, sl, #4294967295	; 0xffffffff
 800262c:	3a18      	subs	r2, #24
 800262e:	2900      	cmp	r1, #0
 8002630:	d0f8      	beq.n	8002624 <__kernel_rem_pio2+0x444>
 8002632:	9206      	str	r2, [sp, #24]
 8002634:	9a06      	ldr	r2, [sp, #24]
 8002636:	494c      	ldr	r1, [pc, #304]	; (8002768 <__kernel_rem_pio2+0x588>)
 8002638:	2000      	movs	r0, #0
 800263a:	f000 fbe5 	bl	8002e08 <scalbn>
 800263e:	f1ba 0f00 	cmp.w	sl, #0
 8002642:	4604      	mov	r4, r0
 8002644:	460d      	mov	r5, r1
 8002646:	f2c0 81d6 	blt.w	80029f6 <__kernel_rem_pio2+0x816>
 800264a:	ab70      	add	r3, sp, #448	; 0x1c0
 800264c:	eb03 0bca 	add.w	fp, r3, sl, lsl #3
 8002650:	aa0c      	add	r2, sp, #48	; 0x30
 8002652:	f10a 0301 	add.w	r3, sl, #1
 8002656:	9306      	str	r3, [sp, #24]
 8002658:	eb02 0683 	add.w	r6, r2, r3, lsl #2
 800265c:	f8df 9110 	ldr.w	r9, [pc, #272]	; 8002770 <__kernel_rem_pio2+0x590>
 8002660:	ea4f 03ca 	mov.w	r3, sl, lsl #3
 8002664:	9304      	str	r3, [sp, #16]
 8002666:	f10b 0708 	add.w	r7, fp, #8
 800266a:	f04f 0800 	mov.w	r8, #0
 800266e:	f856 0d04 	ldr.w	r0, [r6, #-4]!
 8002672:	f000 fd95 	bl	80031a0 <__aeabi_i2d>
 8002676:	4622      	mov	r2, r4
 8002678:	462b      	mov	r3, r5
 800267a:	f000 fdfb 	bl	8003274 <__aeabi_dmul>
 800267e:	464b      	mov	r3, r9
 8002680:	e967 0102 	strd	r0, r1, [r7, #-8]!
 8002684:	4642      	mov	r2, r8
 8002686:	4620      	mov	r0, r4
 8002688:	4629      	mov	r1, r5
 800268a:	f000 fdf3 	bl	8003274 <__aeabi_dmul>
 800268e:	ab0c      	add	r3, sp, #48	; 0x30
 8002690:	429e      	cmp	r6, r3
 8002692:	4604      	mov	r4, r0
 8002694:	460d      	mov	r5, r1
 8002696:	d1ea      	bne.n	800266e <__kernel_rem_pio2+0x48e>
 8002698:	ab48      	add	r3, sp, #288	; 0x120
 800269a:	e9cd 3a01 	strd	r3, sl, [sp, #4]
 800269e:	f8dd a014 	ldr.w	sl, [sp, #20]
 80026a2:	f1ba 0f00 	cmp.w	sl, #0
 80026a6:	f04f 0900 	mov.w	r9, #0
 80026aa:	db2c      	blt.n	8002706 <__kernel_rem_pio2+0x526>
 80026ac:	a32c      	add	r3, pc, #176	; (adr r3, 8002760 <__kernel_rem_pio2+0x580>)
 80026ae:	e9d3 2300 	ldrd	r2, r3, [r3]
 80026b2:	f8df 80c0 	ldr.w	r8, [pc, #192]	; 8002774 <__kernel_rem_pio2+0x594>
 80026b6:	465f      	mov	r7, fp
 80026b8:	2600      	movs	r6, #0
 80026ba:	2400      	movs	r4, #0
 80026bc:	2500      	movs	r5, #0
 80026be:	e003      	b.n	80026c8 <__kernel_rem_pio2+0x4e8>
 80026c0:	45b1      	cmp	r9, r6
 80026c2:	db10      	blt.n	80026e6 <__kernel_rem_pio2+0x506>
 80026c4:	e8f8 2302 	ldrd	r2, r3, [r8], #8
 80026c8:	e8f7 0102 	ldrd	r0, r1, [r7], #8
 80026cc:	f000 fdd2 	bl	8003274 <__aeabi_dmul>
 80026d0:	4602      	mov	r2, r0
 80026d2:	460b      	mov	r3, r1
 80026d4:	4620      	mov	r0, r4
 80026d6:	4629      	mov	r1, r5
 80026d8:	f000 fc16 	bl	8002f08 <__adddf3>
 80026dc:	3601      	adds	r6, #1
 80026de:	45b2      	cmp	sl, r6
 80026e0:	4604      	mov	r4, r0
 80026e2:	460d      	mov	r5, r1
 80026e4:	daec      	bge.n	80026c0 <__kernel_rem_pio2+0x4e0>
 80026e6:	9b01      	ldr	r3, [sp, #4]
 80026e8:	9a02      	ldr	r2, [sp, #8]
 80026ea:	eb03 03c9 	add.w	r3, r3, r9, lsl #3
 80026ee:	4591      	cmp	r9, r2
 80026f0:	e9c3 4500 	strd	r4, r5, [r3]
 80026f4:	f1ab 0b08 	sub.w	fp, fp, #8
 80026f8:	f109 0301 	add.w	r3, r9, #1
 80026fc:	d006      	beq.n	800270c <__kernel_rem_pio2+0x52c>
 80026fe:	f1ba 0f00 	cmp.w	sl, #0
 8002702:	4699      	mov	r9, r3
 8002704:	dad2      	bge.n	80026ac <__kernel_rem_pio2+0x4cc>
 8002706:	2400      	movs	r4, #0
 8002708:	2500      	movs	r5, #0
 800270a:	e7ec      	b.n	80026e6 <__kernel_rem_pio2+0x506>
 800270c:	9ba2      	ldr	r3, [sp, #648]	; 0x288
 800270e:	f8dd a008 	ldr.w	sl, [sp, #8]
 8002712:	2b02      	cmp	r3, #2
 8002714:	dc30      	bgt.n	8002778 <__kernel_rem_pio2+0x598>
 8002716:	2b00      	cmp	r3, #0
 8002718:	f300 80f0 	bgt.w	80028fc <__kernel_rem_pio2+0x71c>
 800271c:	d118      	bne.n	8002750 <__kernel_rem_pio2+0x570>
 800271e:	9c04      	ldr	r4, [sp, #16]
 8002720:	9aa2      	ldr	r2, [sp, #648]	; 0x288
 8002722:	9d01      	ldr	r5, [sp, #4]
 8002724:	3408      	adds	r4, #8
 8002726:	442c      	add	r4, r5
 8002728:	4613      	mov	r3, r2
 800272a:	4610      	mov	r0, r2
 800272c:	4619      	mov	r1, r3
 800272e:	e974 2302 	ldrd	r2, r3, [r4, #-8]!
 8002732:	f000 fbe9 	bl	8002f08 <__adddf3>
 8002736:	42a5      	cmp	r5, r4
 8002738:	4602      	mov	r2, r0
 800273a:	460b      	mov	r3, r1
 800273c:	d1f5      	bne.n	800272a <__kernel_rem_pio2+0x54a>
 800273e:	9903      	ldr	r1, [sp, #12]
 8002740:	b109      	cbz	r1, 8002746 <__kernel_rem_pio2+0x566>
 8002742:	f103 4300 	add.w	r3, r3, #2147483648	; 0x80000000
 8002746:	4619      	mov	r1, r3
 8002748:	9b0b      	ldr	r3, [sp, #44]	; 0x2c
 800274a:	4610      	mov	r0, r2
 800274c:	e9c3 0100 	strd	r0, r1, [r3]
 8002750:	9b07      	ldr	r3, [sp, #28]
 8002752:	f003 0007 	and.w	r0, r3, #7
 8002756:	f50d 7d19 	add.w	sp, sp, #612	; 0x264
 800275a:	e8bd 8ff0 	ldmia.w	sp!, {r4, r5, r6, r7, r8, r9, sl, fp, pc}
 800275e:	bf00      	nop
 8002760:	40000000 	.word	0x40000000
 8002764:	3ff921fb 	.word	0x3ff921fb
 8002768:	3ff00000 	.word	0x3ff00000
 800276c:	3fe00000 	.word	0x3fe00000
 8002770:	3e700000 	.word	0x3e700000
 8002774:	08006420 	.word	0x08006420
 8002778:	9ba2      	ldr	r3, [sp, #648]	; 0x288
 800277a:	2b03      	cmp	r3, #3
 800277c:	d1e8      	bne.n	8002750 <__kernel_rem_pio2+0x570>
 800277e:	f1ba 0f00 	cmp.w	sl, #0
 8002782:	f000 814e 	beq.w	8002a22 <__kernel_rem_pio2+0x842>
 8002786:	9b01      	ldr	r3, [sp, #4]
 8002788:	9a04      	ldr	r2, [sp, #16]
 800278a:	4413      	add	r3, r2
 800278c:	e9d3 4500 	ldrd	r4, r5, [r3]
 8002790:	469b      	mov	fp, r3
 8002792:	e95b 6702 	ldrd	r6, r7, [fp, #-8]
 8002796:	4620      	mov	r0, r4
 8002798:	4629      	mov	r1, r5
 800279a:	4632      	mov	r2, r6
 800279c:	463b      	mov	r3, r7
 800279e:	f000 fbb3 	bl	8002f08 <__adddf3>
 80027a2:	46a0      	mov	r8, r4
 80027a4:	46a9      	mov	r9, r5
 80027a6:	4604      	mov	r4, r0
 80027a8:	460d      	mov	r5, r1
 80027aa:	4622      	mov	r2, r4
 80027ac:	462b      	mov	r3, r5
 80027ae:	4630      	mov	r0, r6
 80027b0:	4639      	mov	r1, r7
 80027b2:	f000 fba7 	bl	8002f04 <__aeabi_dsub>
 80027b6:	464b      	mov	r3, r9
 80027b8:	4642      	mov	r2, r8
 80027ba:	f000 fba5 	bl	8002f08 <__adddf3>
 80027be:	e9cb 0100 	strd	r0, r1, [fp]
 80027c2:	e96b 4502 	strd	r4, r5, [fp, #-8]!
 80027c6:	9b01      	ldr	r3, [sp, #4]
 80027c8:	455b      	cmp	r3, fp
 80027ca:	d1e2      	bne.n	8002792 <__kernel_rem_pio2+0x5b2>
 80027cc:	f1ba 0f01 	cmp.w	sl, #1
 80027d0:	f340 8127 	ble.w	8002a22 <__kernel_rem_pio2+0x842>
 80027d4:	9b04      	ldr	r3, [sp, #16]
 80027d6:	9a01      	ldr	r2, [sp, #4]
 80027d8:	4413      	add	r3, r2
 80027da:	e9d3 4500 	ldrd	r4, r5, [r3]
 80027de:	9302      	str	r3, [sp, #8]
 80027e0:	469a      	mov	sl, r3
 80027e2:	f50d 7b94 	add.w	fp, sp, #296	; 0x128
 80027e6:	e95a 6702 	ldrd	r6, r7, [sl, #-8]
 80027ea:	4620      	mov	r0, r4
 80027ec:	4629      	mov	r1, r5
 80027ee:	4632      	mov	r2, r6
 80027f0:	463b      	mov	r3, r7
 80027f2:	f000 fb89 	bl	8002f08 <__adddf3>
 80027f6:	46a0      	mov	r8, r4
 80027f8:	46a9      	mov	r9, r5
 80027fa:	4604      	mov	r4, r0
 80027fc:	460d      	mov	r5, r1
 80027fe:	4622      	mov	r2, r4
 8002800:	462b      	mov	r3, r5
 8002802:	4630      	mov	r0, r6
 8002804:	4639      	mov	r1, r7
 8002806:	f000 fb7d 	bl	8002f04 <__aeabi_dsub>
 800280a:	4642      	mov	r2, r8
 800280c:	464b      	mov	r3, r9
 800280e:	f000 fb7b 	bl	8002f08 <__adddf3>
 8002812:	e9ca 0100 	strd	r0, r1, [sl]
 8002816:	e96a 4502 	strd	r4, r5, [sl, #-8]!
 800281a:	45d3      	cmp	fp, sl
 800281c:	d1e3      	bne.n	80027e6 <__kernel_rem_pio2+0x606>
 800281e:	9a01      	ldr	r2, [sp, #4]
 8002820:	9c02      	ldr	r4, [sp, #8]
 8002822:	2300      	movs	r3, #0
 8002824:	f102 0510 	add.w	r5, r2, #16
 8002828:	3408      	adds	r4, #8
 800282a:	461a      	mov	r2, r3
 800282c:	4618      	mov	r0, r3
 800282e:	4611      	mov	r1, r2
 8002830:	e974 2302 	ldrd	r2, r3, [r4, #-8]!
 8002834:	f000 fb68 	bl	8002f08 <__adddf3>
 8002838:	42a5      	cmp	r5, r4
 800283a:	4603      	mov	r3, r0
 800283c:	460a      	mov	r2, r1
 800283e:	d1f5      	bne.n	800282c <__kernel_rem_pio2+0x64c>
 8002840:	9903      	ldr	r1, [sp, #12]
 8002842:	2900      	cmp	r1, #0
 8002844:	f040 80a4 	bne.w	8002990 <__kernel_rem_pio2+0x7b0>
 8002848:	4618      	mov	r0, r3
 800284a:	9b01      	ldr	r3, [sp, #4]
 800284c:	9c0b      	ldr	r4, [sp, #44]	; 0x2c
 800284e:	4611      	mov	r1, r2
 8002850:	e9d3 2302 	ldrd	r2, r3, [r3, #8]
 8002854:	e9c4 2302 	strd	r2, r3, [r4, #8]
 8002858:	e9dd 2348 	ldrd	r2, r3, [sp, #288]	; 0x120
 800285c:	e9c4 2300 	strd	r2, r3, [r4]
 8002860:	9b07      	ldr	r3, [sp, #28]
 8002862:	e9c4 0104 	strd	r0, r1, [r4, #16]
 8002866:	f003 0007 	and.w	r0, r3, #7
 800286a:	f50d 7d19 	add.w	sp, sp, #612	; 0x264
 800286e:	e8bd 8ff0 	ldmia.w	sp!, {r4, r5, r6, r7, r8, r9, sl, fp, pc}
 8002872:	9b01      	ldr	r3, [sp, #4]
 8002874:	1e5a      	subs	r2, r3, #1
 8002876:	ab0c      	add	r3, sp, #48	; 0x30
 8002878:	a90c      	add	r1, sp, #48	; 0x30
 800287a:	f853 3022 	ldr.w	r3, [r3, r2, lsl #2]
 800287e:	f3c3 0316 	ubfx	r3, r3, #0, #23
 8002882:	f841 3022 	str.w	r3, [r1, r2, lsl #2]
 8002886:	e676      	b.n	8002576 <__kernel_rem_pio2+0x396>
 8002888:	2100      	movs	r1, #0
 800288a:	f06f 0317 	mvn.w	r3, #23
 800288e:	9107      	str	r1, [sp, #28]
 8002890:	e4c6      	b.n	8002220 <__kernel_rem_pio2+0x40>
 8002892:	2400      	movs	r4, #0
 8002894:	e65d      	b.n	8002552 <__kernel_rem_pio2+0x372>
 8002896:	9c06      	ldr	r4, [sp, #24]
 8002898:	9503      	str	r5, [sp, #12]
 800289a:	4630      	mov	r0, r6
 800289c:	4639      	mov	r1, r7
 800289e:	4262      	negs	r2, r4
 80028a0:	f8cd 801c 	str.w	r8, [sp, #28]
 80028a4:	f000 fab0 	bl	8002e08 <scalbn>
 80028a8:	4b5f      	ldr	r3, [pc, #380]	; (8002a28 <__kernel_rem_pio2+0x848>)
 80028aa:	2200      	movs	r2, #0
 80028ac:	4606      	mov	r6, r0
 80028ae:	460f      	mov	r7, r1
 80028b0:	f000 ff66 	bl	8003780 <__aeabi_dcmpge>
 80028b4:	2800      	cmp	r0, #0
 80028b6:	d061      	beq.n	800297c <__kernel_rem_pio2+0x79c>
 80028b8:	4b5c      	ldr	r3, [pc, #368]	; (8002a2c <__kernel_rem_pio2+0x84c>)
 80028ba:	9d01      	ldr	r5, [sp, #4]
 80028bc:	2200      	movs	r2, #0
 80028be:	3418      	adds	r4, #24
 80028c0:	4630      	mov	r0, r6
 80028c2:	4639      	mov	r1, r7
 80028c4:	9406      	str	r4, [sp, #24]
 80028c6:	f000 fcd5 	bl	8003274 <__aeabi_dmul>
 80028ca:	f000 ff83 	bl	80037d4 <__aeabi_d2iz>
 80028ce:	4604      	mov	r4, r0
 80028d0:	f000 fc66 	bl	80031a0 <__aeabi_i2d>
 80028d4:	4b54      	ldr	r3, [pc, #336]	; (8002a28 <__kernel_rem_pio2+0x848>)
 80028d6:	2200      	movs	r2, #0
 80028d8:	f000 fccc 	bl	8003274 <__aeabi_dmul>
 80028dc:	460b      	mov	r3, r1
 80028de:	4602      	mov	r2, r0
 80028e0:	4639      	mov	r1, r7
 80028e2:	4630      	mov	r0, r6
 80028e4:	f000 fb0e 	bl	8002f04 <__aeabi_dsub>
 80028e8:	f000 ff74 	bl	80037d4 <__aeabi_d2iz>
 80028ec:	f105 0a01 	add.w	sl, r5, #1
 80028f0:	ab0c      	add	r3, sp, #48	; 0x30
 80028f2:	f843 0025 	str.w	r0, [r3, r5, lsl #2]
 80028f6:	f843 402a 	str.w	r4, [r3, sl, lsl #2]
 80028fa:	e69b      	b.n	8002634 <__kernel_rem_pio2+0x454>
 80028fc:	9b06      	ldr	r3, [sp, #24]
 80028fe:	9d01      	ldr	r5, [sp, #4]
 8002900:	2600      	movs	r6, #0
 8002902:	eb05 04c3 	add.w	r4, r5, r3, lsl #3
 8002906:	4633      	mov	r3, r6
 8002908:	4630      	mov	r0, r6
 800290a:	4619      	mov	r1, r3
 800290c:	e974 2302 	ldrd	r2, r3, [r4, #-8]!
 8002910:	f000 fafa 	bl	8002f08 <__adddf3>
 8002914:	42a5      	cmp	r5, r4
 8002916:	4606      	mov	r6, r0
 8002918:	460b      	mov	r3, r1
 800291a:	d1f5      	bne.n	8002908 <__kernel_rem_pio2+0x728>
 800291c:	9a03      	ldr	r2, [sp, #12]
 800291e:	4630      	mov	r0, r6
 8002920:	2a00      	cmp	r2, #0
 8002922:	d14f      	bne.n	80029c4 <__kernel_rem_pio2+0x7e4>
 8002924:	4619      	mov	r1, r3
 8002926:	9b0b      	ldr	r3, [sp, #44]	; 0x2c
 8002928:	4632      	mov	r2, r6
 800292a:	e9c3 0100 	strd	r0, r1, [r3]
 800292e:	460b      	mov	r3, r1
 8002930:	e9dd 0148 	ldrd	r0, r1, [sp, #288]	; 0x120
 8002934:	f000 fae6 	bl	8002f04 <__aeabi_dsub>
 8002938:	f1ba 0f00 	cmp.w	sl, #0
 800293c:	4602      	mov	r2, r0
 800293e:	460b      	mov	r3, r1
 8002940:	dd10      	ble.n	8002964 <__kernel_rem_pio2+0x784>
 8002942:	ad48      	add	r5, sp, #288	; 0x120
 8002944:	2401      	movs	r4, #1
 8002946:	4610      	mov	r0, r2
 8002948:	4619      	mov	r1, r3
 800294a:	e9f5 2302 	ldrd	r2, r3, [r5, #8]!
 800294e:	f000 fadb 	bl	8002f08 <__adddf3>
 8002952:	3401      	adds	r4, #1
 8002954:	45a2      	cmp	sl, r4
 8002956:	4602      	mov	r2, r0
 8002958:	460b      	mov	r3, r1
 800295a:	daf4      	bge.n	8002946 <__kernel_rem_pio2+0x766>
 800295c:	9903      	ldr	r1, [sp, #12]
 800295e:	b109      	cbz	r1, 8002964 <__kernel_rem_pio2+0x784>
 8002960:	f103 4300 	add.w	r3, r3, #2147483648	; 0x80000000
 8002964:	4619      	mov	r1, r3
 8002966:	9b0b      	ldr	r3, [sp, #44]	; 0x2c
 8002968:	4610      	mov	r0, r2
 800296a:	e9c3 0102 	strd	r0, r1, [r3, #8]
 800296e:	9b07      	ldr	r3, [sp, #28]
 8002970:	f003 0007 	and.w	r0, r3, #7
 8002974:	f50d 7d19 	add.w	sp, sp, #612	; 0x264
 8002978:	e8bd 8ff0 	ldmia.w	sp!, {r4, r5, r6, r7, r8, r9, sl, fp, pc}
 800297c:	4630      	mov	r0, r6
 800297e:	4639      	mov	r1, r7
 8002980:	f000 ff28 	bl	80037d4 <__aeabi_d2iz>
 8002984:	9b01      	ldr	r3, [sp, #4]
 8002986:	aa0c      	add	r2, sp, #48	; 0x30
 8002988:	469a      	mov	sl, r3
 800298a:	f842 0023 	str.w	r0, [r2, r3, lsl #2]
 800298e:	e651      	b.n	8002634 <__kernel_rem_pio2+0x454>
 8002990:	9e0b      	ldr	r6, [sp, #44]	; 0x2c
 8002992:	6133      	str	r3, [r6, #16]
 8002994:	9b01      	ldr	r3, [sp, #4]
 8002996:	f102 4200 	add.w	r2, r2, #2147483648	; 0x80000000
 800299a:	6898      	ldr	r0, [r3, #8]
 800299c:	681c      	ldr	r4, [r3, #0]
 800299e:	6172      	str	r2, [r6, #20]
 80029a0:	461a      	mov	r2, r3
 80029a2:	685b      	ldr	r3, [r3, #4]
 80029a4:	f103 4500 	add.w	r5, r3, #2147483648	; 0x80000000
 80029a8:	68d3      	ldr	r3, [r2, #12]
 80029aa:	f103 4100 	add.w	r1, r3, #2147483648	; 0x80000000
 80029ae:	9b07      	ldr	r3, [sp, #28]
 80029b0:	e9c6 0102 	strd	r0, r1, [r6, #8]
 80029b4:	f003 0007 	and.w	r0, r3, #7
 80029b8:	e9c6 4500 	strd	r4, r5, [r6]
 80029bc:	f50d 7d19 	add.w	sp, sp, #612	; 0x264
 80029c0:	e8bd 8ff0 	ldmia.w	sp!, {r4, r5, r6, r7, r8, r9, sl, fp, pc}
 80029c4:	9a0b      	ldr	r2, [sp, #44]	; 0x2c
 80029c6:	4619      	mov	r1, r3
 80029c8:	f103 4300 	add.w	r3, r3, #2147483648	; 0x80000000
 80029cc:	6053      	str	r3, [r2, #4]
 80029ce:	6016      	str	r6, [r2, #0]
 80029d0:	460b      	mov	r3, r1
 80029d2:	4632      	mov	r2, r6
 80029d4:	e9dd 0148 	ldrd	r0, r1, [sp, #288]	; 0x120
 80029d8:	f000 fa94 	bl	8002f04 <__aeabi_dsub>
 80029dc:	f1ba 0f00 	cmp.w	sl, #0
 80029e0:	4602      	mov	r2, r0
 80029e2:	460b      	mov	r3, r1
 80029e4:	dcad      	bgt.n	8002942 <__kernel_rem_pio2+0x762>
 80029e6:	e7bb      	b.n	8002960 <__kernel_rem_pio2+0x780>
 80029e8:	f1a6 0308 	sub.w	r3, r6, #8
 80029ec:	9304      	str	r3, [sp, #16]
 80029ee:	9b08      	ldr	r3, [sp, #32]
 80029f0:	00db      	lsls	r3, r3, #3
 80029f2:	9302      	str	r3, [sp, #8]
 80029f4:	e46f      	b.n	80022d6 <__kernel_rem_pio2+0xf6>
 80029f6:	9ba2      	ldr	r3, [sp, #648]	; 0x288
 80029f8:	2b02      	cmp	r3, #2
 80029fa:	dc06      	bgt.n	8002a0a <__kernel_rem_pio2+0x82a>
 80029fc:	2b00      	cmp	r3, #0
 80029fe:	dc0d      	bgt.n	8002a1c <__kernel_rem_pio2+0x83c>
 8002a00:	f47f aea6 	bne.w	8002750 <__kernel_rem_pio2+0x570>
 8002a04:	9aa2      	ldr	r2, [sp, #648]	; 0x288
 8002a06:	4613      	mov	r3, r2
 8002a08:	e699      	b.n	800273e <__kernel_rem_pio2+0x55e>
 8002a0a:	9ba2      	ldr	r3, [sp, #648]	; 0x288
 8002a0c:	2b03      	cmp	r3, #3
 8002a0e:	f47f ae9f 	bne.w	8002750 <__kernel_rem_pio2+0x570>
 8002a12:	2300      	movs	r3, #0
 8002a14:	a948      	add	r1, sp, #288	; 0x120
 8002a16:	461a      	mov	r2, r3
 8002a18:	9101      	str	r1, [sp, #4]
 8002a1a:	e711      	b.n	8002840 <__kernel_rem_pio2+0x660>
 8002a1c:	2600      	movs	r6, #0
 8002a1e:	4633      	mov	r3, r6
 8002a20:	e77c      	b.n	800291c <__kernel_rem_pio2+0x73c>
 8002a22:	2300      	movs	r3, #0
 8002a24:	461a      	mov	r2, r3
 8002a26:	e70b      	b.n	8002840 <__kernel_rem_pio2+0x660>
 8002a28:	41700000 	.word	0x41700000
 8002a2c:	3e700000 	.word	0x3e700000

08002a30 <__kernel_sin>:
 8002a30:	e92d 4ff0 	stmdb	sp!, {r4, r5, r6, r7, r8, r9, sl, fp, lr}
 8002a34:	4699      	mov	r9, r3
 8002a36:	b087      	sub	sp, #28
 8002a38:	f021 4300 	bic.w	r3, r1, #2147483648	; 0x80000000
 8002a3c:	f1b3 5f79 	cmp.w	r3, #1044381696	; 0x3e400000
 8002a40:	4690      	mov	r8, r2
 8002a42:	4604      	mov	r4, r0
 8002a44:	9101      	str	r1, [sp, #4]
 8002a46:	da04      	bge.n	8002a52 <__kernel_sin+0x22>
 8002a48:	f000 fec4 	bl	80037d4 <__aeabi_d2iz>
 8002a4c:	2800      	cmp	r0, #0
 8002a4e:	f000 808f 	beq.w	8002b70 <__kernel_sin+0x140>
 8002a52:	9b01      	ldr	r3, [sp, #4]
 8002a54:	4622      	mov	r2, r4
 8002a56:	4619      	mov	r1, r3
 8002a58:	4620      	mov	r0, r4
 8002a5a:	f000 fc0b 	bl	8003274 <__aeabi_dmul>
 8002a5e:	9b01      	ldr	r3, [sp, #4]
 8002a60:	4606      	mov	r6, r0
 8002a62:	460f      	mov	r7, r1
 8002a64:	4632      	mov	r2, r6
 8002a66:	4619      	mov	r1, r3
 8002a68:	4620      	mov	r0, r4
 8002a6a:	463b      	mov	r3, r7
 8002a6c:	f000 fc02 	bl	8003274 <__aeabi_dmul>
 8002a70:	a343      	add	r3, pc, #268	; (adr r3, 8002b80 <__kernel_sin+0x150>)
 8002a72:	e9d3 2300 	ldrd	r2, r3, [r3]
 8002a76:	4682      	mov	sl, r0
 8002a78:	468b      	mov	fp, r1
 8002a7a:	4630      	mov	r0, r6
 8002a7c:	4639      	mov	r1, r7
 8002a7e:	f000 fbf9 	bl	8003274 <__aeabi_dmul>
 8002a82:	a341      	add	r3, pc, #260	; (adr r3, 8002b88 <__kernel_sin+0x158>)
 8002a84:	e9d3 2300 	ldrd	r2, r3, [r3]
 8002a88:	f000 fa3c 	bl	8002f04 <__aeabi_dsub>
 8002a8c:	4632      	mov	r2, r6
 8002a8e:	463b      	mov	r3, r7
 8002a90:	f000 fbf0 	bl	8003274 <__aeabi_dmul>
 8002a94:	a33e      	add	r3, pc, #248	; (adr r3, 8002b90 <__kernel_sin+0x160>)
 8002a96:	e9d3 2300 	ldrd	r2, r3, [r3]
 8002a9a:	f000 fa35 	bl	8002f08 <__adddf3>
 8002a9e:	4632      	mov	r2, r6
 8002aa0:	463b      	mov	r3, r7
 8002aa2:	f000 fbe7 	bl	8003274 <__aeabi_dmul>
 8002aa6:	a33c      	add	r3, pc, #240	; (adr r3, 8002b98 <__kernel_sin+0x168>)
 8002aa8:	e9d3 2300 	ldrd	r2, r3, [r3]
 8002aac:	f000 fa2a 	bl	8002f04 <__aeabi_dsub>
 8002ab0:	4632      	mov	r2, r6
 8002ab2:	463b      	mov	r3, r7
 8002ab4:	f000 fbde 	bl	8003274 <__aeabi_dmul>
 8002ab8:	a339      	add	r3, pc, #228	; (adr r3, 8002ba0 <__kernel_sin+0x170>)
 8002aba:	e9d3 2300 	ldrd	r2, r3, [r3]
 8002abe:	f000 fa23 	bl	8002f08 <__adddf3>
 8002ac2:	9b10      	ldr	r3, [sp, #64]	; 0x40
 8002ac4:	e9cd 0102 	strd	r0, r1, [sp, #8]
 8002ac8:	2b00      	cmp	r3, #0
 8002aca:	d037      	beq.n	8002b3c <__kernel_sin+0x10c>
 8002acc:	4b38      	ldr	r3, [pc, #224]	; (8002bb0 <__kernel_sin+0x180>)
 8002ace:	2200      	movs	r2, #0
 8002ad0:	4640      	mov	r0, r8
 8002ad2:	4649      	mov	r1, r9
 8002ad4:	f000 fbce 	bl	8003274 <__aeabi_dmul>
 8002ad8:	e9dd 2302 	ldrd	r2, r3, [sp, #8]
 8002adc:	e9cd 0104 	strd	r0, r1, [sp, #16]
 8002ae0:	4650      	mov	r0, sl
 8002ae2:	4659      	mov	r1, fp
 8002ae4:	f000 fbc6 	bl	8003274 <__aeabi_dmul>
 8002ae8:	4602      	mov	r2, r0
 8002aea:	460b      	mov	r3, r1
 8002aec:	e9dd 0104 	ldrd	r0, r1, [sp, #16]
 8002af0:	f000 fa08 	bl	8002f04 <__aeabi_dsub>
 8002af4:	4632      	mov	r2, r6
 8002af6:	463b      	mov	r3, r7
 8002af8:	f000 fbbc 	bl	8003274 <__aeabi_dmul>
 8002afc:	4642      	mov	r2, r8
 8002afe:	464b      	mov	r3, r9
 8002b00:	f000 fa00 	bl	8002f04 <__aeabi_dsub>
 8002b04:	a328      	add	r3, pc, #160	; (adr r3, 8002ba8 <__kernel_sin+0x178>)
 8002b06:	e9d3 2300 	ldrd	r2, r3, [r3]
 8002b0a:	4606      	mov	r6, r0
 8002b0c:	460f      	mov	r7, r1
 8002b0e:	4650      	mov	r0, sl
 8002b10:	4659      	mov	r1, fp
 8002b12:	f000 fbaf 	bl	8003274 <__aeabi_dmul>
 8002b16:	4602      	mov	r2, r0
 8002b18:	460b      	mov	r3, r1
 8002b1a:	4630      	mov	r0, r6
 8002b1c:	4639      	mov	r1, r7
 8002b1e:	f000 f9f3 	bl	8002f08 <__adddf3>
 8002b22:	4602      	mov	r2, r0
 8002b24:	460b      	mov	r3, r1
 8002b26:	4620      	mov	r0, r4
 8002b28:	9901      	ldr	r1, [sp, #4]
 8002b2a:	f000 f9eb 	bl	8002f04 <__aeabi_dsub>
 8002b2e:	4604      	mov	r4, r0
 8002b30:	460d      	mov	r5, r1
 8002b32:	4620      	mov	r0, r4
 8002b34:	4629      	mov	r1, r5
 8002b36:	b007      	add	sp, #28
 8002b38:	e8bd 8ff0 	ldmia.w	sp!, {r4, r5, r6, r7, r8, r9, sl, fp, pc}
 8002b3c:	4602      	mov	r2, r0
 8002b3e:	460b      	mov	r3, r1
 8002b40:	4630      	mov	r0, r6
 8002b42:	4639      	mov	r1, r7
 8002b44:	f000 fb96 	bl	8003274 <__aeabi_dmul>
 8002b48:	a317      	add	r3, pc, #92	; (adr r3, 8002ba8 <__kernel_sin+0x178>)
 8002b4a:	e9d3 2300 	ldrd	r2, r3, [r3]
 8002b4e:	f000 f9d9 	bl	8002f04 <__aeabi_dsub>
 8002b52:	4652      	mov	r2, sl
 8002b54:	465b      	mov	r3, fp
 8002b56:	f000 fb8d 	bl	8003274 <__aeabi_dmul>
 8002b5a:	4622      	mov	r2, r4
 8002b5c:	9b01      	ldr	r3, [sp, #4]
 8002b5e:	f000 f9d3 	bl	8002f08 <__adddf3>
 8002b62:	4604      	mov	r4, r0
 8002b64:	460d      	mov	r5, r1
 8002b66:	4620      	mov	r0, r4
 8002b68:	4629      	mov	r1, r5
 8002b6a:	b007      	add	sp, #28
 8002b6c:	e8bd 8ff0 	ldmia.w	sp!, {r4, r5, r6, r7, r8, r9, sl, fp, pc}
 8002b70:	9d01      	ldr	r5, [sp, #4]
 8002b72:	4620      	mov	r0, r4
 8002b74:	4629      	mov	r1, r5
 8002b76:	b007      	add	sp, #28
 8002b78:	e8bd 8ff0 	ldmia.w	sp!, {r4, r5, r6, r7, r8, r9, sl, fp, pc}
 8002b7c:	f3af 8000 	nop.w
 8002b80:	5acfd57c 	.word	0x5acfd57c
 8002b84:	3de5d93a 	.word	0x3de5d93a
 8002b88:	8a2b9ceb 	.word	0x8a2b9ceb
 8002b8c:	3e5ae5e6 	.word	0x3e5ae5e6
 8002b90:	57b1fe7d 	.word	0x57b1fe7d
 8002b94:	3ec71de3 	.word	0x3ec71de3
 8002b98:	19c161d5 	.word	0x19c161d5
 8002b9c:	3f2a01a0 	.word	0x3f2a01a0
 8002ba0:	1110f8a6 	.word	0x1110f8a6
 8002ba4:	3f811111 	.word	0x3f811111
 8002ba8:	55555549 	.word	0x55555549
 8002bac:	3fc55555 	.word	0x3fc55555
 8002bb0:	3fe00000 	.word	0x3fe00000

08002bb4 <fabs>:
 8002bb4:	f021 4100 	bic.w	r1, r1, #2147483648	; 0x80000000
 8002bb8:	4770      	bx	lr
 8002bba:	bf00      	nop

08002bbc <finite>:
 8002bbc:	f041 4000 	orr.w	r0, r1, #2147483648	; 0x80000000
 8002bc0:	f500 1080 	add.w	r0, r0, #1048576	; 0x100000
 8002bc4:	0fc0      	lsrs	r0, r0, #31
 8002bc6:	4770      	bx	lr

08002bc8 <floor>:
 8002bc8:	f3c1 520a 	ubfx	r2, r1, #20, #11
 8002bcc:	b5f8      	push	{r3, r4, r5, r6, r7, lr}
 8002bce:	f2a2 35ff 	subw	r5, r2, #1023	; 0x3ff
 8002bd2:	2d13      	cmp	r5, #19
 8002bd4:	460b      	mov	r3, r1
 8002bd6:	4684      	mov	ip, r0
 8002bd8:	460c      	mov	r4, r1
 8002bda:	4606      	mov	r6, r0
 8002bdc:	dc30      	bgt.n	8002c40 <floor+0x78>
 8002bde:	2d00      	cmp	r5, #0
 8002be0:	db1e      	blt.n	8002c20 <floor+0x58>
 8002be2:	4f35      	ldr	r7, [pc, #212]	; (8002cb8 <floor+0xf0>)
 8002be4:	412f      	asrs	r7, r5
 8002be6:	ea01 0207 	and.w	r2, r1, r7
 8002bea:	4302      	orrs	r2, r0
 8002bec:	d015      	beq.n	8002c1a <floor+0x52>
 8002bee:	a330      	add	r3, pc, #192	; (adr r3, 8002cb0 <floor+0xe8>)
 8002bf0:	e9d3 2300 	ldrd	r2, r3, [r3]
 8002bf4:	f000 f988 	bl	8002f08 <__adddf3>
 8002bf8:	2200      	movs	r2, #0
 8002bfa:	2300      	movs	r3, #0
 8002bfc:	f000 fdca 	bl	8003794 <__aeabi_dcmpgt>
 8002c00:	b148      	cbz	r0, 8002c16 <floor+0x4e>
 8002c02:	2c00      	cmp	r4, #0
 8002c04:	da04      	bge.n	8002c10 <floor+0x48>
 8002c06:	f44f 1380 	mov.w	r3, #1048576	; 0x100000
 8002c0a:	fa43 f505 	asr.w	r5, r3, r5
 8002c0e:	442c      	add	r4, r5
 8002c10:	ea24 0407 	bic.w	r4, r4, r7
 8002c14:	2600      	movs	r6, #0
 8002c16:	4623      	mov	r3, r4
 8002c18:	46b4      	mov	ip, r6
 8002c1a:	4660      	mov	r0, ip
 8002c1c:	4619      	mov	r1, r3
 8002c1e:	bdf8      	pop	{r3, r4, r5, r6, r7, pc}
 8002c20:	a323      	add	r3, pc, #140	; (adr r3, 8002cb0 <floor+0xe8>)
 8002c22:	e9d3 2300 	ldrd	r2, r3, [r3]
 8002c26:	f000 f96f 	bl	8002f08 <__adddf3>
 8002c2a:	2200      	movs	r2, #0
 8002c2c:	2300      	movs	r3, #0
 8002c2e:	f000 fdb1 	bl	8003794 <__aeabi_dcmpgt>
 8002c32:	2800      	cmp	r0, #0
 8002c34:	d0ef      	beq.n	8002c16 <floor+0x4e>
 8002c36:	2c00      	cmp	r4, #0
 8002c38:	db24      	blt.n	8002c84 <floor+0xbc>
 8002c3a:	2600      	movs	r6, #0
 8002c3c:	4634      	mov	r4, r6
 8002c3e:	e7ea      	b.n	8002c16 <floor+0x4e>
 8002c40:	2d33      	cmp	r5, #51	; 0x33
 8002c42:	dd08      	ble.n	8002c56 <floor+0x8e>
 8002c44:	f5b5 6f80 	cmp.w	r5, #1024	; 0x400
 8002c48:	d1e7      	bne.n	8002c1a <floor+0x52>
 8002c4a:	4602      	mov	r2, r0
 8002c4c:	f000 f95c 	bl	8002f08 <__adddf3>
 8002c50:	4684      	mov	ip, r0
 8002c52:	460b      	mov	r3, r1
 8002c54:	e7e1      	b.n	8002c1a <floor+0x52>
 8002c56:	f2a2 4213 	subw	r2, r2, #1043	; 0x413
 8002c5a:	f04f 37ff 	mov.w	r7, #4294967295	; 0xffffffff
 8002c5e:	40d7      	lsrs	r7, r2
 8002c60:	4207      	tst	r7, r0
 8002c62:	d0da      	beq.n	8002c1a <floor+0x52>
 8002c64:	a312      	add	r3, pc, #72	; (adr r3, 8002cb0 <floor+0xe8>)
 8002c66:	e9d3 2300 	ldrd	r2, r3, [r3]
 8002c6a:	f000 f94d 	bl	8002f08 <__adddf3>
 8002c6e:	2200      	movs	r2, #0
 8002c70:	2300      	movs	r3, #0
 8002c72:	f000 fd8f 	bl	8003794 <__aeabi_dcmpgt>
 8002c76:	2800      	cmp	r0, #0
 8002c78:	d0cd      	beq.n	8002c16 <floor+0x4e>
 8002c7a:	2c00      	cmp	r4, #0
 8002c7c:	db0b      	blt.n	8002c96 <floor+0xce>
 8002c7e:	ea26 0607 	bic.w	r6, r6, r7
 8002c82:	e7c8      	b.n	8002c16 <floor+0x4e>
 8002c84:	f024 4300 	bic.w	r3, r4, #2147483648	; 0x80000000
 8002c88:	4a0c      	ldr	r2, [pc, #48]	; (8002cbc <floor+0xf4>)
 8002c8a:	431e      	orrs	r6, r3
 8002c8c:	2e00      	cmp	r6, #0
 8002c8e:	bf18      	it	ne
 8002c90:	4614      	movne	r4, r2
 8002c92:	2600      	movs	r6, #0
 8002c94:	e7bf      	b.n	8002c16 <floor+0x4e>
 8002c96:	2d14      	cmp	r5, #20
 8002c98:	d008      	beq.n	8002cac <floor+0xe4>
 8002c9a:	2301      	movs	r3, #1
 8002c9c:	f1c5 0534 	rsb	r5, r5, #52	; 0x34
 8002ca0:	fa03 f505 	lsl.w	r5, r3, r5
 8002ca4:	19ae      	adds	r6, r5, r6
 8002ca6:	bf28      	it	cs
 8002ca8:	18e4      	addcs	r4, r4, r3
 8002caa:	e7e8      	b.n	8002c7e <floor+0xb6>
 8002cac:	3401      	adds	r4, #1
 8002cae:	e7e6      	b.n	8002c7e <floor+0xb6>
 8002cb0:	8800759c 	.word	0x8800759c
 8002cb4:	7e37e43c 	.word	0x7e37e43c
 8002cb8:	000fffff 	.word	0x000fffff
 8002cbc:	bff00000 	.word	0xbff00000

08002cc0 <nan>:
 8002cc0:	4901      	ldr	r1, [pc, #4]	; (8002cc8 <nan+0x8>)
 8002cc2:	2000      	movs	r0, #0
 8002cc4:	4770      	bx	lr
 8002cc6:	bf00      	nop
 8002cc8:	7ff80000 	.word	0x7ff80000

08002ccc <rint>:
 8002ccc:	b5f0      	push	{r4, r5, r6, r7, lr}
 8002cce:	f3c1 550a 	ubfx	r5, r1, #20, #11
 8002cd2:	f2a5 3cff 	subw	ip, r5, #1023	; 0x3ff
 8002cd6:	f1bc 0f13 	cmp.w	ip, #19
 8002cda:	b083      	sub	sp, #12
 8002cdc:	4602      	mov	r2, r0
 8002cde:	460b      	mov	r3, r1
 8002ce0:	460c      	mov	r4, r1
 8002ce2:	4686      	mov	lr, r0
 8002ce4:	ea4f 76d1 	mov.w	r6, r1, lsr #31
 8002ce8:	dc65      	bgt.n	8002db6 <rint+0xea>
 8002cea:	f1bc 0f00 	cmp.w	ip, #0
 8002cee:	db30      	blt.n	8002d52 <rint+0x86>
 8002cf0:	4942      	ldr	r1, [pc, #264]	; (8002dfc <rint+0x130>)
 8002cf2:	fa41 f10c 	asr.w	r1, r1, ip
 8002cf6:	ea03 0001 	and.w	r0, r3, r1
 8002cfa:	4310      	orrs	r0, r2
 8002cfc:	d061      	beq.n	8002dc2 <rint+0xf6>
 8002cfe:	ea03 0351 	and.w	r3, r3, r1, lsr #1
 8002d02:	ea52 0e03 	orrs.w	lr, r2, r3
 8002d06:	ea4f 0151 	mov.w	r1, r1, lsr #1
 8002d0a:	d00d      	beq.n	8002d28 <rint+0x5c>
 8002d0c:	ea24 0101 	bic.w	r1, r4, r1
 8002d10:	f44f 2480 	mov.w	r4, #262144	; 0x40000
 8002d14:	f1bc 0f13 	cmp.w	ip, #19
 8002d18:	fa44 f40c 	asr.w	r4, r4, ip
 8002d1c:	bf0c      	ite	eq
 8002d1e:	f04f 4e00 	moveq.w	lr, #2147483648	; 0x80000000
 8002d22:	f04f 0e00 	movne.w	lr, #0
 8002d26:	430c      	orrs	r4, r1
 8002d28:	4935      	ldr	r1, [pc, #212]	; (8002e00 <rint+0x134>)
 8002d2a:	eb01 06c6 	add.w	r6, r1, r6, lsl #3
 8002d2e:	4623      	mov	r3, r4
 8002d30:	e9d6 4500 	ldrd	r4, r5, [r6]
 8002d34:	4672      	mov	r2, lr
 8002d36:	4620      	mov	r0, r4
 8002d38:	4629      	mov	r1, r5
 8002d3a:	f000 f8e5 	bl	8002f08 <__adddf3>
 8002d3e:	e9cd 0100 	strd	r0, r1, [sp]
 8002d42:	e9dd 0100 	ldrd	r0, r1, [sp]
 8002d46:	4622      	mov	r2, r4
 8002d48:	462b      	mov	r3, r5
 8002d4a:	f000 f8db 	bl	8002f04 <__aeabi_dsub>
 8002d4e:	b003      	add	sp, #12
 8002d50:	bdf0      	pop	{r4, r5, r6, r7, pc}
 8002d52:	f021 4100 	bic.w	r1, r1, #2147483648	; 0x80000000
 8002d56:	4301      	orrs	r1, r0
 8002d58:	4619      	mov	r1, r3
 8002d5a:	d0f8      	beq.n	8002d4e <rint+0x82>
 8002d5c:	f3c3 0313 	ubfx	r3, r3, #0, #20
 8002d60:	ea43 0e00 	orr.w	lr, r3, r0
 8002d64:	4a26      	ldr	r2, [pc, #152]	; (8002e00 <rint+0x134>)
 8002d66:	f1ce 0300 	rsb	r3, lr, #0
 8002d6a:	ea43 030e 	orr.w	r3, r3, lr
 8002d6e:	eb02 06c6 	add.w	r6, r2, r6, lsl #3
 8002d72:	e9d6 6700 	ldrd	r6, r7, [r6]
 8002d76:	0c62      	lsrs	r2, r4, #17
 8002d78:	0b1b      	lsrs	r3, r3, #12
 8002d7a:	f403 2300 	and.w	r3, r3, #524288	; 0x80000
 8002d7e:	0452      	lsls	r2, r2, #17
 8002d80:	ea43 0102 	orr.w	r1, r3, r2
 8002d84:	460b      	mov	r3, r1
 8002d86:	4602      	mov	r2, r0
 8002d88:	4639      	mov	r1, r7
 8002d8a:	4630      	mov	r0, r6
 8002d8c:	f000 f8bc 	bl	8002f08 <__adddf3>
 8002d90:	e9cd 0100 	strd	r0, r1, [sp]
 8002d94:	4632      	mov	r2, r6
 8002d96:	463b      	mov	r3, r7
 8002d98:	e9dd 0100 	ldrd	r0, r1, [sp]
 8002d9c:	f000 f8b2 	bl	8002f04 <__aeabi_dsub>
 8002da0:	f004 4400 	and.w	r4, r4, #2147483648	; 0x80000000
 8002da4:	f021 4100 	bic.w	r1, r1, #2147483648	; 0x80000000
 8002da8:	4602      	mov	r2, r0
 8002daa:	ea41 0304 	orr.w	r3, r1, r4
 8002dae:	4610      	mov	r0, r2
 8002db0:	4619      	mov	r1, r3
 8002db2:	b003      	add	sp, #12
 8002db4:	bdf0      	pop	{r4, r5, r6, r7, pc}
 8002db6:	f1bc 0f33 	cmp.w	ip, #51	; 0x33
 8002dba:	dd06      	ble.n	8002dca <rint+0xfe>
 8002dbc:	f5bc 6f80 	cmp.w	ip, #1024	; 0x400
 8002dc0:	d018      	beq.n	8002df4 <rint+0x128>
 8002dc2:	4610      	mov	r0, r2
 8002dc4:	4619      	mov	r1, r3
 8002dc6:	b003      	add	sp, #12
 8002dc8:	bdf0      	pop	{r4, r5, r6, r7, pc}
 8002dca:	f2a5 4513 	subw	r5, r5, #1043	; 0x413
 8002dce:	f04f 31ff 	mov.w	r1, #4294967295	; 0xffffffff
 8002dd2:	40e9      	lsrs	r1, r5
 8002dd4:	4208      	tst	r0, r1
 8002dd6:	d0f4      	beq.n	8002dc2 <rint+0xf6>
 8002dd8:	ea10 0251 	ands.w	r2, r0, r1, lsr #1
 8002ddc:	ea4f 0351 	mov.w	r3, r1, lsr #1
 8002de0:	d0a2      	beq.n	8002d28 <rint+0x5c>
 8002de2:	f04f 4e80 	mov.w	lr, #1073741824	; 0x40000000
 8002de6:	ea20 0303 	bic.w	r3, r0, r3
 8002dea:	fa4e f505 	asr.w	r5, lr, r5
 8002dee:	ea43 0e05 	orr.w	lr, r3, r5
 8002df2:	e799      	b.n	8002d28 <rint+0x5c>
 8002df4:	f000 f888 	bl	8002f08 <__adddf3>
 8002df8:	e7a9      	b.n	8002d4e <rint+0x82>
 8002dfa:	bf00      	nop
 8002dfc:	000fffff 	.word	0x000fffff
 8002e00:	08006458 	.word	0x08006458
 8002e04:	00000000 	.word	0x00000000

08002e08 <scalbn>:
 8002e08:	f3c1 530a 	ubfx	r3, r1, #20, #11
 8002e0c:	b570      	push	{r4, r5, r6, lr}
 8002e0e:	468c      	mov	ip, r1
 8002e10:	4604      	mov	r4, r0
 8002e12:	460d      	mov	r5, r1
 8002e14:	4616      	mov	r6, r2
 8002e16:	bb7b      	cbnz	r3, 8002e78 <scalbn+0x70>
 8002e18:	f021 4c00 	bic.w	ip, r1, #2147483648	; 0x80000000
 8002e1c:	4603      	mov	r3, r0
 8002e1e:	ea5c 0303 	orrs.w	r3, ip, r3
 8002e22:	d028      	beq.n	8002e76 <scalbn+0x6e>
 8002e24:	4b30      	ldr	r3, [pc, #192]	; (8002ee8 <scalbn+0xe0>)
 8002e26:	2200      	movs	r2, #0
 8002e28:	f000 fa24 	bl	8003274 <__aeabi_dmul>
 8002e2c:	4b2f      	ldr	r3, [pc, #188]	; (8002eec <scalbn+0xe4>)
 8002e2e:	429e      	cmp	r6, r3
 8002e30:	4604      	mov	r4, r0
 8002e32:	460d      	mov	r5, r1
 8002e34:	db1a      	blt.n	8002e6c <scalbn+0x64>
 8002e36:	f3c1 530a 	ubfx	r3, r1, #20, #11
 8002e3a:	468c      	mov	ip, r1
 8002e3c:	3b36      	subs	r3, #54	; 0x36
 8002e3e:	4433      	add	r3, r6
 8002e40:	f240 72fe 	movw	r2, #2046	; 0x7fe
 8002e44:	4293      	cmp	r3, r2
 8002e46:	dc20      	bgt.n	8002e8a <scalbn+0x82>
 8002e48:	2b00      	cmp	r3, #0
 8002e4a:	dc3c      	bgt.n	8002ec6 <scalbn+0xbe>
 8002e4c:	f113 0f35 	cmn.w	r3, #53	; 0x35
 8002e50:	da2c      	bge.n	8002eac <scalbn+0xa4>
 8002e52:	f24c 3350 	movw	r3, #50000	; 0xc350
 8002e56:	429e      	cmp	r6, r3
 8002e58:	dc17      	bgt.n	8002e8a <scalbn+0x82>
 8002e5a:	f005 4300 	and.w	r3, r5, #2147483648	; 0x80000000
 8002e5e:	f043 71d2 	orr.w	r1, r3, #27525120	; 0x1a40000
 8002e62:	f441 31b7 	orr.w	r1, r1, #93696	; 0x16e00
 8002e66:	4822      	ldr	r0, [pc, #136]	; (8002ef0 <scalbn+0xe8>)
 8002e68:	f041 011f 	orr.w	r1, r1, #31
 8002e6c:	a31a      	add	r3, pc, #104	; (adr r3, 8002ed8 <scalbn+0xd0>)
 8002e6e:	e9d3 2300 	ldrd	r2, r3, [r3]
 8002e72:	f000 f9ff 	bl	8003274 <__aeabi_dmul>
 8002e76:	bd70      	pop	{r4, r5, r6, pc}
 8002e78:	f240 72ff 	movw	r2, #2047	; 0x7ff
 8002e7c:	4293      	cmp	r3, r2
 8002e7e:	d1de      	bne.n	8002e3e <scalbn+0x36>
 8002e80:	4602      	mov	r2, r0
 8002e82:	460b      	mov	r3, r1
 8002e84:	f000 f840 	bl	8002f08 <__adddf3>
 8002e88:	bd70      	pop	{r4, r5, r6, pc}
 8002e8a:	f005 4300 	and.w	r3, r5, #2147483648	; 0x80000000
 8002e8e:	f043 41fc 	orr.w	r1, r3, #2113929216	; 0x7e000000
 8002e92:	f441 115f 	orr.w	r1, r1, #3653632	; 0x37c000
 8002e96:	f441 5110 	orr.w	r1, r1, #9216	; 0x2400
 8002e9a:	a311      	add	r3, pc, #68	; (adr r3, 8002ee0 <scalbn+0xd8>)
 8002e9c:	e9d3 2300 	ldrd	r2, r3, [r3]
 8002ea0:	4814      	ldr	r0, [pc, #80]	; (8002ef4 <scalbn+0xec>)
 8002ea2:	f041 013c 	orr.w	r1, r1, #60	; 0x3c
 8002ea6:	f000 f9e5 	bl	8003274 <__aeabi_dmul>
 8002eaa:	bd70      	pop	{r4, r5, r6, pc}
 8002eac:	f02c 4cff 	bic.w	ip, ip, #2139095040	; 0x7f800000
 8002eb0:	3336      	adds	r3, #54	; 0x36
 8002eb2:	f42c 0ce0 	bic.w	ip, ip, #7340032	; 0x700000
 8002eb6:	ea4c 5103 	orr.w	r1, ip, r3, lsl #20
 8002eba:	4620      	mov	r0, r4
 8002ebc:	4b0e      	ldr	r3, [pc, #56]	; (8002ef8 <scalbn+0xf0>)
 8002ebe:	2200      	movs	r2, #0
 8002ec0:	f000 f9d8 	bl	8003274 <__aeabi_dmul>
 8002ec4:	bd70      	pop	{r4, r5, r6, pc}
 8002ec6:	f02c 4cff 	bic.w	ip, ip, #2139095040	; 0x7f800000
 8002eca:	f42c 0ce0 	bic.w	ip, ip, #7340032	; 0x700000
 8002ece:	4620      	mov	r0, r4
 8002ed0:	ea4c 5103 	orr.w	r1, ip, r3, lsl #20
 8002ed4:	bd70      	pop	{r4, r5, r6, pc}
 8002ed6:	bf00      	nop
 8002ed8:	c2f8f359 	.word	0xc2f8f359
 8002edc:	01a56e1f 	.word	0x01a56e1f
 8002ee0:	8800759c 	.word	0x8800759c
 8002ee4:	7e37e43c 	.word	0x7e37e43c
 8002ee8:	43500000 	.word	0x43500000
 8002eec:	ffff3cb0 	.word	0xffff3cb0
 8002ef0:	c2f8f359 	.word	0xc2f8f359
 8002ef4:	8800759c 	.word	0x8800759c
 8002ef8:	3c900000 	.word	0x3c900000

08002efc <__aeabi_drsub>:
 8002efc:	f081 4100 	eor.w	r1, r1, #2147483648	; 0x80000000
 8002f00:	e002      	b.n	8002f08 <__adddf3>
 8002f02:	bf00      	nop

08002f04 <__aeabi_dsub>:
 8002f04:	f083 4300 	eor.w	r3, r3, #2147483648	; 0x80000000

08002f08 <__adddf3>:
 8002f08:	b530      	push	{r4, r5, lr}
 8002f0a:	ea4f 0441 	mov.w	r4, r1, lsl #1
 8002f0e:	ea4f 0543 	mov.w	r5, r3, lsl #1
 8002f12:	ea94 0f05 	teq	r4, r5
 8002f16:	bf08      	it	eq
 8002f18:	ea90 0f02 	teqeq	r0, r2
 8002f1c:	bf1f      	itttt	ne
 8002f1e:	ea54 0c00 	orrsne.w	ip, r4, r0
 8002f22:	ea55 0c02 	orrsne.w	ip, r5, r2
 8002f26:	ea7f 5c64 	mvnsne.w	ip, r4, asr #21
 8002f2a:	ea7f 5c65 	mvnsne.w	ip, r5, asr #21
 8002f2e:	f000 80e2 	beq.w	80030f6 <__adddf3+0x1ee>
 8002f32:	ea4f 5454 	mov.w	r4, r4, lsr #21
 8002f36:	ebd4 5555 	rsbs	r5, r4, r5, lsr #21
 8002f3a:	bfb8      	it	lt
 8002f3c:	426d      	neglt	r5, r5
 8002f3e:	dd0c      	ble.n	8002f5a <__adddf3+0x52>
 8002f40:	442c      	add	r4, r5
 8002f42:	ea80 0202 	eor.w	r2, r0, r2
 8002f46:	ea81 0303 	eor.w	r3, r1, r3
 8002f4a:	ea82 0000 	eor.w	r0, r2, r0
 8002f4e:	ea83 0101 	eor.w	r1, r3, r1
 8002f52:	ea80 0202 	eor.w	r2, r0, r2
 8002f56:	ea81 0303 	eor.w	r3, r1, r3
 8002f5a:	2d36      	cmp	r5, #54	; 0x36
 8002f5c:	bf88      	it	hi
 8002f5e:	bd30      	pophi	{r4, r5, pc}
 8002f60:	f011 4f00 	tst.w	r1, #2147483648	; 0x80000000
 8002f64:	ea4f 3101 	mov.w	r1, r1, lsl #12
 8002f68:	f44f 1c80 	mov.w	ip, #1048576	; 0x100000
 8002f6c:	ea4c 3111 	orr.w	r1, ip, r1, lsr #12
 8002f70:	d002      	beq.n	8002f78 <__adddf3+0x70>
 8002f72:	4240      	negs	r0, r0
 8002f74:	eb61 0141 	sbc.w	r1, r1, r1, lsl #1
 8002f78:	f013 4f00 	tst.w	r3, #2147483648	; 0x80000000
 8002f7c:	ea4f 3303 	mov.w	r3, r3, lsl #12
 8002f80:	ea4c 3313 	orr.w	r3, ip, r3, lsr #12
 8002f84:	d002      	beq.n	8002f8c <__adddf3+0x84>
 8002f86:	4252      	negs	r2, r2
 8002f88:	eb63 0343 	sbc.w	r3, r3, r3, lsl #1
 8002f8c:	ea94 0f05 	teq	r4, r5
 8002f90:	f000 80a7 	beq.w	80030e2 <__adddf3+0x1da>
 8002f94:	f1a4 0401 	sub.w	r4, r4, #1
 8002f98:	f1d5 0e20 	rsbs	lr, r5, #32
 8002f9c:	db0d      	blt.n	8002fba <__adddf3+0xb2>
 8002f9e:	fa02 fc0e 	lsl.w	ip, r2, lr
 8002fa2:	fa22 f205 	lsr.w	r2, r2, r5
 8002fa6:	1880      	adds	r0, r0, r2
 8002fa8:	f141 0100 	adc.w	r1, r1, #0
 8002fac:	fa03 f20e 	lsl.w	r2, r3, lr
 8002fb0:	1880      	adds	r0, r0, r2
 8002fb2:	fa43 f305 	asr.w	r3, r3, r5
 8002fb6:	4159      	adcs	r1, r3
 8002fb8:	e00e      	b.n	8002fd8 <__adddf3+0xd0>
 8002fba:	f1a5 0520 	sub.w	r5, r5, #32
 8002fbe:	f10e 0e20 	add.w	lr, lr, #32
 8002fc2:	2a01      	cmp	r2, #1
 8002fc4:	fa03 fc0e 	lsl.w	ip, r3, lr
 8002fc8:	bf28      	it	cs
 8002fca:	f04c 0c02 	orrcs.w	ip, ip, #2
 8002fce:	fa43 f305 	asr.w	r3, r3, r5
 8002fd2:	18c0      	adds	r0, r0, r3
 8002fd4:	eb51 71e3 	adcs.w	r1, r1, r3, asr #31
 8002fd8:	f001 4500 	and.w	r5, r1, #2147483648	; 0x80000000
 8002fdc:	d507      	bpl.n	8002fee <__adddf3+0xe6>
 8002fde:	f04f 0e00 	mov.w	lr, #0
 8002fe2:	f1dc 0c00 	rsbs	ip, ip, #0
 8002fe6:	eb7e 0000 	sbcs.w	r0, lr, r0
 8002fea:	eb6e 0101 	sbc.w	r1, lr, r1
 8002fee:	f5b1 1f80 	cmp.w	r1, #1048576	; 0x100000
 8002ff2:	d31b      	bcc.n	800302c <__adddf3+0x124>
 8002ff4:	f5b1 1f00 	cmp.w	r1, #2097152	; 0x200000
 8002ff8:	d30c      	bcc.n	8003014 <__adddf3+0x10c>
 8002ffa:	0849      	lsrs	r1, r1, #1
 8002ffc:	ea5f 0030 	movs.w	r0, r0, rrx
 8003000:	ea4f 0c3c 	mov.w	ip, ip, rrx
 8003004:	f104 0401 	add.w	r4, r4, #1
 8003008:	ea4f 5244 	mov.w	r2, r4, lsl #21
 800300c:	f512 0f80 	cmn.w	r2, #4194304	; 0x400000
 8003010:	f080 809a 	bcs.w	8003148 <__adddf3+0x240>
 8003014:	f1bc 4f00 	cmp.w	ip, #2147483648	; 0x80000000
 8003018:	bf08      	it	eq
 800301a:	ea5f 0c50 	movseq.w	ip, r0, lsr #1
 800301e:	f150 0000 	adcs.w	r0, r0, #0
 8003022:	eb41 5104 	adc.w	r1, r1, r4, lsl #20
 8003026:	ea41 0105 	orr.w	r1, r1, r5
 800302a:	bd30      	pop	{r4, r5, pc}
 800302c:	ea5f 0c4c 	movs.w	ip, ip, lsl #1
 8003030:	4140      	adcs	r0, r0
 8003032:	eb41 0101 	adc.w	r1, r1, r1
 8003036:	3c01      	subs	r4, #1
 8003038:	bf28      	it	cs
 800303a:	f5b1 1f80 	cmpcs.w	r1, #1048576	; 0x100000
 800303e:	d2e9      	bcs.n	8003014 <__adddf3+0x10c>
 8003040:	f091 0f00 	teq	r1, #0
 8003044:	bf04      	itt	eq
 8003046:	4601      	moveq	r1, r0
 8003048:	2000      	moveq	r0, #0
 800304a:	fab1 f381 	clz	r3, r1
 800304e:	bf08      	it	eq
 8003050:	3320      	addeq	r3, #32
 8003052:	f1a3 030b 	sub.w	r3, r3, #11
 8003056:	f1b3 0220 	subs.w	r2, r3, #32
 800305a:	da0c      	bge.n	8003076 <__adddf3+0x16e>
 800305c:	320c      	adds	r2, #12
 800305e:	dd08      	ble.n	8003072 <__adddf3+0x16a>
 8003060:	f102 0c14 	add.w	ip, r2, #20
 8003064:	f1c2 020c 	rsb	r2, r2, #12
 8003068:	fa01 f00c 	lsl.w	r0, r1, ip
 800306c:	fa21 f102 	lsr.w	r1, r1, r2
 8003070:	e00c      	b.n	800308c <__adddf3+0x184>
 8003072:	f102 0214 	add.w	r2, r2, #20
 8003076:	bfd8      	it	le
 8003078:	f1c2 0c20 	rsble	ip, r2, #32
 800307c:	fa01 f102 	lsl.w	r1, r1, r2
 8003080:	fa20 fc0c 	lsr.w	ip, r0, ip
 8003084:	bfdc      	itt	le
 8003086:	ea41 010c 	orrle.w	r1, r1, ip
 800308a:	4090      	lslle	r0, r2
 800308c:	1ae4      	subs	r4, r4, r3
 800308e:	bfa2      	ittt	ge
 8003090:	eb01 5104 	addge.w	r1, r1, r4, lsl #20
 8003094:	4329      	orrge	r1, r5
 8003096:	bd30      	popge	{r4, r5, pc}
 8003098:	ea6f 0404 	mvn.w	r4, r4
 800309c:	3c1f      	subs	r4, #31
 800309e:	da1c      	bge.n	80030da <__adddf3+0x1d2>
 80030a0:	340c      	adds	r4, #12
 80030a2:	dc0e      	bgt.n	80030c2 <__adddf3+0x1ba>
 80030a4:	f104 0414 	add.w	r4, r4, #20
 80030a8:	f1c4 0220 	rsb	r2, r4, #32
 80030ac:	fa20 f004 	lsr.w	r0, r0, r4
 80030b0:	fa01 f302 	lsl.w	r3, r1, r2
 80030b4:	ea40 0003 	orr.w	r0, r0, r3
 80030b8:	fa21 f304 	lsr.w	r3, r1, r4
 80030bc:	ea45 0103 	orr.w	r1, r5, r3
 80030c0:	bd30      	pop	{r4, r5, pc}
 80030c2:	f1c4 040c 	rsb	r4, r4, #12
 80030c6:	f1c4 0220 	rsb	r2, r4, #32
 80030ca:	fa20 f002 	lsr.w	r0, r0, r2
 80030ce:	fa01 f304 	lsl.w	r3, r1, r4
 80030d2:	ea40 0003 	orr.w	r0, r0, r3
 80030d6:	4629      	mov	r1, r5
 80030d8:	bd30      	pop	{r4, r5, pc}
 80030da:	fa21 f004 	lsr.w	r0, r1, r4
 80030de:	4629      	mov	r1, r5
 80030e0:	bd30      	pop	{r4, r5, pc}
 80030e2:	f094 0f00 	teq	r4, #0
 80030e6:	f483 1380 	eor.w	r3, r3, #1048576	; 0x100000
 80030ea:	bf06      	itte	eq
 80030ec:	f481 1180 	eoreq.w	r1, r1, #1048576	; 0x100000
 80030f0:	3401      	addeq	r4, #1
 80030f2:	3d01      	subne	r5, #1
 80030f4:	e74e      	b.n	8002f94 <__adddf3+0x8c>
 80030f6:	ea7f 5c64 	mvns.w	ip, r4, asr #21
 80030fa:	bf18      	it	ne
 80030fc:	ea7f 5c65 	mvnsne.w	ip, r5, asr #21
 8003100:	d029      	beq.n	8003156 <__adddf3+0x24e>
 8003102:	ea94 0f05 	teq	r4, r5
 8003106:	bf08      	it	eq
 8003108:	ea90 0f02 	teqeq	r0, r2
 800310c:	d005      	beq.n	800311a <__adddf3+0x212>
 800310e:	ea54 0c00 	orrs.w	ip, r4, r0
 8003112:	bf04      	itt	eq
 8003114:	4619      	moveq	r1, r3
 8003116:	4610      	moveq	r0, r2
 8003118:	bd30      	pop	{r4, r5, pc}
 800311a:	ea91 0f03 	teq	r1, r3
 800311e:	bf1e      	ittt	ne
 8003120:	2100      	movne	r1, #0
 8003122:	2000      	movne	r0, #0
 8003124:	bd30      	popne	{r4, r5, pc}
 8003126:	ea5f 5c54 	movs.w	ip, r4, lsr #21
 800312a:	d105      	bne.n	8003138 <__adddf3+0x230>
 800312c:	0040      	lsls	r0, r0, #1
 800312e:	4149      	adcs	r1, r1
 8003130:	bf28      	it	cs
 8003132:	f041 4100 	orrcs.w	r1, r1, #2147483648	; 0x80000000
 8003136:	bd30      	pop	{r4, r5, pc}
 8003138:	f514 0480 	adds.w	r4, r4, #4194304	; 0x400000
 800313c:	bf3c      	itt	cc
 800313e:	f501 1180 	addcc.w	r1, r1, #1048576	; 0x100000
 8003142:	bd30      	popcc	{r4, r5, pc}
 8003144:	f001 4500 	and.w	r5, r1, #2147483648	; 0x80000000
 8003148:	f045 41fe 	orr.w	r1, r5, #2130706432	; 0x7f000000
 800314c:	f441 0170 	orr.w	r1, r1, #15728640	; 0xf00000
 8003150:	f04f 0000 	mov.w	r0, #0
 8003154:	bd30      	pop	{r4, r5, pc}
 8003156:	ea7f 5c64 	mvns.w	ip, r4, asr #21
 800315a:	bf1a      	itte	ne
 800315c:	4619      	movne	r1, r3
 800315e:	4610      	movne	r0, r2
 8003160:	ea7f 5c65 	mvnseq.w	ip, r5, asr #21
 8003164:	bf1c      	itt	ne
 8003166:	460b      	movne	r3, r1
 8003168:	4602      	movne	r2, r0
 800316a:	ea50 3401 	orrs.w	r4, r0, r1, lsl #12
 800316e:	bf06      	itte	eq
 8003170:	ea52 3503 	orrseq.w	r5, r2, r3, lsl #12
 8003174:	ea91 0f03 	teqeq	r1, r3
 8003178:	f441 2100 	orrne.w	r1, r1, #524288	; 0x80000
 800317c:	bd30      	pop	{r4, r5, pc}
 800317e:	bf00      	nop

08003180 <__aeabi_ui2d>:
 8003180:	f090 0f00 	teq	r0, #0
 8003184:	bf04      	itt	eq
 8003186:	2100      	moveq	r1, #0
 8003188:	4770      	bxeq	lr
 800318a:	b530      	push	{r4, r5, lr}
 800318c:	f44f 6480 	mov.w	r4, #1024	; 0x400
 8003190:	f104 0432 	add.w	r4, r4, #50	; 0x32
 8003194:	f04f 0500 	mov.w	r5, #0
 8003198:	f04f 0100 	mov.w	r1, #0
 800319c:	e750      	b.n	8003040 <__adddf3+0x138>
 800319e:	bf00      	nop

080031a0 <__aeabi_i2d>:
 80031a0:	f090 0f00 	teq	r0, #0
 80031a4:	bf04      	itt	eq
 80031a6:	2100      	moveq	r1, #0
 80031a8:	4770      	bxeq	lr
 80031aa:	b530      	push	{r4, r5, lr}
 80031ac:	f44f 6480 	mov.w	r4, #1024	; 0x400
 80031b0:	f104 0432 	add.w	r4, r4, #50	; 0x32
 80031b4:	f010 4500 	ands.w	r5, r0, #2147483648	; 0x80000000
 80031b8:	bf48      	it	mi
 80031ba:	4240      	negmi	r0, r0
 80031bc:	f04f 0100 	mov.w	r1, #0
 80031c0:	e73e      	b.n	8003040 <__adddf3+0x138>
 80031c2:	bf00      	nop

080031c4 <__aeabi_f2d>:
 80031c4:	0042      	lsls	r2, r0, #1
 80031c6:	ea4f 01e2 	mov.w	r1, r2, asr #3
 80031ca:	ea4f 0131 	mov.w	r1, r1, rrx
 80031ce:	ea4f 7002 	mov.w	r0, r2, lsl #28
 80031d2:	bf1f      	itttt	ne
 80031d4:	f012 437f 	andsne.w	r3, r2, #4278190080	; 0xff000000
 80031d8:	f093 4f7f 	teqne	r3, #4278190080	; 0xff000000
 80031dc:	f081 5160 	eorne.w	r1, r1, #939524096	; 0x38000000
 80031e0:	4770      	bxne	lr
 80031e2:	f032 427f 	bics.w	r2, r2, #4278190080	; 0xff000000
 80031e6:	bf08      	it	eq
 80031e8:	4770      	bxeq	lr
 80031ea:	f093 4f7f 	teq	r3, #4278190080	; 0xff000000
 80031ee:	bf04      	itt	eq
 80031f0:	f441 2100 	orreq.w	r1, r1, #524288	; 0x80000
 80031f4:	4770      	bxeq	lr
 80031f6:	b530      	push	{r4, r5, lr}
 80031f8:	f44f 7460 	mov.w	r4, #896	; 0x380
 80031fc:	f001 4500 	and.w	r5, r1, #2147483648	; 0x80000000
 8003200:	f021 4100 	bic.w	r1, r1, #2147483648	; 0x80000000
 8003204:	e71c      	b.n	8003040 <__adddf3+0x138>
 8003206:	bf00      	nop

08003208 <__aeabi_ul2d>:
 8003208:	ea50 0201 	orrs.w	r2, r0, r1
 800320c:	bf08      	it	eq
 800320e:	4770      	bxeq	lr
 8003210:	b530      	push	{r4, r5, lr}
 8003212:	f04f 0500 	mov.w	r5, #0
 8003216:	e00a      	b.n	800322e <__aeabi_l2d+0x16>

08003218 <__aeabi_l2d>:
 8003218:	ea50 0201 	orrs.w	r2, r0, r1
 800321c:	bf08      	it	eq
 800321e:	4770      	bxeq	lr
 8003220:	b530      	push	{r4, r5, lr}
 8003222:	f011 4500 	ands.w	r5, r1, #2147483648	; 0x80000000
 8003226:	d502      	bpl.n	800322e <__aeabi_l2d+0x16>
 8003228:	4240      	negs	r0, r0
 800322a:	eb61 0141 	sbc.w	r1, r1, r1, lsl #1
 800322e:	f44f 6480 	mov.w	r4, #1024	; 0x400
 8003232:	f104 0432 	add.w	r4, r4, #50	; 0x32
 8003236:	ea5f 5c91 	movs.w	ip, r1, lsr #22
 800323a:	f43f aed8 	beq.w	8002fee <__adddf3+0xe6>
 800323e:	f04f 0203 	mov.w	r2, #3
 8003242:	ea5f 0cdc 	movs.w	ip, ip, lsr #3
 8003246:	bf18      	it	ne
 8003248:	3203      	addne	r2, #3
 800324a:	ea5f 0cdc 	movs.w	ip, ip, lsr #3
 800324e:	bf18      	it	ne
 8003250:	3203      	addne	r2, #3
 8003252:	eb02 02dc 	add.w	r2, r2, ip, lsr #3
 8003256:	f1c2 0320 	rsb	r3, r2, #32
 800325a:	fa00 fc03 	lsl.w	ip, r0, r3
 800325e:	fa20 f002 	lsr.w	r0, r0, r2
 8003262:	fa01 fe03 	lsl.w	lr, r1, r3
 8003266:	ea40 000e 	orr.w	r0, r0, lr
 800326a:	fa21 f102 	lsr.w	r1, r1, r2
 800326e:	4414      	add	r4, r2
 8003270:	e6bd      	b.n	8002fee <__adddf3+0xe6>
 8003272:	bf00      	nop

08003274 <__aeabi_dmul>:
 8003274:	b570      	push	{r4, r5, r6, lr}
 8003276:	f04f 0cff 	mov.w	ip, #255	; 0xff
 800327a:	f44c 6ce0 	orr.w	ip, ip, #1792	; 0x700
 800327e:	ea1c 5411 	ands.w	r4, ip, r1, lsr #20
 8003282:	bf1d      	ittte	ne
 8003284:	ea1c 5513 	andsne.w	r5, ip, r3, lsr #20
 8003288:	ea94 0f0c 	teqne	r4, ip
 800328c:	ea95 0f0c 	teqne	r5, ip
 8003290:	f000 f8de 	bleq	8003450 <__aeabi_dmul+0x1dc>
 8003294:	442c      	add	r4, r5
 8003296:	ea81 0603 	eor.w	r6, r1, r3
 800329a:	ea21 514c 	bic.w	r1, r1, ip, lsl #21
 800329e:	ea23 534c 	bic.w	r3, r3, ip, lsl #21
 80032a2:	ea50 3501 	orrs.w	r5, r0, r1, lsl #12
 80032a6:	bf18      	it	ne
 80032a8:	ea52 3503 	orrsne.w	r5, r2, r3, lsl #12
 80032ac:	f441 1180 	orr.w	r1, r1, #1048576	; 0x100000
 80032b0:	f443 1380 	orr.w	r3, r3, #1048576	; 0x100000
 80032b4:	d038      	beq.n	8003328 <__aeabi_dmul+0xb4>
 80032b6:	fba0 ce02 	umull	ip, lr, r0, r2
 80032ba:	f04f 0500 	mov.w	r5, #0
 80032be:	fbe1 e502 	umlal	lr, r5, r1, r2
 80032c2:	f006 4200 	and.w	r2, r6, #2147483648	; 0x80000000
 80032c6:	fbe0 e503 	umlal	lr, r5, r0, r3
 80032ca:	f04f 0600 	mov.w	r6, #0
 80032ce:	fbe1 5603 	umlal	r5, r6, r1, r3
 80032d2:	f09c 0f00 	teq	ip, #0
 80032d6:	bf18      	it	ne
 80032d8:	f04e 0e01 	orrne.w	lr, lr, #1
 80032dc:	f1a4 04ff 	sub.w	r4, r4, #255	; 0xff
 80032e0:	f5b6 7f00 	cmp.w	r6, #512	; 0x200
 80032e4:	f564 7440 	sbc.w	r4, r4, #768	; 0x300
 80032e8:	d204      	bcs.n	80032f4 <__aeabi_dmul+0x80>
 80032ea:	ea5f 0e4e 	movs.w	lr, lr, lsl #1
 80032ee:	416d      	adcs	r5, r5
 80032f0:	eb46 0606 	adc.w	r6, r6, r6
 80032f4:	ea42 21c6 	orr.w	r1, r2, r6, lsl #11
 80032f8:	ea41 5155 	orr.w	r1, r1, r5, lsr #21
 80032fc:	ea4f 20c5 	mov.w	r0, r5, lsl #11
 8003300:	ea40 505e 	orr.w	r0, r0, lr, lsr #21
 8003304:	ea4f 2ece 	mov.w	lr, lr, lsl #11
 8003308:	f1b4 0cfd 	subs.w	ip, r4, #253	; 0xfd
 800330c:	bf88      	it	hi
 800330e:	f5bc 6fe0 	cmphi.w	ip, #1792	; 0x700
 8003312:	d81e      	bhi.n	8003352 <__aeabi_dmul+0xde>
 8003314:	f1be 4f00 	cmp.w	lr, #2147483648	; 0x80000000
 8003318:	bf08      	it	eq
 800331a:	ea5f 0e50 	movseq.w	lr, r0, lsr #1
 800331e:	f150 0000 	adcs.w	r0, r0, #0
 8003322:	eb41 5104 	adc.w	r1, r1, r4, lsl #20
 8003326:	bd70      	pop	{r4, r5, r6, pc}
 8003328:	f006 4600 	and.w	r6, r6, #2147483648	; 0x80000000
 800332c:	ea46 0101 	orr.w	r1, r6, r1
 8003330:	ea40 0002 	orr.w	r0, r0, r2
 8003334:	ea81 0103 	eor.w	r1, r1, r3
 8003338:	ebb4 045c 	subs.w	r4, r4, ip, lsr #1
 800333c:	bfc2      	ittt	gt
 800333e:	ebd4 050c 	rsbsgt	r5, r4, ip
 8003342:	ea41 5104 	orrgt.w	r1, r1, r4, lsl #20
 8003346:	bd70      	popgt	{r4, r5, r6, pc}
 8003348:	f441 1180 	orr.w	r1, r1, #1048576	; 0x100000
 800334c:	f04f 0e00 	mov.w	lr, #0
 8003350:	3c01      	subs	r4, #1
 8003352:	f300 80ab 	bgt.w	80034ac <__aeabi_dmul+0x238>
 8003356:	f114 0f36 	cmn.w	r4, #54	; 0x36
 800335a:	bfde      	ittt	le
 800335c:	2000      	movle	r0, #0
 800335e:	f001 4100 	andle.w	r1, r1, #2147483648	; 0x80000000
 8003362:	bd70      	pople	{r4, r5, r6, pc}
 8003364:	f1c4 0400 	rsb	r4, r4, #0
 8003368:	3c20      	subs	r4, #32
 800336a:	da35      	bge.n	80033d8 <__aeabi_dmul+0x164>
 800336c:	340c      	adds	r4, #12
 800336e:	dc1b      	bgt.n	80033a8 <__aeabi_dmul+0x134>
 8003370:	f104 0414 	add.w	r4, r4, #20
 8003374:	f1c4 0520 	rsb	r5, r4, #32
 8003378:	fa00 f305 	lsl.w	r3, r0, r5
 800337c:	fa20 f004 	lsr.w	r0, r0, r4
 8003380:	fa01 f205 	lsl.w	r2, r1, r5
 8003384:	ea40 0002 	orr.w	r0, r0, r2
 8003388:	f001 4200 	and.w	r2, r1, #2147483648	; 0x80000000
 800338c:	f021 4100 	bic.w	r1, r1, #2147483648	; 0x80000000
 8003390:	eb10 70d3 	adds.w	r0, r0, r3, lsr #31
 8003394:	fa21 f604 	lsr.w	r6, r1, r4
 8003398:	eb42 0106 	adc.w	r1, r2, r6
 800339c:	ea5e 0e43 	orrs.w	lr, lr, r3, lsl #1
 80033a0:	bf08      	it	eq
 80033a2:	ea20 70d3 	biceq.w	r0, r0, r3, lsr #31
 80033a6:	bd70      	pop	{r4, r5, r6, pc}
 80033a8:	f1c4 040c 	rsb	r4, r4, #12
 80033ac:	f1c4 0520 	rsb	r5, r4, #32
 80033b0:	fa00 f304 	lsl.w	r3, r0, r4
 80033b4:	fa20 f005 	lsr.w	r0, r0, r5
 80033b8:	fa01 f204 	lsl.w	r2, r1, r4
 80033bc:	ea40 0002 	orr.w	r0, r0, r2
 80033c0:	f001 4100 	and.w	r1, r1, #2147483648	; 0x80000000
 80033c4:	eb10 70d3 	adds.w	r0, r0, r3, lsr #31
 80033c8:	f141 0100 	adc.w	r1, r1, #0
 80033cc:	ea5e 0e43 	orrs.w	lr, lr, r3, lsl #1
 80033d0:	bf08      	it	eq
 80033d2:	ea20 70d3 	biceq.w	r0, r0, r3, lsr #31
 80033d6:	bd70      	pop	{r4, r5, r6, pc}
 80033d8:	f1c4 0520 	rsb	r5, r4, #32
 80033dc:	fa00 f205 	lsl.w	r2, r0, r5
 80033e0:	ea4e 0e02 	orr.w	lr, lr, r2
 80033e4:	fa20 f304 	lsr.w	r3, r0, r4
 80033e8:	fa01 f205 	lsl.w	r2, r1, r5
 80033ec:	ea43 0302 	orr.w	r3, r3, r2
 80033f0:	fa21 f004 	lsr.w	r0, r1, r4
 80033f4:	f001 4100 	and.w	r1, r1, #2147483648	; 0x80000000
 80033f8:	fa21 f204 	lsr.w	r2, r1, r4
 80033fc:	ea20 0002 	bic.w	r0, r0, r2
 8003400:	eb00 70d3 	add.w	r0, r0, r3, lsr #31
 8003404:	ea5e 0e43 	orrs.w	lr, lr, r3, lsl #1
 8003408:	bf08      	it	eq
 800340a:	ea20 70d3 	biceq.w	r0, r0, r3, lsr #31
 800340e:	bd70      	pop	{r4, r5, r6, pc}
 8003410:	f094 0f00 	teq	r4, #0
 8003414:	d10f      	bne.n	8003436 <__aeabi_dmul+0x1c2>
 8003416:	f001 4600 	and.w	r6, r1, #2147483648	; 0x80000000
 800341a:	0040      	lsls	r0, r0, #1
 800341c:	eb41 0101 	adc.w	r1, r1, r1
 8003420:	f411 1f80 	tst.w	r1, #1048576	; 0x100000
 8003424:	bf08      	it	eq
 8003426:	3c01      	subeq	r4, #1
 8003428:	d0f7      	beq.n	800341a <__aeabi_dmul+0x1a6>
 800342a:	ea41 0106 	orr.w	r1, r1, r6
 800342e:	f095 0f00 	teq	r5, #0
 8003432:	bf18      	it	ne
 8003434:	4770      	bxne	lr
 8003436:	f003 4600 	and.w	r6, r3, #2147483648	; 0x80000000
 800343a:	0052      	lsls	r2, r2, #1
 800343c:	eb43 0303 	adc.w	r3, r3, r3
 8003440:	f413 1f80 	tst.w	r3, #1048576	; 0x100000
 8003444:	bf08      	it	eq
 8003446:	3d01      	subeq	r5, #1
 8003448:	d0f7      	beq.n	800343a <__aeabi_dmul+0x1c6>
 800344a:	ea43 0306 	orr.w	r3, r3, r6
 800344e:	4770      	bx	lr
 8003450:	ea94 0f0c 	teq	r4, ip
 8003454:	ea0c 5513 	and.w	r5, ip, r3, lsr #20
 8003458:	bf18      	it	ne
 800345a:	ea95 0f0c 	teqne	r5, ip
 800345e:	d00c      	beq.n	800347a <__aeabi_dmul+0x206>
 8003460:	ea50 0641 	orrs.w	r6, r0, r1, lsl #1
 8003464:	bf18      	it	ne
 8003466:	ea52 0643 	orrsne.w	r6, r2, r3, lsl #1
 800346a:	d1d1      	bne.n	8003410 <__aeabi_dmul+0x19c>
 800346c:	ea81 0103 	eor.w	r1, r1, r3
 8003470:	f001 4100 	and.w	r1, r1, #2147483648	; 0x80000000
 8003474:	f04f 0000 	mov.w	r0, #0
 8003478:	bd70      	pop	{r4, r5, r6, pc}
 800347a:	ea50 0641 	orrs.w	r6, r0, r1, lsl #1
 800347e:	bf06      	itte	eq
 8003480:	4610      	moveq	r0, r2
 8003482:	4619      	moveq	r1, r3
 8003484:	ea52 0643 	orrsne.w	r6, r2, r3, lsl #1
 8003488:	d019      	beq.n	80034be <__aeabi_dmul+0x24a>
 800348a:	ea94 0f0c 	teq	r4, ip
 800348e:	d102      	bne.n	8003496 <__aeabi_dmul+0x222>
 8003490:	ea50 3601 	orrs.w	r6, r0, r1, lsl #12
 8003494:	d113      	bne.n	80034be <__aeabi_dmul+0x24a>
 8003496:	ea95 0f0c 	teq	r5, ip
 800349a:	d105      	bne.n	80034a8 <__aeabi_dmul+0x234>
 800349c:	ea52 3603 	orrs.w	r6, r2, r3, lsl #12
 80034a0:	bf1c      	itt	ne
 80034a2:	4610      	movne	r0, r2
 80034a4:	4619      	movne	r1, r3
 80034a6:	d10a      	bne.n	80034be <__aeabi_dmul+0x24a>
 80034a8:	ea81 0103 	eor.w	r1, r1, r3
 80034ac:	f001 4100 	and.w	r1, r1, #2147483648	; 0x80000000
 80034b0:	f041 41fe 	orr.w	r1, r1, #2130706432	; 0x7f000000
 80034b4:	f441 0170 	orr.w	r1, r1, #15728640	; 0xf00000
 80034b8:	f04f 0000 	mov.w	r0, #0
 80034bc:	bd70      	pop	{r4, r5, r6, pc}
 80034be:	f041 41fe 	orr.w	r1, r1, #2130706432	; 0x7f000000
 80034c2:	f441 0178 	orr.w	r1, r1, #16252928	; 0xf80000
 80034c6:	bd70      	pop	{r4, r5, r6, pc}

080034c8 <__aeabi_ddiv>:
 80034c8:	b570      	push	{r4, r5, r6, lr}
 80034ca:	f04f 0cff 	mov.w	ip, #255	; 0xff
 80034ce:	f44c 6ce0 	orr.w	ip, ip, #1792	; 0x700
 80034d2:	ea1c 5411 	ands.w	r4, ip, r1, lsr #20
 80034d6:	bf1d      	ittte	ne
 80034d8:	ea1c 5513 	andsne.w	r5, ip, r3, lsr #20
 80034dc:	ea94 0f0c 	teqne	r4, ip
 80034e0:	ea95 0f0c 	teqne	r5, ip
 80034e4:	f000 f8a7 	bleq	8003636 <__aeabi_ddiv+0x16e>
 80034e8:	eba4 0405 	sub.w	r4, r4, r5
 80034ec:	ea81 0e03 	eor.w	lr, r1, r3
 80034f0:	ea52 3503 	orrs.w	r5, r2, r3, lsl #12
 80034f4:	ea4f 3101 	mov.w	r1, r1, lsl #12
 80034f8:	f000 8088 	beq.w	800360c <__aeabi_ddiv+0x144>
 80034fc:	ea4f 3303 	mov.w	r3, r3, lsl #12
 8003500:	f04f 5580 	mov.w	r5, #268435456	; 0x10000000
 8003504:	ea45 1313 	orr.w	r3, r5, r3, lsr #4
 8003508:	ea43 6312 	orr.w	r3, r3, r2, lsr #24
 800350c:	ea4f 2202 	mov.w	r2, r2, lsl #8
 8003510:	ea45 1511 	orr.w	r5, r5, r1, lsr #4
 8003514:	ea45 6510 	orr.w	r5, r5, r0, lsr #24
 8003518:	ea4f 2600 	mov.w	r6, r0, lsl #8
 800351c:	f00e 4100 	and.w	r1, lr, #2147483648	; 0x80000000
 8003520:	429d      	cmp	r5, r3
 8003522:	bf08      	it	eq
 8003524:	4296      	cmpeq	r6, r2
 8003526:	f144 04fd 	adc.w	r4, r4, #253	; 0xfd
 800352a:	f504 7440 	add.w	r4, r4, #768	; 0x300
 800352e:	d202      	bcs.n	8003536 <__aeabi_ddiv+0x6e>
 8003530:	085b      	lsrs	r3, r3, #1
 8003532:	ea4f 0232 	mov.w	r2, r2, rrx
 8003536:	1ab6      	subs	r6, r6, r2
 8003538:	eb65 0503 	sbc.w	r5, r5, r3
 800353c:	085b      	lsrs	r3, r3, #1
 800353e:	ea4f 0232 	mov.w	r2, r2, rrx
 8003542:	f44f 1080 	mov.w	r0, #1048576	; 0x100000
 8003546:	f44f 2c00 	mov.w	ip, #524288	; 0x80000
 800354a:	ebb6 0e02 	subs.w	lr, r6, r2
 800354e:	eb75 0e03 	sbcs.w	lr, r5, r3
 8003552:	bf22      	ittt	cs
 8003554:	1ab6      	subcs	r6, r6, r2
 8003556:	4675      	movcs	r5, lr
 8003558:	ea40 000c 	orrcs.w	r0, r0, ip
 800355c:	085b      	lsrs	r3, r3, #1
 800355e:	ea4f 0232 	mov.w	r2, r2, rrx
 8003562:	ebb6 0e02 	subs.w	lr, r6, r2
 8003566:	eb75 0e03 	sbcs.w	lr, r5, r3
 800356a:	bf22      	ittt	cs
 800356c:	1ab6      	subcs	r6, r6, r2
 800356e:	4675      	movcs	r5, lr
 8003570:	ea40 005c 	orrcs.w	r0, r0, ip, lsr #1
 8003574:	085b      	lsrs	r3, r3, #1
 8003576:	ea4f 0232 	mov.w	r2, r2, rrx
 800357a:	ebb6 0e02 	subs.w	lr, r6, r2
 800357e:	eb75 0e03 	sbcs.w	lr, r5, r3
 8003582:	bf22      	ittt	cs
 8003584:	1ab6      	subcs	r6, r6, r2
 8003586:	4675      	movcs	r5, lr
 8003588:	ea40 009c 	orrcs.w	r0, r0, ip, lsr #2
 800358c:	085b      	lsrs	r3, r3, #1
 800358e:	ea4f 0232 	mov.w	r2, r2, rrx
 8003592:	ebb6 0e02 	subs.w	lr, r6, r2
 8003596:	eb75 0e03 	sbcs.w	lr, r5, r3
 800359a:	bf22      	ittt	cs
 800359c:	1ab6      	subcs	r6, r6, r2
 800359e:	4675      	movcs	r5, lr
 80035a0:	ea40 00dc 	orrcs.w	r0, r0, ip, lsr #3
 80035a4:	ea55 0e06 	orrs.w	lr, r5, r6
 80035a8:	d018      	beq.n	80035dc <__aeabi_ddiv+0x114>
 80035aa:	ea4f 1505 	mov.w	r5, r5, lsl #4
 80035ae:	ea45 7516 	orr.w	r5, r5, r6, lsr #28
 80035b2:	ea4f 1606 	mov.w	r6, r6, lsl #4
 80035b6:	ea4f 03c3 	mov.w	r3, r3, lsl #3
 80035ba:	ea43 7352 	orr.w	r3, r3, r2, lsr #29
 80035be:	ea4f 02c2 	mov.w	r2, r2, lsl #3
 80035c2:	ea5f 1c1c 	movs.w	ip, ip, lsr #4
 80035c6:	d1c0      	bne.n	800354a <__aeabi_ddiv+0x82>
 80035c8:	f411 1f80 	tst.w	r1, #1048576	; 0x100000
 80035cc:	d10b      	bne.n	80035e6 <__aeabi_ddiv+0x11e>
 80035ce:	ea41 0100 	orr.w	r1, r1, r0
 80035d2:	f04f 0000 	mov.w	r0, #0
 80035d6:	f04f 4c00 	mov.w	ip, #2147483648	; 0x80000000
 80035da:	e7b6      	b.n	800354a <__aeabi_ddiv+0x82>
 80035dc:	f411 1f80 	tst.w	r1, #1048576	; 0x100000
 80035e0:	bf04      	itt	eq
 80035e2:	4301      	orreq	r1, r0
 80035e4:	2000      	moveq	r0, #0
 80035e6:	f1b4 0cfd 	subs.w	ip, r4, #253	; 0xfd
 80035ea:	bf88      	it	hi
 80035ec:	f5bc 6fe0 	cmphi.w	ip, #1792	; 0x700
 80035f0:	f63f aeaf 	bhi.w	8003352 <__aeabi_dmul+0xde>
 80035f4:	ebb5 0c03 	subs.w	ip, r5, r3
 80035f8:	bf04      	itt	eq
 80035fa:	ebb6 0c02 	subseq.w	ip, r6, r2
 80035fe:	ea5f 0c50 	movseq.w	ip, r0, lsr #1
 8003602:	f150 0000 	adcs.w	r0, r0, #0
 8003606:	eb41 5104 	adc.w	r1, r1, r4, lsl #20
 800360a:	bd70      	pop	{r4, r5, r6, pc}
 800360c:	f00e 4e00 	and.w	lr, lr, #2147483648	; 0x80000000
 8003610:	ea4e 3111 	orr.w	r1, lr, r1, lsr #12
 8003614:	eb14 045c 	adds.w	r4, r4, ip, lsr #1
 8003618:	bfc2      	ittt	gt
 800361a:	ebd4 050c 	rsbsgt	r5, r4, ip
 800361e:	ea41 5104 	orrgt.w	r1, r1, r4, lsl #20
 8003622:	bd70      	popgt	{r4, r5, r6, pc}
 8003624:	f441 1180 	orr.w	r1, r1, #1048576	; 0x100000
 8003628:	f04f 0e00 	mov.w	lr, #0
 800362c:	3c01      	subs	r4, #1
 800362e:	e690      	b.n	8003352 <__aeabi_dmul+0xde>
 8003630:	ea45 0e06 	orr.w	lr, r5, r6
 8003634:	e68d      	b.n	8003352 <__aeabi_dmul+0xde>
 8003636:	ea0c 5513 	and.w	r5, ip, r3, lsr #20
 800363a:	ea94 0f0c 	teq	r4, ip
 800363e:	bf08      	it	eq
 8003640:	ea95 0f0c 	teqeq	r5, ip
 8003644:	f43f af3b 	beq.w	80034be <__aeabi_dmul+0x24a>
 8003648:	ea94 0f0c 	teq	r4, ip
 800364c:	d10a      	bne.n	8003664 <__aeabi_ddiv+0x19c>
 800364e:	ea50 3401 	orrs.w	r4, r0, r1, lsl #12
 8003652:	f47f af34 	bne.w	80034be <__aeabi_dmul+0x24a>
 8003656:	ea95 0f0c 	teq	r5, ip
 800365a:	f47f af25 	bne.w	80034a8 <__aeabi_dmul+0x234>
 800365e:	4610      	mov	r0, r2
 8003660:	4619      	mov	r1, r3
 8003662:	e72c      	b.n	80034be <__aeabi_dmul+0x24a>
 8003664:	ea95 0f0c 	teq	r5, ip
 8003668:	d106      	bne.n	8003678 <__aeabi_ddiv+0x1b0>
 800366a:	ea52 3503 	orrs.w	r5, r2, r3, lsl #12
 800366e:	f43f aefd 	beq.w	800346c <__aeabi_dmul+0x1f8>
 8003672:	4610      	mov	r0, r2
 8003674:	4619      	mov	r1, r3
 8003676:	e722      	b.n	80034be <__aeabi_dmul+0x24a>
 8003678:	ea50 0641 	orrs.w	r6, r0, r1, lsl #1
 800367c:	bf18      	it	ne
 800367e:	ea52 0643 	orrsne.w	r6, r2, r3, lsl #1
 8003682:	f47f aec5 	bne.w	8003410 <__aeabi_dmul+0x19c>
 8003686:	ea50 0441 	orrs.w	r4, r0, r1, lsl #1
 800368a:	f47f af0d 	bne.w	80034a8 <__aeabi_dmul+0x234>
 800368e:	ea52 0543 	orrs.w	r5, r2, r3, lsl #1
 8003692:	f47f aeeb 	bne.w	800346c <__aeabi_dmul+0x1f8>
 8003696:	e712      	b.n	80034be <__aeabi_dmul+0x24a>

08003698 <__gedf2>:
 8003698:	f04f 3cff 	mov.w	ip, #4294967295	; 0xffffffff
 800369c:	e006      	b.n	80036ac <__cmpdf2+0x4>
 800369e:	bf00      	nop

080036a0 <__ledf2>:
 80036a0:	f04f 0c01 	mov.w	ip, #1
 80036a4:	e002      	b.n	80036ac <__cmpdf2+0x4>
 80036a6:	bf00      	nop

080036a8 <__cmpdf2>:
 80036a8:	f04f 0c01 	mov.w	ip, #1
 80036ac:	f84d cd04 	str.w	ip, [sp, #-4]!
 80036b0:	ea4f 0c41 	mov.w	ip, r1, lsl #1
 80036b4:	ea7f 5c6c 	mvns.w	ip, ip, asr #21
 80036b8:	ea4f 0c43 	mov.w	ip, r3, lsl #1
 80036bc:	bf18      	it	ne
 80036be:	ea7f 5c6c 	mvnsne.w	ip, ip, asr #21
 80036c2:	d01b      	beq.n	80036fc <__cmpdf2+0x54>
 80036c4:	b001      	add	sp, #4
 80036c6:	ea50 0c41 	orrs.w	ip, r0, r1, lsl #1
 80036ca:	bf0c      	ite	eq
 80036cc:	ea52 0c43 	orrseq.w	ip, r2, r3, lsl #1
 80036d0:	ea91 0f03 	teqne	r1, r3
 80036d4:	bf02      	ittt	eq
 80036d6:	ea90 0f02 	teqeq	r0, r2
 80036da:	2000      	moveq	r0, #0
 80036dc:	4770      	bxeq	lr
 80036de:	f110 0f00 	cmn.w	r0, #0
 80036e2:	ea91 0f03 	teq	r1, r3
 80036e6:	bf58      	it	pl
 80036e8:	4299      	cmppl	r1, r3
 80036ea:	bf08      	it	eq
 80036ec:	4290      	cmpeq	r0, r2
 80036ee:	bf2c      	ite	cs
 80036f0:	17d8      	asrcs	r0, r3, #31
 80036f2:	ea6f 70e3 	mvncc.w	r0, r3, asr #31
 80036f6:	f040 0001 	orr.w	r0, r0, #1
 80036fa:	4770      	bx	lr
 80036fc:	ea4f 0c41 	mov.w	ip, r1, lsl #1
 8003700:	ea7f 5c6c 	mvns.w	ip, ip, asr #21
 8003704:	d102      	bne.n	800370c <__cmpdf2+0x64>
 8003706:	ea50 3c01 	orrs.w	ip, r0, r1, lsl #12
 800370a:	d107      	bne.n	800371c <__cmpdf2+0x74>
 800370c:	ea4f 0c43 	mov.w	ip, r3, lsl #1
 8003710:	ea7f 5c6c 	mvns.w	ip, ip, asr #21
 8003714:	d1d6      	bne.n	80036c4 <__cmpdf2+0x1c>
 8003716:	ea52 3c03 	orrs.w	ip, r2, r3, lsl #12
 800371a:	d0d3      	beq.n	80036c4 <__cmpdf2+0x1c>
 800371c:	f85d 0b04 	ldr.w	r0, [sp], #4
 8003720:	4770      	bx	lr
 8003722:	bf00      	nop

08003724 <__aeabi_cdrcmple>:
 8003724:	4684      	mov	ip, r0
 8003726:	4610      	mov	r0, r2
 8003728:	4662      	mov	r2, ip
 800372a:	468c      	mov	ip, r1
 800372c:	4619      	mov	r1, r3
 800372e:	4663      	mov	r3, ip
 8003730:	e000      	b.n	8003734 <__aeabi_cdcmpeq>
 8003732:	bf00      	nop

08003734 <__aeabi_cdcmpeq>:
 8003734:	b501      	push	{r0, lr}
 8003736:	f7ff ffb7 	bl	80036a8 <__cmpdf2>
 800373a:	2800      	cmp	r0, #0
 800373c:	bf48      	it	mi
 800373e:	f110 0f00 	cmnmi.w	r0, #0
 8003742:	bd01      	pop	{r0, pc}

08003744 <__aeabi_dcmpeq>:
 8003744:	f84d ed08 	str.w	lr, [sp, #-8]!
 8003748:	f7ff fff4 	bl	8003734 <__aeabi_cdcmpeq>
 800374c:	bf0c      	ite	eq
 800374e:	2001      	moveq	r0, #1
 8003750:	2000      	movne	r0, #0
 8003752:	f85d fb08 	ldr.w	pc, [sp], #8
 8003756:	bf00      	nop

08003758 <__aeabi_dcmplt>:
 8003758:	f84d ed08 	str.w	lr, [sp, #-8]!
 800375c:	f7ff ffea 	bl	8003734 <__aeabi_cdcmpeq>
 8003760:	bf34      	ite	cc
 8003762:	2001      	movcc	r0, #1
 8003764:	2000      	movcs	r0, #0
 8003766:	f85d fb08 	ldr.w	pc, [sp], #8
 800376a:	bf00      	nop

0800376c <__aeabi_dcmple>:
 800376c:	f84d ed08 	str.w	lr, [sp, #-8]!
 8003770:	f7ff ffe0 	bl	8003734 <__aeabi_cdcmpeq>
 8003774:	bf94      	ite	ls
 8003776:	2001      	movls	r0, #1
 8003778:	2000      	movhi	r0, #0
 800377a:	f85d fb08 	ldr.w	pc, [sp], #8
 800377e:	bf00      	nop

08003780 <__aeabi_dcmpge>:
 8003780:	f84d ed08 	str.w	lr, [sp, #-8]!
 8003784:	f7ff ffce 	bl	8003724 <__aeabi_cdrcmple>
 8003788:	bf94      	ite	ls
 800378a:	2001      	movls	r0, #1
 800378c:	2000      	movhi	r0, #0
 800378e:	f85d fb08 	ldr.w	pc, [sp], #8
 8003792:	bf00      	nop

08003794 <__aeabi_dcmpgt>:
 8003794:	f84d ed08 	str.w	lr, [sp, #-8]!
 8003798:	f7ff ffc4 	bl	8003724 <__aeabi_cdrcmple>
 800379c:	bf34      	ite	cc
 800379e:	2001      	movcc	r0, #1
 80037a0:	2000      	movcs	r0, #0
 80037a2:	f85d fb08 	ldr.w	pc, [sp], #8
 80037a6:	bf00      	nop

080037a8 <__aeabi_dcmpun>:
 80037a8:	ea4f 0c41 	mov.w	ip, r1, lsl #1
 80037ac:	ea7f 5c6c 	mvns.w	ip, ip, asr #21
 80037b0:	d102      	bne.n	80037b8 <__aeabi_dcmpun+0x10>
 80037b2:	ea50 3c01 	orrs.w	ip, r0, r1, lsl #12
 80037b6:	d10a      	bne.n	80037ce <__aeabi_dcmpun+0x26>
 80037b8:	ea4f 0c43 	mov.w	ip, r3, lsl #1
 80037bc:	ea7f 5c6c 	mvns.w	ip, ip, asr #21
 80037c0:	d102      	bne.n	80037c8 <__aeabi_dcmpun+0x20>
 80037c2:	ea52 3c03 	orrs.w	ip, r2, r3, lsl #12
 80037c6:	d102      	bne.n	80037ce <__aeabi_dcmpun+0x26>
 80037c8:	f04f 0000 	mov.w	r0, #0
 80037cc:	4770      	bx	lr
 80037ce:	f04f 0001 	mov.w	r0, #1
 80037d2:	4770      	bx	lr

080037d4 <__aeabi_d2iz>:
 80037d4:	ea4f 0241 	mov.w	r2, r1, lsl #1
 80037d8:	f512 1200 	adds.w	r2, r2, #2097152	; 0x200000
 80037dc:	d215      	bcs.n	800380a <__aeabi_d2iz+0x36>
 80037de:	d511      	bpl.n	8003804 <__aeabi_d2iz+0x30>
 80037e0:	f46f 7378 	mvn.w	r3, #992	; 0x3e0
 80037e4:	ebb3 5262 	subs.w	r2, r3, r2, asr #21
 80037e8:	d912      	bls.n	8003810 <__aeabi_d2iz+0x3c>
 80037ea:	ea4f 23c1 	mov.w	r3, r1, lsl #11
 80037ee:	f043 4300 	orr.w	r3, r3, #2147483648	; 0x80000000
 80037f2:	ea43 5350 	orr.w	r3, r3, r0, lsr #21
 80037f6:	f011 4f00 	tst.w	r1, #2147483648	; 0x80000000
 80037fa:	fa23 f002 	lsr.w	r0, r3, r2
 80037fe:	bf18      	it	ne
 8003800:	4240      	negne	r0, r0
 8003802:	4770      	bx	lr
 8003804:	f04f 0000 	mov.w	r0, #0
 8003808:	4770      	bx	lr
 800380a:	ea50 3001 	orrs.w	r0, r0, r1, lsl #12
 800380e:	d105      	bne.n	800381c <__aeabi_d2iz+0x48>
 8003810:	f011 4000 	ands.w	r0, r1, #2147483648	; 0x80000000
 8003814:	bf08      	it	eq
 8003816:	f06f 4000 	mvneq.w	r0, #2147483648	; 0x80000000
 800381a:	4770      	bx	lr
 800381c:	f04f 0000 	mov.w	r0, #0
 8003820:	4770      	bx	lr
 8003822:	bf00      	nop

08003824 <__aeabi_d2f>:
 8003824:	ea4f 0241 	mov.w	r2, r1, lsl #1
 8003828:	f1b2 43e0 	subs.w	r3, r2, #1879048192	; 0x70000000
 800382c:	bf24      	itt	cs
 800382e:	f5b3 1c00 	subscs.w	ip, r3, #2097152	; 0x200000
 8003832:	f1dc 5cfe 	rsbscs	ip, ip, #532676608	; 0x1fc00000
 8003836:	d90d      	bls.n	8003854 <__aeabi_d2f+0x30>
 8003838:	f001 4c00 	and.w	ip, r1, #2147483648	; 0x80000000
 800383c:	ea4f 02c0 	mov.w	r2, r0, lsl #3
 8003840:	ea4c 7050 	orr.w	r0, ip, r0, lsr #29
 8003844:	f1b2 4f00 	cmp.w	r2, #2147483648	; 0x80000000
 8003848:	eb40 0083 	adc.w	r0, r0, r3, lsl #2
 800384c:	bf08      	it	eq
 800384e:	f020 0001 	biceq.w	r0, r0, #1
 8003852:	4770      	bx	lr
 8003854:	f011 4f80 	tst.w	r1, #1073741824	; 0x40000000
 8003858:	d121      	bne.n	800389e <__aeabi_d2f+0x7a>
 800385a:	f113 7238 	adds.w	r2, r3, #48234496	; 0x2e00000
 800385e:	bfbc      	itt	lt
 8003860:	f001 4000 	andlt.w	r0, r1, #2147483648	; 0x80000000
 8003864:	4770      	bxlt	lr
 8003866:	f441 1180 	orr.w	r1, r1, #1048576	; 0x100000
 800386a:	ea4f 5252 	mov.w	r2, r2, lsr #21
 800386e:	f1c2 0218 	rsb	r2, r2, #24
 8003872:	f1c2 0c20 	rsb	ip, r2, #32
 8003876:	fa10 f30c 	lsls.w	r3, r0, ip
 800387a:	fa20 f002 	lsr.w	r0, r0, r2
 800387e:	bf18      	it	ne
 8003880:	f040 0001 	orrne.w	r0, r0, #1
 8003884:	ea4f 23c1 	mov.w	r3, r1, lsl #11
 8003888:	ea4f 23d3 	mov.w	r3, r3, lsr #11
 800388c:	fa03 fc0c 	lsl.w	ip, r3, ip
 8003890:	ea40 000c 	orr.w	r0, r0, ip
 8003894:	fa23 f302 	lsr.w	r3, r3, r2
 8003898:	ea4f 0343 	mov.w	r3, r3, lsl #1
 800389c:	e7cc      	b.n	8003838 <__aeabi_d2f+0x14>
 800389e:	ea7f 5362 	mvns.w	r3, r2, asr #21
 80038a2:	d107      	bne.n	80038b4 <__aeabi_d2f+0x90>
 80038a4:	ea50 3301 	orrs.w	r3, r0, r1, lsl #12
 80038a8:	bf1e      	ittt	ne
 80038aa:	f04f 40fe 	movne.w	r0, #2130706432	; 0x7f000000
 80038ae:	f440 0040 	orrne.w	r0, r0, #12582912	; 0xc00000
 80038b2:	4770      	bxne	lr
 80038b4:	f001 4000 	and.w	r0, r1, #2147483648	; 0x80000000
 80038b8:	f040 40fe 	orr.w	r0, r0, #2130706432	; 0x7f000000
 80038bc:	f440 0000 	orr.w	r0, r0, #8388608	; 0x800000
 80038c0:	4770      	bx	lr
 80038c2:	bf00      	nop

080038c4 <__aeabi_frsub>:
 80038c4:	f080 4000 	eor.w	r0, r0, #2147483648	; 0x80000000
 80038c8:	e002      	b.n	80038d0 <__addsf3>
 80038ca:	bf00      	nop

080038cc <__aeabi_fsub>:
 80038cc:	f081 4100 	eor.w	r1, r1, #2147483648	; 0x80000000

080038d0 <__addsf3>:
 80038d0:	0042      	lsls	r2, r0, #1
 80038d2:	bf1f      	itttt	ne
 80038d4:	ea5f 0341 	movsne.w	r3, r1, lsl #1
 80038d8:	ea92 0f03 	teqne	r2, r3
 80038dc:	ea7f 6c22 	mvnsne.w	ip, r2, asr #24
 80038e0:	ea7f 6c23 	mvnsne.w	ip, r3, asr #24
 80038e4:	d06a      	beq.n	80039bc <__addsf3+0xec>
 80038e6:	ea4f 6212 	mov.w	r2, r2, lsr #24
 80038ea:	ebd2 6313 	rsbs	r3, r2, r3, lsr #24
 80038ee:	bfc1      	itttt	gt
 80038f0:	18d2      	addgt	r2, r2, r3
 80038f2:	4041      	eorgt	r1, r0
 80038f4:	4048      	eorgt	r0, r1
 80038f6:	4041      	eorgt	r1, r0
 80038f8:	bfb8      	it	lt
 80038fa:	425b      	neglt	r3, r3
 80038fc:	2b19      	cmp	r3, #25
 80038fe:	bf88      	it	hi
 8003900:	4770      	bxhi	lr
 8003902:	f010 4f00 	tst.w	r0, #2147483648	; 0x80000000
 8003906:	f440 0000 	orr.w	r0, r0, #8388608	; 0x800000
 800390a:	f020 407f 	bic.w	r0, r0, #4278190080	; 0xff000000
 800390e:	bf18      	it	ne
 8003910:	4240      	negne	r0, r0
 8003912:	f011 4f00 	tst.w	r1, #2147483648	; 0x80000000
 8003916:	f441 0100 	orr.w	r1, r1, #8388608	; 0x800000
 800391a:	f021 417f 	bic.w	r1, r1, #4278190080	; 0xff000000
 800391e:	bf18      	it	ne
 8003920:	4249      	negne	r1, r1
 8003922:	ea92 0f03 	teq	r2, r3
 8003926:	d03f      	beq.n	80039a8 <__addsf3+0xd8>
 8003928:	f1a2 0201 	sub.w	r2, r2, #1
 800392c:	fa41 fc03 	asr.w	ip, r1, r3
 8003930:	eb10 000c 	adds.w	r0, r0, ip
 8003934:	f1c3 0320 	rsb	r3, r3, #32
 8003938:	fa01 f103 	lsl.w	r1, r1, r3
 800393c:	f000 4300 	and.w	r3, r0, #2147483648	; 0x80000000
 8003940:	d502      	bpl.n	8003948 <__addsf3+0x78>
 8003942:	4249      	negs	r1, r1
 8003944:	eb60 0040 	sbc.w	r0, r0, r0, lsl #1
 8003948:	f5b0 0f00 	cmp.w	r0, #8388608	; 0x800000
 800394c:	d313      	bcc.n	8003976 <__addsf3+0xa6>
 800394e:	f1b0 7f80 	cmp.w	r0, #16777216	; 0x1000000
 8003952:	d306      	bcc.n	8003962 <__addsf3+0x92>
 8003954:	0840      	lsrs	r0, r0, #1
 8003956:	ea4f 0131 	mov.w	r1, r1, rrx
 800395a:	f102 0201 	add.w	r2, r2, #1
 800395e:	2afe      	cmp	r2, #254	; 0xfe
 8003960:	d251      	bcs.n	8003a06 <__addsf3+0x136>
 8003962:	f1b1 4f00 	cmp.w	r1, #2147483648	; 0x80000000
 8003966:	eb40 50c2 	adc.w	r0, r0, r2, lsl #23
 800396a:	bf08      	it	eq
 800396c:	f020 0001 	biceq.w	r0, r0, #1
 8003970:	ea40 0003 	orr.w	r0, r0, r3
 8003974:	4770      	bx	lr
 8003976:	0049      	lsls	r1, r1, #1
 8003978:	eb40 0000 	adc.w	r0, r0, r0
 800397c:	3a01      	subs	r2, #1
 800397e:	bf28      	it	cs
 8003980:	f5b0 0f00 	cmpcs.w	r0, #8388608	; 0x800000
 8003984:	d2ed      	bcs.n	8003962 <__addsf3+0x92>
 8003986:	fab0 fc80 	clz	ip, r0
 800398a:	f1ac 0c08 	sub.w	ip, ip, #8
 800398e:	ebb2 020c 	subs.w	r2, r2, ip
 8003992:	fa00 f00c 	lsl.w	r0, r0, ip
 8003996:	bfaa      	itet	ge
 8003998:	eb00 50c2 	addge.w	r0, r0, r2, lsl #23
 800399c:	4252      	neglt	r2, r2
 800399e:	4318      	orrge	r0, r3
 80039a0:	bfbc      	itt	lt
 80039a2:	40d0      	lsrlt	r0, r2
 80039a4:	4318      	orrlt	r0, r3
 80039a6:	4770      	bx	lr
 80039a8:	f092 0f00 	teq	r2, #0
 80039ac:	f481 0100 	eor.w	r1, r1, #8388608	; 0x800000
 80039b0:	bf06      	itte	eq
 80039b2:	f480 0000 	eoreq.w	r0, r0, #8388608	; 0x800000
 80039b6:	3201      	addeq	r2, #1
 80039b8:	3b01      	subne	r3, #1
 80039ba:	e7b5      	b.n	8003928 <__addsf3+0x58>
 80039bc:	ea4f 0341 	mov.w	r3, r1, lsl #1
 80039c0:	ea7f 6c22 	mvns.w	ip, r2, asr #24
 80039c4:	bf18      	it	ne
 80039c6:	ea7f 6c23 	mvnsne.w	ip, r3, asr #24
 80039ca:	d021      	beq.n	8003a10 <__addsf3+0x140>
 80039cc:	ea92 0f03 	teq	r2, r3
 80039d0:	d004      	beq.n	80039dc <__addsf3+0x10c>
 80039d2:	f092 0f00 	teq	r2, #0
 80039d6:	bf08      	it	eq
 80039d8:	4608      	moveq	r0, r1
 80039da:	4770      	bx	lr
 80039dc:	ea90 0f01 	teq	r0, r1
 80039e0:	bf1c      	itt	ne
 80039e2:	2000      	movne	r0, #0
 80039e4:	4770      	bxne	lr
 80039e6:	f012 4f7f 	tst.w	r2, #4278190080	; 0xff000000
 80039ea:	d104      	bne.n	80039f6 <__addsf3+0x126>
 80039ec:	0040      	lsls	r0, r0, #1
 80039ee:	bf28      	it	cs
 80039f0:	f040 4000 	orrcs.w	r0, r0, #2147483648	; 0x80000000
 80039f4:	4770      	bx	lr
 80039f6:	f112 7200 	adds.w	r2, r2, #33554432	; 0x2000000
 80039fa:	bf3c      	itt	cc
 80039fc:	f500 0000 	addcc.w	r0, r0, #8388608	; 0x800000
 8003a00:	4770      	bxcc	lr
 8003a02:	f000 4300 	and.w	r3, r0, #2147483648	; 0x80000000
 8003a06:	f043 40fe 	orr.w	r0, r3, #2130706432	; 0x7f000000
 8003a0a:	f440 0000 	orr.w	r0, r0, #8388608	; 0x800000
 8003a0e:	4770      	bx	lr
 8003a10:	ea7f 6222 	mvns.w	r2, r2, asr #24
 8003a14:	bf16      	itet	ne
 8003a16:	4608      	movne	r0, r1
 8003a18:	ea7f 6323 	mvnseq.w	r3, r3, asr #24
 8003a1c:	4601      	movne	r1, r0
 8003a1e:	0242      	lsls	r2, r0, #9
 8003a20:	bf06      	itte	eq
 8003a22:	ea5f 2341 	movseq.w	r3, r1, lsl #9
 8003a26:	ea90 0f01 	teqeq	r0, r1
 8003a2a:	f440 0080 	orrne.w	r0, r0, #4194304	; 0x400000
 8003a2e:	4770      	bx	lr

08003a30 <__aeabi_ui2f>:
 8003a30:	f04f 0300 	mov.w	r3, #0
 8003a34:	e004      	b.n	8003a40 <__aeabi_i2f+0x8>
 8003a36:	bf00      	nop

08003a38 <__aeabi_i2f>:
 8003a38:	f010 4300 	ands.w	r3, r0, #2147483648	; 0x80000000
 8003a3c:	bf48      	it	mi
 8003a3e:	4240      	negmi	r0, r0
 8003a40:	ea5f 0c00 	movs.w	ip, r0
 8003a44:	bf08      	it	eq
 8003a46:	4770      	bxeq	lr
 8003a48:	f043 4396 	orr.w	r3, r3, #1258291200	; 0x4b000000
 8003a4c:	4601      	mov	r1, r0
 8003a4e:	f04f 0000 	mov.w	r0, #0
 8003a52:	e01c      	b.n	8003a8e <__aeabi_l2f+0x2a>

08003a54 <__aeabi_ul2f>:
 8003a54:	ea50 0201 	orrs.w	r2, r0, r1
 8003a58:	bf08      	it	eq
 8003a5a:	4770      	bxeq	lr
 8003a5c:	f04f 0300 	mov.w	r3, #0
 8003a60:	e00a      	b.n	8003a78 <__aeabi_l2f+0x14>
 8003a62:	bf00      	nop

08003a64 <__aeabi_l2f>:
 8003a64:	ea50 0201 	orrs.w	r2, r0, r1
 8003a68:	bf08      	it	eq
 8003a6a:	4770      	bxeq	lr
 8003a6c:	f011 4300 	ands.w	r3, r1, #2147483648	; 0x80000000
 8003a70:	d502      	bpl.n	8003a78 <__aeabi_l2f+0x14>
 8003a72:	4240      	negs	r0, r0
 8003a74:	eb61 0141 	sbc.w	r1, r1, r1, lsl #1
 8003a78:	ea5f 0c01 	movs.w	ip, r1
 8003a7c:	bf02      	ittt	eq
 8003a7e:	4684      	moveq	ip, r0
 8003a80:	4601      	moveq	r1, r0
 8003a82:	2000      	moveq	r0, #0
 8003a84:	f043 43b6 	orr.w	r3, r3, #1526726656	; 0x5b000000
 8003a88:	bf08      	it	eq
 8003a8a:	f1a3 5380 	subeq.w	r3, r3, #268435456	; 0x10000000
 8003a8e:	f5a3 0300 	sub.w	r3, r3, #8388608	; 0x800000
 8003a92:	fabc f28c 	clz	r2, ip
 8003a96:	3a08      	subs	r2, #8
 8003a98:	eba3 53c2 	sub.w	r3, r3, r2, lsl #23
 8003a9c:	db10      	blt.n	8003ac0 <__aeabi_l2f+0x5c>
 8003a9e:	fa01 fc02 	lsl.w	ip, r1, r2
 8003aa2:	4463      	add	r3, ip
 8003aa4:	fa00 fc02 	lsl.w	ip, r0, r2
 8003aa8:	f1c2 0220 	rsb	r2, r2, #32
 8003aac:	f1bc 4f00 	cmp.w	ip, #2147483648	; 0x80000000
 8003ab0:	fa20 f202 	lsr.w	r2, r0, r2
 8003ab4:	eb43 0002 	adc.w	r0, r3, r2
 8003ab8:	bf08      	it	eq
 8003aba:	f020 0001 	biceq.w	r0, r0, #1
 8003abe:	4770      	bx	lr
 8003ac0:	f102 0220 	add.w	r2, r2, #32
 8003ac4:	fa01 fc02 	lsl.w	ip, r1, r2
 8003ac8:	f1c2 0220 	rsb	r2, r2, #32
 8003acc:	ea50 004c 	orrs.w	r0, r0, ip, lsl #1
 8003ad0:	fa21 f202 	lsr.w	r2, r1, r2
 8003ad4:	eb43 0002 	adc.w	r0, r3, r2
 8003ad8:	bf08      	it	eq
 8003ada:	ea20 70dc 	biceq.w	r0, r0, ip, lsr #31
 8003ade:	4770      	bx	lr

08003ae0 <__aeabi_fmul>:
 8003ae0:	f04f 0cff 	mov.w	ip, #255	; 0xff
 8003ae4:	ea1c 52d0 	ands.w	r2, ip, r0, lsr #23
 8003ae8:	bf1e      	ittt	ne
 8003aea:	ea1c 53d1 	andsne.w	r3, ip, r1, lsr #23
 8003aee:	ea92 0f0c 	teqne	r2, ip
 8003af2:	ea93 0f0c 	teqne	r3, ip
 8003af6:	d06f      	beq.n	8003bd8 <__aeabi_fmul+0xf8>
 8003af8:	441a      	add	r2, r3
 8003afa:	ea80 0c01 	eor.w	ip, r0, r1
 8003afe:	0240      	lsls	r0, r0, #9
 8003b00:	bf18      	it	ne
 8003b02:	ea5f 2141 	movsne.w	r1, r1, lsl #9
 8003b06:	d01e      	beq.n	8003b46 <__aeabi_fmul+0x66>
 8003b08:	f04f 6300 	mov.w	r3, #134217728	; 0x8000000
 8003b0c:	ea43 1050 	orr.w	r0, r3, r0, lsr #5
 8003b10:	ea43 1151 	orr.w	r1, r3, r1, lsr #5
 8003b14:	fba0 3101 	umull	r3, r1, r0, r1
 8003b18:	f00c 4000 	and.w	r0, ip, #2147483648	; 0x80000000
 8003b1c:	f5b1 0f00 	cmp.w	r1, #8388608	; 0x800000
 8003b20:	bf3e      	ittt	cc
 8003b22:	0049      	lslcc	r1, r1, #1
 8003b24:	ea41 71d3 	orrcc.w	r1, r1, r3, lsr #31
 8003b28:	005b      	lslcc	r3, r3, #1
 8003b2a:	ea40 0001 	orr.w	r0, r0, r1
 8003b2e:	f162 027f 	sbc.w	r2, r2, #127	; 0x7f
 8003b32:	2afd      	cmp	r2, #253	; 0xfd
 8003b34:	d81d      	bhi.n	8003b72 <__aeabi_fmul+0x92>
 8003b36:	f1b3 4f00 	cmp.w	r3, #2147483648	; 0x80000000
 8003b3a:	eb40 50c2 	adc.w	r0, r0, r2, lsl #23
 8003b3e:	bf08      	it	eq
 8003b40:	f020 0001 	biceq.w	r0, r0, #1
 8003b44:	4770      	bx	lr
 8003b46:	f090 0f00 	teq	r0, #0
 8003b4a:	f00c 4c00 	and.w	ip, ip, #2147483648	; 0x80000000
 8003b4e:	bf08      	it	eq
 8003b50:	0249      	lsleq	r1, r1, #9
 8003b52:	ea4c 2050 	orr.w	r0, ip, r0, lsr #9
 8003b56:	ea40 2051 	orr.w	r0, r0, r1, lsr #9
 8003b5a:	3a7f      	subs	r2, #127	; 0x7f
 8003b5c:	bfc2      	ittt	gt
 8003b5e:	f1d2 03ff 	rsbsgt	r3, r2, #255	; 0xff
 8003b62:	ea40 50c2 	orrgt.w	r0, r0, r2, lsl #23
 8003b66:	4770      	bxgt	lr
 8003b68:	f440 0000 	orr.w	r0, r0, #8388608	; 0x800000
 8003b6c:	f04f 0300 	mov.w	r3, #0
 8003b70:	3a01      	subs	r2, #1
 8003b72:	dc5d      	bgt.n	8003c30 <__aeabi_fmul+0x150>
 8003b74:	f112 0f19 	cmn.w	r2, #25
 8003b78:	bfdc      	itt	le
 8003b7a:	f000 4000 	andle.w	r0, r0, #2147483648	; 0x80000000
 8003b7e:	4770      	bxle	lr
 8003b80:	f1c2 0200 	rsb	r2, r2, #0
 8003b84:	0041      	lsls	r1, r0, #1
 8003b86:	fa21 f102 	lsr.w	r1, r1, r2
 8003b8a:	f1c2 0220 	rsb	r2, r2, #32
 8003b8e:	fa00 fc02 	lsl.w	ip, r0, r2
 8003b92:	ea5f 0031 	movs.w	r0, r1, rrx
 8003b96:	f140 0000 	adc.w	r0, r0, #0
 8003b9a:	ea53 034c 	orrs.w	r3, r3, ip, lsl #1
 8003b9e:	bf08      	it	eq
 8003ba0:	ea20 70dc 	biceq.w	r0, r0, ip, lsr #31
 8003ba4:	4770      	bx	lr
 8003ba6:	f092 0f00 	teq	r2, #0
 8003baa:	f000 4c00 	and.w	ip, r0, #2147483648	; 0x80000000
 8003bae:	bf02      	ittt	eq
 8003bb0:	0040      	lsleq	r0, r0, #1
 8003bb2:	f410 0f00 	tsteq.w	r0, #8388608	; 0x800000
 8003bb6:	3a01      	subeq	r2, #1
 8003bb8:	d0f9      	beq.n	8003bae <__aeabi_fmul+0xce>
 8003bba:	ea40 000c 	orr.w	r0, r0, ip
 8003bbe:	f093 0f00 	teq	r3, #0
 8003bc2:	f001 4c00 	and.w	ip, r1, #2147483648	; 0x80000000
 8003bc6:	bf02      	ittt	eq
 8003bc8:	0049      	lsleq	r1, r1, #1
 8003bca:	f411 0f00 	tsteq.w	r1, #8388608	; 0x800000
 8003bce:	3b01      	subeq	r3, #1
 8003bd0:	d0f9      	beq.n	8003bc6 <__aeabi_fmul+0xe6>
 8003bd2:	ea41 010c 	orr.w	r1, r1, ip
 8003bd6:	e78f      	b.n	8003af8 <__aeabi_fmul+0x18>
 8003bd8:	ea0c 53d1 	and.w	r3, ip, r1, lsr #23
 8003bdc:	ea92 0f0c 	teq	r2, ip
 8003be0:	bf18      	it	ne
 8003be2:	ea93 0f0c 	teqne	r3, ip
 8003be6:	d00a      	beq.n	8003bfe <__aeabi_fmul+0x11e>
 8003be8:	f030 4c00 	bics.w	ip, r0, #2147483648	; 0x80000000
 8003bec:	bf18      	it	ne
 8003bee:	f031 4c00 	bicsne.w	ip, r1, #2147483648	; 0x80000000
 8003bf2:	d1d8      	bne.n	8003ba6 <__aeabi_fmul+0xc6>
 8003bf4:	ea80 0001 	eor.w	r0, r0, r1
 8003bf8:	f000 4000 	and.w	r0, r0, #2147483648	; 0x80000000
 8003bfc:	4770      	bx	lr
 8003bfe:	f090 0f00 	teq	r0, #0
 8003c02:	bf17      	itett	ne
 8003c04:	f090 4f00 	teqne	r0, #2147483648	; 0x80000000
 8003c08:	4608      	moveq	r0, r1
 8003c0a:	f091 0f00 	teqne	r1, #0
 8003c0e:	f091 4f00 	teqne	r1, #2147483648	; 0x80000000
 8003c12:	d014      	beq.n	8003c3e <__aeabi_fmul+0x15e>
 8003c14:	ea92 0f0c 	teq	r2, ip
 8003c18:	d101      	bne.n	8003c1e <__aeabi_fmul+0x13e>
 8003c1a:	0242      	lsls	r2, r0, #9
 8003c1c:	d10f      	bne.n	8003c3e <__aeabi_fmul+0x15e>
 8003c1e:	ea93 0f0c 	teq	r3, ip
 8003c22:	d103      	bne.n	8003c2c <__aeabi_fmul+0x14c>
 8003c24:	024b      	lsls	r3, r1, #9
 8003c26:	bf18      	it	ne
 8003c28:	4608      	movne	r0, r1
 8003c2a:	d108      	bne.n	8003c3e <__aeabi_fmul+0x15e>
 8003c2c:	ea80 0001 	eor.w	r0, r0, r1
 8003c30:	f000 4000 	and.w	r0, r0, #2147483648	; 0x80000000
 8003c34:	f040 40fe 	orr.w	r0, r0, #2130706432	; 0x7f000000
 8003c38:	f440 0000 	orr.w	r0, r0, #8388608	; 0x800000
 8003c3c:	4770      	bx	lr
 8003c3e:	f040 40fe 	orr.w	r0, r0, #2130706432	; 0x7f000000
 8003c42:	f440 0040 	orr.w	r0, r0, #12582912	; 0xc00000
 8003c46:	4770      	bx	lr

08003c48 <__aeabi_fdiv>:
 8003c48:	f04f 0cff 	mov.w	ip, #255	; 0xff
 8003c4c:	ea1c 52d0 	ands.w	r2, ip, r0, lsr #23
 8003c50:	bf1e      	ittt	ne
 8003c52:	ea1c 53d1 	andsne.w	r3, ip, r1, lsr #23
 8003c56:	ea92 0f0c 	teqne	r2, ip
 8003c5a:	ea93 0f0c 	teqne	r3, ip
 8003c5e:	d069      	beq.n	8003d34 <__aeabi_fdiv+0xec>
 8003c60:	eba2 0203 	sub.w	r2, r2, r3
 8003c64:	ea80 0c01 	eor.w	ip, r0, r1
 8003c68:	0249      	lsls	r1, r1, #9
 8003c6a:	ea4f 2040 	mov.w	r0, r0, lsl #9
 8003c6e:	d037      	beq.n	8003ce0 <__aeabi_fdiv+0x98>
 8003c70:	f04f 5380 	mov.w	r3, #268435456	; 0x10000000
 8003c74:	ea43 1111 	orr.w	r1, r3, r1, lsr #4
 8003c78:	ea43 1310 	orr.w	r3, r3, r0, lsr #4
 8003c7c:	f00c 4000 	and.w	r0, ip, #2147483648	; 0x80000000
 8003c80:	428b      	cmp	r3, r1
 8003c82:	bf38      	it	cc
 8003c84:	005b      	lslcc	r3, r3, #1
 8003c86:	f142 027d 	adc.w	r2, r2, #125	; 0x7d
 8003c8a:	f44f 0c00 	mov.w	ip, #8388608	; 0x800000
 8003c8e:	428b      	cmp	r3, r1
 8003c90:	bf24      	itt	cs
 8003c92:	1a5b      	subcs	r3, r3, r1
 8003c94:	ea40 000c 	orrcs.w	r0, r0, ip
 8003c98:	ebb3 0f51 	cmp.w	r3, r1, lsr #1
 8003c9c:	bf24      	itt	cs
 8003c9e:	eba3 0351 	subcs.w	r3, r3, r1, lsr #1
 8003ca2:	ea40 005c 	orrcs.w	r0, r0, ip, lsr #1
 8003ca6:	ebb3 0f91 	cmp.w	r3, r1, lsr #2
 8003caa:	bf24      	itt	cs
 8003cac:	eba3 0391 	subcs.w	r3, r3, r1, lsr #2
 8003cb0:	ea40 009c 	orrcs.w	r0, r0, ip, lsr #2
 8003cb4:	ebb3 0fd1 	cmp.w	r3, r1, lsr #3
 8003cb8:	bf24      	itt	cs
 8003cba:	eba3 03d1 	subcs.w	r3, r3, r1, lsr #3
 8003cbe:	ea40 00dc 	orrcs.w	r0, r0, ip, lsr #3
 8003cc2:	011b      	lsls	r3, r3, #4
 8003cc4:	bf18      	it	ne
 8003cc6:	ea5f 1c1c 	movsne.w	ip, ip, lsr #4
 8003cca:	d1e0      	bne.n	8003c8e <__aeabi_fdiv+0x46>
 8003ccc:	2afd      	cmp	r2, #253	; 0xfd
 8003cce:	f63f af50 	bhi.w	8003b72 <__aeabi_fmul+0x92>
 8003cd2:	428b      	cmp	r3, r1
 8003cd4:	eb40 50c2 	adc.w	r0, r0, r2, lsl #23
 8003cd8:	bf08      	it	eq
 8003cda:	f020 0001 	biceq.w	r0, r0, #1
 8003cde:	4770      	bx	lr
 8003ce0:	f00c 4c00 	and.w	ip, ip, #2147483648	; 0x80000000
 8003ce4:	ea4c 2050 	orr.w	r0, ip, r0, lsr #9
 8003ce8:	327f      	adds	r2, #127	; 0x7f
 8003cea:	bfc2      	ittt	gt
 8003cec:	f1d2 03ff 	rsbsgt	r3, r2, #255	; 0xff
 8003cf0:	ea40 50c2 	orrgt.w	r0, r0, r2, lsl #23
 8003cf4:	4770      	bxgt	lr
 8003cf6:	f440 0000 	orr.w	r0, r0, #8388608	; 0x800000
 8003cfa:	f04f 0300 	mov.w	r3, #0
 8003cfe:	3a01      	subs	r2, #1
 8003d00:	e737      	b.n	8003b72 <__aeabi_fmul+0x92>
 8003d02:	f092 0f00 	teq	r2, #0
 8003d06:	f000 4c00 	and.w	ip, r0, #2147483648	; 0x80000000
 8003d0a:	bf02      	ittt	eq
 8003d0c:	0040      	lsleq	r0, r0, #1
 8003d0e:	f410 0f00 	tsteq.w	r0, #8388608	; 0x800000
 8003d12:	3a01      	subeq	r2, #1
 8003d14:	d0f9      	beq.n	8003d0a <__aeabi_fdiv+0xc2>
 8003d16:	ea40 000c 	orr.w	r0, r0, ip
 8003d1a:	f093 0f00 	teq	r3, #0
 8003d1e:	f001 4c00 	and.w	ip, r1, #2147483648	; 0x80000000
 8003d22:	bf02      	ittt	eq
 8003d24:	0049      	lsleq	r1, r1, #1
 8003d26:	f411 0f00 	tsteq.w	r1, #8388608	; 0x800000
 8003d2a:	3b01      	subeq	r3, #1
 8003d2c:	d0f9      	beq.n	8003d22 <__aeabi_fdiv+0xda>
 8003d2e:	ea41 010c 	orr.w	r1, r1, ip
 8003d32:	e795      	b.n	8003c60 <__aeabi_fdiv+0x18>
 8003d34:	ea0c 53d1 	and.w	r3, ip, r1, lsr #23
 8003d38:	ea92 0f0c 	teq	r2, ip
 8003d3c:	d108      	bne.n	8003d50 <__aeabi_fdiv+0x108>
 8003d3e:	0242      	lsls	r2, r0, #9
 8003d40:	f47f af7d 	bne.w	8003c3e <__aeabi_fmul+0x15e>
 8003d44:	ea93 0f0c 	teq	r3, ip
 8003d48:	f47f af70 	bne.w	8003c2c <__aeabi_fmul+0x14c>
 8003d4c:	4608      	mov	r0, r1
 8003d4e:	e776      	b.n	8003c3e <__aeabi_fmul+0x15e>
 8003d50:	ea93 0f0c 	teq	r3, ip
 8003d54:	d104      	bne.n	8003d60 <__aeabi_fdiv+0x118>
 8003d56:	024b      	lsls	r3, r1, #9
 8003d58:	f43f af4c 	beq.w	8003bf4 <__aeabi_fmul+0x114>
 8003d5c:	4608      	mov	r0, r1
 8003d5e:	e76e      	b.n	8003c3e <__aeabi_fmul+0x15e>
 8003d60:	f030 4c00 	bics.w	ip, r0, #2147483648	; 0x80000000
 8003d64:	bf18      	it	ne
 8003d66:	f031 4c00 	bicsne.w	ip, r1, #2147483648	; 0x80000000
 8003d6a:	d1ca      	bne.n	8003d02 <__aeabi_fdiv+0xba>
 8003d6c:	f030 4200 	bics.w	r2, r0, #2147483648	; 0x80000000
 8003d70:	f47f af5c 	bne.w	8003c2c <__aeabi_fmul+0x14c>
 8003d74:	f031 4300 	bics.w	r3, r1, #2147483648	; 0x80000000
 8003d78:	f47f af3c 	bne.w	8003bf4 <__aeabi_fmul+0x114>
 8003d7c:	e75f      	b.n	8003c3e <__aeabi_fmul+0x15e>
 8003d7e:	bf00      	nop

08003d80 <__mulsc3>:
 8003d80:	e92d 4ff0 	stmdb	sp!, {r4, r5, r6, r7, r8, r9, sl, fp, lr}
 8003d84:	468b      	mov	fp, r1
 8003d86:	b087      	sub	sp, #28
 8003d88:	4619      	mov	r1, r3
 8003d8a:	4605      	mov	r5, r0
 8003d8c:	4658      	mov	r0, fp
 8003d8e:	4616      	mov	r6, r2
 8003d90:	461f      	mov	r7, r3
 8003d92:	f7ff fea5 	bl	8003ae0 <__aeabi_fmul>
 8003d96:	9910      	ldr	r1, [sp, #64]	; 0x40
 8003d98:	4680      	mov	r8, r0
 8003d9a:	4630      	mov	r0, r6
 8003d9c:	f7ff fea0 	bl	8003ae0 <__aeabi_fmul>
 8003da0:	9910      	ldr	r1, [sp, #64]	; 0x40
 8003da2:	4681      	mov	r9, r0
 8003da4:	4658      	mov	r0, fp
 8003da6:	f7ff fe9b 	bl	8003ae0 <__aeabi_fmul>
 8003daa:	4631      	mov	r1, r6
 8003dac:	4682      	mov	sl, r0
 8003dae:	4638      	mov	r0, r7
 8003db0:	f7ff fe96 	bl	8003ae0 <__aeabi_fmul>
 8003db4:	4649      	mov	r1, r9
 8003db6:	9002      	str	r0, [sp, #8]
 8003db8:	4640      	mov	r0, r8
 8003dba:	f7ff fd87 	bl	80038cc <__aeabi_fsub>
 8003dbe:	9902      	ldr	r1, [sp, #8]
 8003dc0:	4604      	mov	r4, r0
 8003dc2:	4650      	mov	r0, sl
 8003dc4:	f7ff fd84 	bl	80038d0 <__addsf3>
 8003dc8:	4621      	mov	r1, r4
 8003dca:	9001      	str	r0, [sp, #4]
 8003dcc:	4620      	mov	r0, r4
 8003dce:	f000 f9e1 	bl	8004194 <__aeabi_fcmpun>
 8003dd2:	b930      	cbnz	r0, 8003de2 <__mulsc3+0x62>
 8003dd4:	9b01      	ldr	r3, [sp, #4]
 8003dd6:	602c      	str	r4, [r5, #0]
 8003dd8:	4628      	mov	r0, r5
 8003dda:	606b      	str	r3, [r5, #4]
 8003ddc:	b007      	add	sp, #28
 8003dde:	e8bd 8ff0 	ldmia.w	sp!, {r4, r5, r6, r7, r8, r9, sl, fp, pc}
 8003de2:	9901      	ldr	r1, [sp, #4]
 8003de4:	4608      	mov	r0, r1
 8003de6:	f000 f9d5 	bl	8004194 <__aeabi_fcmpun>
 8003dea:	2800      	cmp	r0, #0
 8003dec:	d0f2      	beq.n	8003dd4 <__mulsc3+0x54>
 8003dee:	f02b 4300 	bic.w	r3, fp, #2147483648	; 0x80000000
 8003df2:	4618      	mov	r0, r3
 8003df4:	499e      	ldr	r1, [pc, #632]	; (8004070 <__mulsc3+0x2f0>)
 8003df6:	9303      	str	r3, [sp, #12]
 8003df8:	f000 f9cc 	bl	8004194 <__aeabi_fcmpun>
 8003dfc:	9b03      	ldr	r3, [sp, #12]
 8003dfe:	f04f 0201 	mov.w	r2, #1
 8003e02:	b940      	cbnz	r0, 8003e16 <__mulsc3+0x96>
 8003e04:	4618      	mov	r0, r3
 8003e06:	499a      	ldr	r1, [pc, #616]	; (8004070 <__mulsc3+0x2f0>)
 8003e08:	9204      	str	r2, [sp, #16]
 8003e0a:	f000 f9a5 	bl	8004158 <__aeabi_fcmple>
 8003e0e:	e9dd 3203 	ldrd	r3, r2, [sp, #12]
 8003e12:	b900      	cbnz	r0, 8003e16 <__mulsc3+0x96>
 8003e14:	4602      	mov	r2, r0
 8003e16:	f082 0201 	eor.w	r2, r2, #1
 8003e1a:	b2d2      	uxtb	r2, r2
 8003e1c:	4994      	ldr	r1, [pc, #592]	; (8004070 <__mulsc3+0x2f0>)
 8003e1e:	9204      	str	r2, [sp, #16]
 8003e20:	4618      	mov	r0, r3
 8003e22:	9303      	str	r3, [sp, #12]
 8003e24:	f000 f9b6 	bl	8004194 <__aeabi_fcmpun>
 8003e28:	b938      	cbnz	r0, 8003e3a <__mulsc3+0xba>
 8003e2a:	9b03      	ldr	r3, [sp, #12]
 8003e2c:	4990      	ldr	r1, [pc, #576]	; (8004070 <__mulsc3+0x2f0>)
 8003e2e:	4618      	mov	r0, r3
 8003e30:	f000 f992 	bl	8004158 <__aeabi_fcmple>
 8003e34:	2800      	cmp	r0, #0
 8003e36:	f000 8089 	beq.w	8003f4c <__mulsc3+0x1cc>
 8003e3a:	f026 4300 	bic.w	r3, r6, #2147483648	; 0x80000000
 8003e3e:	498c      	ldr	r1, [pc, #560]	; (8004070 <__mulsc3+0x2f0>)
 8003e40:	9303      	str	r3, [sp, #12]
 8003e42:	4618      	mov	r0, r3
 8003e44:	f000 f9a6 	bl	8004194 <__aeabi_fcmpun>
 8003e48:	b930      	cbnz	r0, 8003e58 <__mulsc3+0xd8>
 8003e4a:	9b03      	ldr	r3, [sp, #12]
 8003e4c:	4988      	ldr	r1, [pc, #544]	; (8004070 <__mulsc3+0x2f0>)
 8003e4e:	4618      	mov	r0, r3
 8003e50:	f000 f982 	bl	8004158 <__aeabi_fcmple>
 8003e54:	2800      	cmp	r0, #0
 8003e56:	d079      	beq.n	8003f4c <__mulsc3+0x1cc>
 8003e58:	2300      	movs	r3, #0
 8003e5a:	9305      	str	r3, [sp, #20]
 8003e5c:	f027 4300 	bic.w	r3, r7, #2147483648	; 0x80000000
 8003e60:	4983      	ldr	r1, [pc, #524]	; (8004070 <__mulsc3+0x2f0>)
 8003e62:	9303      	str	r3, [sp, #12]
 8003e64:	4618      	mov	r0, r3
 8003e66:	f000 f995 	bl	8004194 <__aeabi_fcmpun>
 8003e6a:	2800      	cmp	r0, #0
 8003e6c:	f040 809d 	bne.w	8003faa <__mulsc3+0x22a>
 8003e70:	497f      	ldr	r1, [pc, #508]	; (8004070 <__mulsc3+0x2f0>)
 8003e72:	9803      	ldr	r0, [sp, #12]
 8003e74:	f000 f970 	bl	8004158 <__aeabi_fcmple>
 8003e78:	2800      	cmp	r0, #0
 8003e7a:	f040 8096 	bne.w	8003faa <__mulsc3+0x22a>
 8003e7e:	9b10      	ldr	r3, [sp, #64]	; 0x40
 8003e80:	f023 4300 	bic.w	r3, r3, #2147483648	; 0x80000000
 8003e84:	9304      	str	r3, [sp, #16]
 8003e86:	f8dd 800c 	ldr.w	r8, [sp, #12]
 8003e8a:	4979      	ldr	r1, [pc, #484]	; (8004070 <__mulsc3+0x2f0>)
 8003e8c:	4640      	mov	r0, r8
 8003e8e:	f000 f981 	bl	8004194 <__aeabi_fcmpun>
 8003e92:	f04f 0401 	mov.w	r4, #1
 8003e96:	b928      	cbnz	r0, 8003ea4 <__mulsc3+0x124>
 8003e98:	4975      	ldr	r1, [pc, #468]	; (8004070 <__mulsc3+0x2f0>)
 8003e9a:	4640      	mov	r0, r8
 8003e9c:	f000 f95c 	bl	8004158 <__aeabi_fcmple>
 8003ea0:	b900      	cbnz	r0, 8003ea4 <__mulsc3+0x124>
 8003ea2:	4604      	mov	r4, r0
 8003ea4:	f084 0001 	eor.w	r0, r4, #1
 8003ea8:	f000 0001 	and.w	r0, r0, #1
 8003eac:	f7ff fdc4 	bl	8003a38 <__aeabi_i2f>
 8003eb0:	f8dd 8010 	ldr.w	r8, [sp, #16]
 8003eb4:	496e      	ldr	r1, [pc, #440]	; (8004070 <__mulsc3+0x2f0>)
 8003eb6:	f360 071e 	bfi	r7, r0, #0, #31
 8003eba:	4640      	mov	r0, r8
 8003ebc:	f000 f96a 	bl	8004194 <__aeabi_fcmpun>
 8003ec0:	f04f 0401 	mov.w	r4, #1
 8003ec4:	b928      	cbnz	r0, 8003ed2 <__mulsc3+0x152>
 8003ec6:	496a      	ldr	r1, [pc, #424]	; (8004070 <__mulsc3+0x2f0>)
 8003ec8:	4640      	mov	r0, r8
 8003eca:	f000 f945 	bl	8004158 <__aeabi_fcmple>
 8003ece:	b900      	cbnz	r0, 8003ed2 <__mulsc3+0x152>
 8003ed0:	4604      	mov	r4, r0
 8003ed2:	f084 0001 	eor.w	r0, r4, #1
 8003ed6:	f000 0001 	and.w	r0, r0, #1
 8003eda:	f7ff fdad 	bl	8003a38 <__aeabi_i2f>
 8003ede:	9b10      	ldr	r3, [sp, #64]	; 0x40
 8003ee0:	4659      	mov	r1, fp
 8003ee2:	f360 031e 	bfi	r3, r0, #0, #31
 8003ee6:	4658      	mov	r0, fp
 8003ee8:	9310      	str	r3, [sp, #64]	; 0x40
 8003eea:	f000 f953 	bl	8004194 <__aeabi_fcmpun>
 8003eee:	2800      	cmp	r0, #0
 8003ef0:	f040 80ca 	bne.w	8004088 <__mulsc3+0x308>
 8003ef4:	4631      	mov	r1, r6
 8003ef6:	4630      	mov	r0, r6
 8003ef8:	f000 f94c 	bl	8004194 <__aeabi_fcmpun>
 8003efc:	2800      	cmp	r0, #0
 8003efe:	f040 80c0 	bne.w	8004082 <__mulsc3+0x302>
 8003f02:	4639      	mov	r1, r7
 8003f04:	4658      	mov	r0, fp
 8003f06:	f7ff fdeb 	bl	8003ae0 <__aeabi_fmul>
 8003f0a:	9910      	ldr	r1, [sp, #64]	; 0x40
 8003f0c:	4604      	mov	r4, r0
 8003f0e:	4630      	mov	r0, r6
 8003f10:	f7ff fde6 	bl	8003ae0 <__aeabi_fmul>
 8003f14:	4601      	mov	r1, r0
 8003f16:	4620      	mov	r0, r4
 8003f18:	f7ff fcd8 	bl	80038cc <__aeabi_fsub>
 8003f1c:	f04f 41ff 	mov.w	r1, #2139095040	; 0x7f800000
 8003f20:	f7ff fdde 	bl	8003ae0 <__aeabi_fmul>
 8003f24:	9910      	ldr	r1, [sp, #64]	; 0x40
 8003f26:	4604      	mov	r4, r0
 8003f28:	4658      	mov	r0, fp
 8003f2a:	f7ff fdd9 	bl	8003ae0 <__aeabi_fmul>
 8003f2e:	4639      	mov	r1, r7
 8003f30:	4680      	mov	r8, r0
 8003f32:	4630      	mov	r0, r6
 8003f34:	f7ff fdd4 	bl	8003ae0 <__aeabi_fmul>
 8003f38:	4601      	mov	r1, r0
 8003f3a:	4640      	mov	r0, r8
 8003f3c:	f7ff fcc8 	bl	80038d0 <__addsf3>
 8003f40:	f04f 41ff 	mov.w	r1, #2139095040	; 0x7f800000
 8003f44:	f7ff fdcc 	bl	8003ae0 <__aeabi_fmul>
 8003f48:	9001      	str	r0, [sp, #4]
 8003f4a:	e743      	b.n	8003dd4 <__mulsc3+0x54>
 8003f4c:	9804      	ldr	r0, [sp, #16]
 8003f4e:	f7ff fd73 	bl	8003a38 <__aeabi_i2f>
 8003f52:	f026 4300 	bic.w	r3, r6, #2147483648	; 0x80000000
 8003f56:	4946      	ldr	r1, [pc, #280]	; (8004070 <__mulsc3+0x2f0>)
 8003f58:	9303      	str	r3, [sp, #12]
 8003f5a:	f360 0b1e 	bfi	fp, r0, #0, #31
 8003f5e:	4618      	mov	r0, r3
 8003f60:	f000 f918 	bl	8004194 <__aeabi_fcmpun>
 8003f64:	f04f 0201 	mov.w	r2, #1
 8003f68:	b940      	cbnz	r0, 8003f7c <__mulsc3+0x1fc>
 8003f6a:	9b03      	ldr	r3, [sp, #12]
 8003f6c:	4940      	ldr	r1, [pc, #256]	; (8004070 <__mulsc3+0x2f0>)
 8003f6e:	9204      	str	r2, [sp, #16]
 8003f70:	4618      	mov	r0, r3
 8003f72:	f000 f8f1 	bl	8004158 <__aeabi_fcmple>
 8003f76:	9a04      	ldr	r2, [sp, #16]
 8003f78:	b900      	cbnz	r0, 8003f7c <__mulsc3+0x1fc>
 8003f7a:	4602      	mov	r2, r0
 8003f7c:	f082 0201 	eor.w	r2, r2, #1
 8003f80:	f002 0001 	and.w	r0, r2, #1
 8003f84:	f7ff fd58 	bl	8003a38 <__aeabi_i2f>
 8003f88:	4639      	mov	r1, r7
 8003f8a:	f360 061e 	bfi	r6, r0, #0, #31
 8003f8e:	4638      	mov	r0, r7
 8003f90:	f000 f900 	bl	8004194 <__aeabi_fcmpun>
 8003f94:	2800      	cmp	r0, #0
 8003f96:	d17a      	bne.n	800408e <__mulsc3+0x30e>
 8003f98:	9910      	ldr	r1, [sp, #64]	; 0x40
 8003f9a:	4608      	mov	r0, r1
 8003f9c:	f000 f8fa 	bl	8004194 <__aeabi_fcmpun>
 8003fa0:	2800      	cmp	r0, #0
 8003fa2:	d167      	bne.n	8004074 <__mulsc3+0x2f4>
 8003fa4:	2301      	movs	r3, #1
 8003fa6:	9305      	str	r3, [sp, #20]
 8003fa8:	e758      	b.n	8003e5c <__mulsc3+0xdc>
 8003faa:	9b10      	ldr	r3, [sp, #64]	; 0x40
 8003fac:	4930      	ldr	r1, [pc, #192]	; (8004070 <__mulsc3+0x2f0>)
 8003fae:	f023 4300 	bic.w	r3, r3, #2147483648	; 0x80000000
 8003fb2:	4618      	mov	r0, r3
 8003fb4:	9304      	str	r3, [sp, #16]
 8003fb6:	f000 f8ed 	bl	8004194 <__aeabi_fcmpun>
 8003fba:	b930      	cbnz	r0, 8003fca <__mulsc3+0x24a>
 8003fbc:	492c      	ldr	r1, [pc, #176]	; (8004070 <__mulsc3+0x2f0>)
 8003fbe:	9804      	ldr	r0, [sp, #16]
 8003fc0:	f000 f8ca 	bl	8004158 <__aeabi_fcmple>
 8003fc4:	2800      	cmp	r0, #0
 8003fc6:	f43f af5e 	beq.w	8003e86 <__mulsc3+0x106>
 8003fca:	9b05      	ldr	r3, [sp, #20]
 8003fcc:	2b00      	cmp	r3, #0
 8003fce:	d198      	bne.n	8003f02 <__mulsc3+0x182>
 8003fd0:	f028 4800 	bic.w	r8, r8, #2147483648	; 0x80000000
 8003fd4:	4926      	ldr	r1, [pc, #152]	; (8004070 <__mulsc3+0x2f0>)
 8003fd6:	4640      	mov	r0, r8
 8003fd8:	f000 f8dc 	bl	8004194 <__aeabi_fcmpun>
 8003fdc:	b920      	cbnz	r0, 8003fe8 <__mulsc3+0x268>
 8003fde:	4924      	ldr	r1, [pc, #144]	; (8004070 <__mulsc3+0x2f0>)
 8003fe0:	4640      	mov	r0, r8
 8003fe2:	f000 f8b9 	bl	8004158 <__aeabi_fcmple>
 8003fe6:	b340      	cbz	r0, 800403a <__mulsc3+0x2ba>
 8003fe8:	f029 4900 	bic.w	r9, r9, #2147483648	; 0x80000000
 8003fec:	4920      	ldr	r1, [pc, #128]	; (8004070 <__mulsc3+0x2f0>)
 8003fee:	4648      	mov	r0, r9
 8003ff0:	f000 f8d0 	bl	8004194 <__aeabi_fcmpun>
 8003ff4:	b920      	cbnz	r0, 8004000 <__mulsc3+0x280>
 8003ff6:	491e      	ldr	r1, [pc, #120]	; (8004070 <__mulsc3+0x2f0>)
 8003ff8:	4648      	mov	r0, r9
 8003ffa:	f000 f8ad 	bl	8004158 <__aeabi_fcmple>
 8003ffe:	b1e0      	cbz	r0, 800403a <__mulsc3+0x2ba>
 8004000:	f02a 4a00 	bic.w	sl, sl, #2147483648	; 0x80000000
 8004004:	491a      	ldr	r1, [pc, #104]	; (8004070 <__mulsc3+0x2f0>)
 8004006:	4650      	mov	r0, sl
 8004008:	f000 f8c4 	bl	8004194 <__aeabi_fcmpun>
 800400c:	b920      	cbnz	r0, 8004018 <__mulsc3+0x298>
 800400e:	4918      	ldr	r1, [pc, #96]	; (8004070 <__mulsc3+0x2f0>)
 8004010:	4650      	mov	r0, sl
 8004012:	f000 f8a1 	bl	8004158 <__aeabi_fcmple>
 8004016:	b180      	cbz	r0, 800403a <__mulsc3+0x2ba>
 8004018:	9b02      	ldr	r3, [sp, #8]
 800401a:	4915      	ldr	r1, [pc, #84]	; (8004070 <__mulsc3+0x2f0>)
 800401c:	f023 4800 	bic.w	r8, r3, #2147483648	; 0x80000000
 8004020:	4640      	mov	r0, r8
 8004022:	f000 f8b7 	bl	8004194 <__aeabi_fcmpun>
 8004026:	2800      	cmp	r0, #0
 8004028:	f47f aed4 	bne.w	8003dd4 <__mulsc3+0x54>
 800402c:	4910      	ldr	r1, [pc, #64]	; (8004070 <__mulsc3+0x2f0>)
 800402e:	4640      	mov	r0, r8
 8004030:	f000 f892 	bl	8004158 <__aeabi_fcmple>
 8004034:	2800      	cmp	r0, #0
 8004036:	f47f aecd 	bne.w	8003dd4 <__mulsc3+0x54>
 800403a:	4659      	mov	r1, fp
 800403c:	4658      	mov	r0, fp
 800403e:	f000 f8a9 	bl	8004194 <__aeabi_fcmpun>
 8004042:	bb68      	cbnz	r0, 80040a0 <__mulsc3+0x320>
 8004044:	4631      	mov	r1, r6
 8004046:	4630      	mov	r0, r6
 8004048:	f000 f8a4 	bl	8004194 <__aeabi_fcmpun>
 800404c:	bb28      	cbnz	r0, 800409a <__mulsc3+0x31a>
 800404e:	4639      	mov	r1, r7
 8004050:	4638      	mov	r0, r7
 8004052:	f000 f89f 	bl	8004194 <__aeabi_fcmpun>
 8004056:	b9e8      	cbnz	r0, 8004094 <__mulsc3+0x314>
 8004058:	9910      	ldr	r1, [sp, #64]	; 0x40
 800405a:	4608      	mov	r0, r1
 800405c:	f000 f89a 	bl	8004194 <__aeabi_fcmpun>
 8004060:	2800      	cmp	r0, #0
 8004062:	f43f af4e 	beq.w	8003f02 <__mulsc3+0x182>
 8004066:	9b10      	ldr	r3, [sp, #64]	; 0x40
 8004068:	f36f 031e 	bfc	r3, #0, #31
 800406c:	9310      	str	r3, [sp, #64]	; 0x40
 800406e:	e748      	b.n	8003f02 <__mulsc3+0x182>
 8004070:	7f7fffff 	.word	0x7f7fffff
 8004074:	9b10      	ldr	r3, [sp, #64]	; 0x40
 8004076:	f36f 031e 	bfc	r3, #0, #31
 800407a:	9310      	str	r3, [sp, #64]	; 0x40
 800407c:	2301      	movs	r3, #1
 800407e:	9305      	str	r3, [sp, #20]
 8004080:	e6ec      	b.n	8003e5c <__mulsc3+0xdc>
 8004082:	f36f 061e 	bfc	r6, #0, #31
 8004086:	e73c      	b.n	8003f02 <__mulsc3+0x182>
 8004088:	f36f 0b1e 	bfc	fp, #0, #31
 800408c:	e732      	b.n	8003ef4 <__mulsc3+0x174>
 800408e:	f36f 071e 	bfc	r7, #0, #31
 8004092:	e781      	b.n	8003f98 <__mulsc3+0x218>
 8004094:	f36f 071e 	bfc	r7, #0, #31
 8004098:	e7de      	b.n	8004058 <__mulsc3+0x2d8>
 800409a:	f36f 061e 	bfc	r6, #0, #31
 800409e:	e7d6      	b.n	800404e <__mulsc3+0x2ce>
 80040a0:	f36f 0b1e 	bfc	fp, #0, #31
 80040a4:	e7ce      	b.n	8004044 <__mulsc3+0x2c4>
 80040a6:	bf00      	nop

080040a8 <__gesf2>:
 80040a8:	f04f 3cff 	mov.w	ip, #4294967295	; 0xffffffff
 80040ac:	e006      	b.n	80040bc <__cmpsf2+0x4>
 80040ae:	bf00      	nop

080040b0 <__lesf2>:
 80040b0:	f04f 0c01 	mov.w	ip, #1
 80040b4:	e002      	b.n	80040bc <__cmpsf2+0x4>
 80040b6:	bf00      	nop

080040b8 <__cmpsf2>:
 80040b8:	f04f 0c01 	mov.w	ip, #1
 80040bc:	f84d cd04 	str.w	ip, [sp, #-4]!
 80040c0:	ea4f 0240 	mov.w	r2, r0, lsl #1
 80040c4:	ea4f 0341 	mov.w	r3, r1, lsl #1
 80040c8:	ea7f 6c22 	mvns.w	ip, r2, asr #24
 80040cc:	bf18      	it	ne
 80040ce:	ea7f 6c23 	mvnsne.w	ip, r3, asr #24
 80040d2:	d011      	beq.n	80040f8 <__cmpsf2+0x40>
 80040d4:	b001      	add	sp, #4
 80040d6:	ea52 0c53 	orrs.w	ip, r2, r3, lsr #1
 80040da:	bf18      	it	ne
 80040dc:	ea90 0f01 	teqne	r0, r1
 80040e0:	bf58      	it	pl
 80040e2:	ebb2 0003 	subspl.w	r0, r2, r3
 80040e6:	bf88      	it	hi
 80040e8:	17c8      	asrhi	r0, r1, #31
 80040ea:	bf38      	it	cc
 80040ec:	ea6f 70e1 	mvncc.w	r0, r1, asr #31
 80040f0:	bf18      	it	ne
 80040f2:	f040 0001 	orrne.w	r0, r0, #1
 80040f6:	4770      	bx	lr
 80040f8:	ea7f 6c22 	mvns.w	ip, r2, asr #24
 80040fc:	d102      	bne.n	8004104 <__cmpsf2+0x4c>
 80040fe:	ea5f 2c40 	movs.w	ip, r0, lsl #9
 8004102:	d105      	bne.n	8004110 <__cmpsf2+0x58>
 8004104:	ea7f 6c23 	mvns.w	ip, r3, asr #24
 8004108:	d1e4      	bne.n	80040d4 <__cmpsf2+0x1c>
 800410a:	ea5f 2c41 	movs.w	ip, r1, lsl #9
 800410e:	d0e1      	beq.n	80040d4 <__cmpsf2+0x1c>
 8004110:	f85d 0b04 	ldr.w	r0, [sp], #4
 8004114:	4770      	bx	lr
 8004116:	bf00      	nop

08004118 <__aeabi_cfrcmple>:
 8004118:	4684      	mov	ip, r0
 800411a:	4608      	mov	r0, r1
 800411c:	4661      	mov	r1, ip
 800411e:	e7ff      	b.n	8004120 <__aeabi_cfcmpeq>

08004120 <__aeabi_cfcmpeq>:
 8004120:	b50f      	push	{r0, r1, r2, r3, lr}
 8004122:	f7ff ffc9 	bl	80040b8 <__cmpsf2>
 8004126:	2800      	cmp	r0, #0
 8004128:	bf48      	it	mi
 800412a:	f110 0f00 	cmnmi.w	r0, #0
 800412e:	bd0f      	pop	{r0, r1, r2, r3, pc}

08004130 <__aeabi_fcmpeq>:
 8004130:	f84d ed08 	str.w	lr, [sp, #-8]!
 8004134:	f7ff fff4 	bl	8004120 <__aeabi_cfcmpeq>
 8004138:	bf0c      	ite	eq
 800413a:	2001      	moveq	r0, #1
 800413c:	2000      	movne	r0, #0
 800413e:	f85d fb08 	ldr.w	pc, [sp], #8
 8004142:	bf00      	nop

08004144 <__aeabi_fcmplt>:
 8004144:	f84d ed08 	str.w	lr, [sp, #-8]!
 8004148:	f7ff ffea 	bl	8004120 <__aeabi_cfcmpeq>
 800414c:	bf34      	ite	cc
 800414e:	2001      	movcc	r0, #1
 8004150:	2000      	movcs	r0, #0
 8004152:	f85d fb08 	ldr.w	pc, [sp], #8
 8004156:	bf00      	nop

08004158 <__aeabi_fcmple>:
 8004158:	f84d ed08 	str.w	lr, [sp, #-8]!
 800415c:	f7ff ffe0 	bl	8004120 <__aeabi_cfcmpeq>
 8004160:	bf94      	ite	ls
 8004162:	2001      	movls	r0, #1
 8004164:	2000      	movhi	r0, #0
 8004166:	f85d fb08 	ldr.w	pc, [sp], #8
 800416a:	bf00      	nop

0800416c <__aeabi_fcmpge>:
 800416c:	f84d ed08 	str.w	lr, [sp, #-8]!
 8004170:	f7ff ffd2 	bl	8004118 <__aeabi_cfrcmple>
 8004174:	bf94      	ite	ls
 8004176:	2001      	movls	r0, #1
 8004178:	2000      	movhi	r0, #0
 800417a:	f85d fb08 	ldr.w	pc, [sp], #8
 800417e:	bf00      	nop

08004180 <__aeabi_fcmpgt>:
 8004180:	f84d ed08 	str.w	lr, [sp, #-8]!
 8004184:	f7ff ffc8 	bl	8004118 <__aeabi_cfrcmple>
 8004188:	bf34      	ite	cc
 800418a:	2001      	movcc	r0, #1
 800418c:	2000      	movcs	r0, #0
 800418e:	f85d fb08 	ldr.w	pc, [sp], #8
 8004192:	bf00      	nop

08004194 <__aeabi_fcmpun>:
 8004194:	ea4f 0240 	mov.w	r2, r0, lsl #1
 8004198:	ea4f 0341 	mov.w	r3, r1, lsl #1
 800419c:	ea7f 6c22 	mvns.w	ip, r2, asr #24
 80041a0:	d102      	bne.n	80041a8 <__aeabi_fcmpun+0x14>
 80041a2:	ea5f 2c40 	movs.w	ip, r0, lsl #9
 80041a6:	d108      	bne.n	80041ba <__aeabi_fcmpun+0x26>
 80041a8:	ea7f 6c23 	mvns.w	ip, r3, asr #24
 80041ac:	d102      	bne.n	80041b4 <__aeabi_fcmpun+0x20>
 80041ae:	ea5f 2c41 	movs.w	ip, r1, lsl #9
 80041b2:	d102      	bne.n	80041ba <__aeabi_fcmpun+0x26>
 80041b4:	f04f 0000 	mov.w	r0, #0
 80041b8:	4770      	bx	lr
 80041ba:	f04f 0001 	mov.w	r0, #1
 80041be:	4770      	bx	lr

080041c0 <__errno>:
 80041c0:	4b01      	ldr	r3, [pc, #4]	; (80041c8 <__errno+0x8>)
 80041c2:	6818      	ldr	r0, [r3, #0]
 80041c4:	4770      	bx	lr
 80041c6:	bf00      	nop
 80041c8:	20000004 	.word	0x20000004

080041cc <__libc_init_array>:
 80041cc:	b570      	push	{r4, r5, r6, lr}
 80041ce:	4e0d      	ldr	r6, [pc, #52]	; (8004204 <__libc_init_array+0x38>)
 80041d0:	4d0d      	ldr	r5, [pc, #52]	; (8004208 <__libc_init_array+0x3c>)
 80041d2:	1b76      	subs	r6, r6, r5
 80041d4:	10b6      	asrs	r6, r6, #2
 80041d6:	d006      	beq.n	80041e6 <__libc_init_array+0x1a>
 80041d8:	2400      	movs	r4, #0
 80041da:	f855 3b04 	ldr.w	r3, [r5], #4
 80041de:	3401      	adds	r4, #1
 80041e0:	4798      	blx	r3
 80041e2:	42a6      	cmp	r6, r4
 80041e4:	d1f9      	bne.n	80041da <__libc_init_array+0xe>
 80041e6:	4e09      	ldr	r6, [pc, #36]	; (800420c <__libc_init_array+0x40>)
 80041e8:	4d09      	ldr	r5, [pc, #36]	; (8004210 <__libc_init_array+0x44>)
 80041ea:	1b76      	subs	r6, r6, r5
 80041ec:	f002 f81e 	bl	800622c <_init>
 80041f0:	10b6      	asrs	r6, r6, #2
 80041f2:	d006      	beq.n	8004202 <__libc_init_array+0x36>
 80041f4:	2400      	movs	r4, #0
 80041f6:	f855 3b04 	ldr.w	r3, [r5], #4
 80041fa:	3401      	adds	r4, #1
 80041fc:	4798      	blx	r3
 80041fe:	42a6      	cmp	r6, r4
 8004200:	d1f9      	bne.n	80041f6 <__libc_init_array+0x2a>
 8004202:	bd70      	pop	{r4, r5, r6, pc}
 8004204:	08006568 	.word	0x08006568
 8004208:	08006568 	.word	0x08006568
 800420c:	0800656c 	.word	0x0800656c
 8004210:	08006568 	.word	0x08006568

08004214 <malloc>:
 8004214:	4b02      	ldr	r3, [pc, #8]	; (8004220 <malloc+0xc>)
 8004216:	4601      	mov	r1, r0
 8004218:	6818      	ldr	r0, [r3, #0]
 800421a:	f000 b8bb 	b.w	8004394 <_malloc_r>
 800421e:	bf00      	nop
 8004220:	20000004 	.word	0x20000004

08004224 <free>:
 8004224:	4b02      	ldr	r3, [pc, #8]	; (8004230 <free+0xc>)
 8004226:	4601      	mov	r1, r0
 8004228:	6818      	ldr	r0, [r3, #0]
 800422a:	f000 b855 	b.w	80042d8 <_free_r>
 800422e:	bf00      	nop
 8004230:	20000004 	.word	0x20000004

08004234 <memset>:
 8004234:	0783      	lsls	r3, r0, #30
 8004236:	b530      	push	{r4, r5, lr}
 8004238:	d048      	beq.n	80042cc <memset+0x98>
 800423a:	1e54      	subs	r4, r2, #1
 800423c:	2a00      	cmp	r2, #0
 800423e:	d03f      	beq.n	80042c0 <memset+0x8c>
 8004240:	b2ca      	uxtb	r2, r1
 8004242:	4603      	mov	r3, r0
 8004244:	e001      	b.n	800424a <memset+0x16>
 8004246:	3c01      	subs	r4, #1
 8004248:	d33a      	bcc.n	80042c0 <memset+0x8c>
 800424a:	f803 2b01 	strb.w	r2, [r3], #1
 800424e:	079d      	lsls	r5, r3, #30
 8004250:	d1f9      	bne.n	8004246 <memset+0x12>
 8004252:	2c03      	cmp	r4, #3
 8004254:	d92d      	bls.n	80042b2 <memset+0x7e>
 8004256:	b2cd      	uxtb	r5, r1
 8004258:	ea45 2505 	orr.w	r5, r5, r5, lsl #8
 800425c:	2c0f      	cmp	r4, #15
 800425e:	ea45 4505 	orr.w	r5, r5, r5, lsl #16
 8004262:	d936      	bls.n	80042d2 <memset+0x9e>
 8004264:	f1a4 0210 	sub.w	r2, r4, #16
 8004268:	f022 0c0f 	bic.w	ip, r2, #15
 800426c:	f103 0e20 	add.w	lr, r3, #32
 8004270:	44e6      	add	lr, ip
 8004272:	ea4f 1c12 	mov.w	ip, r2, lsr #4
 8004276:	f103 0210 	add.w	r2, r3, #16
 800427a:	e942 5504 	strd	r5, r5, [r2, #-16]
 800427e:	e942 5502 	strd	r5, r5, [r2, #-8]
 8004282:	3210      	adds	r2, #16
 8004284:	4572      	cmp	r2, lr
 8004286:	d1f8      	bne.n	800427a <memset+0x46>
 8004288:	f10c 0201 	add.w	r2, ip, #1
 800428c:	f014 0f0c 	tst.w	r4, #12
 8004290:	eb03 1202 	add.w	r2, r3, r2, lsl #4
 8004294:	f004 0c0f 	and.w	ip, r4, #15
 8004298:	d013      	beq.n	80042c2 <memset+0x8e>
 800429a:	f1ac 0304 	sub.w	r3, ip, #4
 800429e:	f023 0303 	bic.w	r3, r3, #3
 80042a2:	3304      	adds	r3, #4
 80042a4:	4413      	add	r3, r2
 80042a6:	f842 5b04 	str.w	r5, [r2], #4
 80042aa:	4293      	cmp	r3, r2
 80042ac:	d1fb      	bne.n	80042a6 <memset+0x72>
 80042ae:	f00c 0403 	and.w	r4, ip, #3
 80042b2:	b12c      	cbz	r4, 80042c0 <memset+0x8c>
 80042b4:	b2ca      	uxtb	r2, r1
 80042b6:	441c      	add	r4, r3
 80042b8:	f803 2b01 	strb.w	r2, [r3], #1
 80042bc:	429c      	cmp	r4, r3
 80042be:	d1fb      	bne.n	80042b8 <memset+0x84>
 80042c0:	bd30      	pop	{r4, r5, pc}
 80042c2:	4664      	mov	r4, ip
 80042c4:	4613      	mov	r3, r2
 80042c6:	2c00      	cmp	r4, #0
 80042c8:	d1f4      	bne.n	80042b4 <memset+0x80>
 80042ca:	e7f9      	b.n	80042c0 <memset+0x8c>
 80042cc:	4603      	mov	r3, r0
 80042ce:	4614      	mov	r4, r2
 80042d0:	e7bf      	b.n	8004252 <memset+0x1e>
 80042d2:	461a      	mov	r2, r3
 80042d4:	46a4      	mov	ip, r4
 80042d6:	e7e0      	b.n	800429a <memset+0x66>

080042d8 <_free_r>:
 80042d8:	2900      	cmp	r1, #0
 80042da:	d051      	beq.n	8004380 <_free_r+0xa8>
 80042dc:	b538      	push	{r3, r4, r5, lr}
 80042de:	f851 3c04 	ldr.w	r3, [r1, #-4]
 80042e2:	1f0c      	subs	r4, r1, #4
 80042e4:	2b00      	cmp	r3, #0
 80042e6:	bfb8      	it	lt
 80042e8:	18e4      	addlt	r4, r4, r3
 80042ea:	4605      	mov	r5, r0
 80042ec:	f000 f8fa 	bl	80044e4 <__malloc_lock>
 80042f0:	4a27      	ldr	r2, [pc, #156]	; (8004390 <_free_r+0xb8>)
 80042f2:	6813      	ldr	r3, [r2, #0]
 80042f4:	b12b      	cbz	r3, 8004302 <_free_r+0x2a>
 80042f6:	42a3      	cmp	r3, r4
 80042f8:	d90c      	bls.n	8004314 <_free_r+0x3c>
 80042fa:	6821      	ldr	r1, [r4, #0]
 80042fc:	1860      	adds	r0, r4, r1
 80042fe:	4283      	cmp	r3, r0
 8004300:	d02c      	beq.n	800435c <_free_r+0x84>
 8004302:	6063      	str	r3, [r4, #4]
 8004304:	4628      	mov	r0, r5
 8004306:	6014      	str	r4, [r2, #0]
 8004308:	e8bd 4038 	ldmia.w	sp!, {r3, r4, r5, lr}
 800430c:	f000 b8ec 	b.w	80044e8 <__malloc_unlock>
 8004310:	42a3      	cmp	r3, r4
 8004312:	d80f      	bhi.n	8004334 <_free_r+0x5c>
 8004314:	461a      	mov	r2, r3
 8004316:	685b      	ldr	r3, [r3, #4]
 8004318:	2b00      	cmp	r3, #0
 800431a:	d1f9      	bne.n	8004310 <_free_r+0x38>
 800431c:	6811      	ldr	r1, [r2, #0]
 800431e:	1850      	adds	r0, r2, r1
 8004320:	4284      	cmp	r4, r0
 8004322:	d017      	beq.n	8004354 <_free_r+0x7c>
 8004324:	d32d      	bcc.n	8004382 <_free_r+0xaa>
 8004326:	6063      	str	r3, [r4, #4]
 8004328:	6054      	str	r4, [r2, #4]
 800432a:	4628      	mov	r0, r5
 800432c:	e8bd 4038 	ldmia.w	sp!, {r3, r4, r5, lr}
 8004330:	f000 b8da 	b.w	80044e8 <__malloc_unlock>
 8004334:	6811      	ldr	r1, [r2, #0]
 8004336:	1850      	adds	r0, r2, r1
 8004338:	42a0      	cmp	r0, r4
 800433a:	d015      	beq.n	8004368 <_free_r+0x90>
 800433c:	d821      	bhi.n	8004382 <_free_r+0xaa>
 800433e:	6821      	ldr	r1, [r4, #0]
 8004340:	1860      	adds	r0, r4, r1
 8004342:	4283      	cmp	r3, r0
 8004344:	d1ef      	bne.n	8004326 <_free_r+0x4e>
 8004346:	6818      	ldr	r0, [r3, #0]
 8004348:	685b      	ldr	r3, [r3, #4]
 800434a:	4401      	add	r1, r0
 800434c:	e9c4 1300 	strd	r1, r3, [r4]
 8004350:	6054      	str	r4, [r2, #4]
 8004352:	e7ea      	b.n	800432a <_free_r+0x52>
 8004354:	6823      	ldr	r3, [r4, #0]
 8004356:	4419      	add	r1, r3
 8004358:	6011      	str	r1, [r2, #0]
 800435a:	e7e6      	b.n	800432a <_free_r+0x52>
 800435c:	6818      	ldr	r0, [r3, #0]
 800435e:	685b      	ldr	r3, [r3, #4]
 8004360:	4401      	add	r1, r0
 8004362:	e9c4 1300 	strd	r1, r3, [r4]
 8004366:	e7cd      	b.n	8004304 <_free_r+0x2c>
 8004368:	6820      	ldr	r0, [r4, #0]
 800436a:	4401      	add	r1, r0
 800436c:	1850      	adds	r0, r2, r1
 800436e:	4283      	cmp	r3, r0
 8004370:	6011      	str	r1, [r2, #0]
 8004372:	d1da      	bne.n	800432a <_free_r+0x52>
 8004374:	e9d3 0300 	ldrd	r0, r3, [r3]
 8004378:	4401      	add	r1, r0
 800437a:	e9c2 1300 	strd	r1, r3, [r2]
 800437e:	e7d4      	b.n	800432a <_free_r+0x52>
 8004380:	4770      	bx	lr
 8004382:	230c      	movs	r3, #12
 8004384:	602b      	str	r3, [r5, #0]
 8004386:	4628      	mov	r0, r5
 8004388:	e8bd 4038 	ldmia.w	sp!, {r3, r4, r5, lr}
 800438c:	f000 b8ac 	b.w	80044e8 <__malloc_unlock>
 8004390:	20000100 	.word	0x20000100

08004394 <_malloc_r>:
 8004394:	b5f8      	push	{r3, r4, r5, r6, r7, lr}
 8004396:	1ccd      	adds	r5, r1, #3
 8004398:	f025 0503 	bic.w	r5, r5, #3
 800439c:	3508      	adds	r5, #8
 800439e:	2d0c      	cmp	r5, #12
 80043a0:	bf38      	it	cc
 80043a2:	250c      	movcc	r5, #12
 80043a4:	2d00      	cmp	r5, #0
 80043a6:	4606      	mov	r6, r0
 80043a8:	db23      	blt.n	80043f2 <_malloc_r+0x5e>
 80043aa:	42a9      	cmp	r1, r5
 80043ac:	d821      	bhi.n	80043f2 <_malloc_r+0x5e>
 80043ae:	4f25      	ldr	r7, [pc, #148]	; (8004444 <_malloc_r+0xb0>)
 80043b0:	f000 f898 	bl	80044e4 <__malloc_lock>
 80043b4:	683a      	ldr	r2, [r7, #0]
 80043b6:	b322      	cbz	r2, 8004402 <_malloc_r+0x6e>
 80043b8:	4614      	mov	r4, r2
 80043ba:	e003      	b.n	80043c4 <_malloc_r+0x30>
 80043bc:	6863      	ldr	r3, [r4, #4]
 80043be:	4622      	mov	r2, r4
 80043c0:	b1fb      	cbz	r3, 8004402 <_malloc_r+0x6e>
 80043c2:	461c      	mov	r4, r3
 80043c4:	6823      	ldr	r3, [r4, #0]
 80043c6:	1b5b      	subs	r3, r3, r5
 80043c8:	d4f8      	bmi.n	80043bc <_malloc_r+0x28>
 80043ca:	2b0b      	cmp	r3, #11
 80043cc:	d815      	bhi.n	80043fa <_malloc_r+0x66>
 80043ce:	6863      	ldr	r3, [r4, #4]
 80043d0:	4294      	cmp	r4, r2
 80043d2:	bf0c      	ite	eq
 80043d4:	603b      	streq	r3, [r7, #0]
 80043d6:	6053      	strne	r3, [r2, #4]
 80043d8:	4630      	mov	r0, r6
 80043da:	f000 f885 	bl	80044e8 <__malloc_unlock>
 80043de:	f104 000b 	add.w	r0, r4, #11
 80043e2:	1d23      	adds	r3, r4, #4
 80043e4:	f020 0007 	bic.w	r0, r0, #7
 80043e8:	1ac2      	subs	r2, r0, r3
 80043ea:	d001      	beq.n	80043f0 <_malloc_r+0x5c>
 80043ec:	1a1b      	subs	r3, r3, r0
 80043ee:	50a3      	str	r3, [r4, r2]
 80043f0:	bdf8      	pop	{r3, r4, r5, r6, r7, pc}
 80043f2:	230c      	movs	r3, #12
 80043f4:	6033      	str	r3, [r6, #0]
 80043f6:	2000      	movs	r0, #0
 80043f8:	bdf8      	pop	{r3, r4, r5, r6, r7, pc}
 80043fa:	6023      	str	r3, [r4, #0]
 80043fc:	441c      	add	r4, r3
 80043fe:	6025      	str	r5, [r4, #0]
 8004400:	e7ea      	b.n	80043d8 <_malloc_r+0x44>
 8004402:	6879      	ldr	r1, [r7, #4]
 8004404:	b1c9      	cbz	r1, 800443a <_malloc_r+0xa6>
 8004406:	4629      	mov	r1, r5
 8004408:	4630      	mov	r0, r6
 800440a:	f000 f81d 	bl	8004448 <_sbrk_r>
 800440e:	1c43      	adds	r3, r0, #1
 8004410:	d00c      	beq.n	800442c <_malloc_r+0x98>
 8004412:	1cc4      	adds	r4, r0, #3
 8004414:	f024 0403 	bic.w	r4, r4, #3
 8004418:	42a0      	cmp	r0, r4
 800441a:	d005      	beq.n	8004428 <_malloc_r+0x94>
 800441c:	1a21      	subs	r1, r4, r0
 800441e:	4630      	mov	r0, r6
 8004420:	f000 f812 	bl	8004448 <_sbrk_r>
 8004424:	3001      	adds	r0, #1
 8004426:	d001      	beq.n	800442c <_malloc_r+0x98>
 8004428:	6025      	str	r5, [r4, #0]
 800442a:	e7d5      	b.n	80043d8 <_malloc_r+0x44>
 800442c:	230c      	movs	r3, #12
 800442e:	4630      	mov	r0, r6
 8004430:	6033      	str	r3, [r6, #0]
 8004432:	f000 f859 	bl	80044e8 <__malloc_unlock>
 8004436:	2000      	movs	r0, #0
 8004438:	bdf8      	pop	{r3, r4, r5, r6, r7, pc}
 800443a:	4630      	mov	r0, r6
 800443c:	f000 f804 	bl	8004448 <_sbrk_r>
 8004440:	6078      	str	r0, [r7, #4]
 8004442:	e7e0      	b.n	8004406 <_malloc_r+0x72>
 8004444:	20000100 	.word	0x20000100

08004448 <_sbrk_r>:
 8004448:	b538      	push	{r3, r4, r5, lr}
 800444a:	4d07      	ldr	r5, [pc, #28]	; (8004468 <_sbrk_r+0x20>)
 800444c:	2200      	movs	r2, #0
 800444e:	4604      	mov	r4, r0
 8004450:	4608      	mov	r0, r1
 8004452:	602a      	str	r2, [r5, #0]
 8004454:	f001 feaa 	bl	80061ac <_sbrk>
 8004458:	1c43      	adds	r3, r0, #1
 800445a:	d000      	beq.n	800445e <_sbrk_r+0x16>
 800445c:	bd38      	pop	{r3, r4, r5, pc}
 800445e:	682b      	ldr	r3, [r5, #0]
 8004460:	2b00      	cmp	r3, #0
 8004462:	d0fb      	beq.n	800445c <_sbrk_r+0x14>
 8004464:	6023      	str	r3, [r4, #0]
 8004466:	bd38      	pop	{r3, r4, r5, pc}
 8004468:	20000108 	.word	0x20000108

0800446c <_siprintf_r>:
 800446c:	b40c      	push	{r2, r3}
 800446e:	b510      	push	{r4, lr}
 8004470:	b09c      	sub	sp, #112	; 0x70
 8004472:	ab1e      	add	r3, sp, #120	; 0x78
 8004474:	f06f 4400 	mvn.w	r4, #2147483648	; 0x80000000
 8004478:	e9cd 1406 	strd	r1, r4, [sp, #24]
 800447c:	9102      	str	r1, [sp, #8]
 800447e:	4908      	ldr	r1, [pc, #32]	; (80044a0 <_siprintf_r+0x34>)
 8004480:	f853 2b04 	ldr.w	r2, [r3], #4
 8004484:	9105      	str	r1, [sp, #20]
 8004486:	a902      	add	r1, sp, #8
 8004488:	9301      	str	r3, [sp, #4]
 800448a:	9404      	str	r4, [sp, #16]
 800448c:	f000 f90c 	bl	80046a8 <_svfiprintf_r>
 8004490:	9b02      	ldr	r3, [sp, #8]
 8004492:	2200      	movs	r2, #0
 8004494:	701a      	strb	r2, [r3, #0]
 8004496:	b01c      	add	sp, #112	; 0x70
 8004498:	e8bd 4010 	ldmia.w	sp!, {r4, lr}
 800449c:	b002      	add	sp, #8
 800449e:	4770      	bx	lr
 80044a0:	ffff0208 	.word	0xffff0208

080044a4 <siprintf>:
 80044a4:	b40e      	push	{r1, r2, r3}
 80044a6:	b510      	push	{r4, lr}
 80044a8:	b09d      	sub	sp, #116	; 0x74
 80044aa:	f06f 4100 	mvn.w	r1, #2147483648	; 0x80000000
 80044ae:	ab1f      	add	r3, sp, #124	; 0x7c
 80044b0:	e9cd 0106 	strd	r0, r1, [sp, #24]
 80044b4:	9104      	str	r1, [sp, #16]
 80044b6:	4909      	ldr	r1, [pc, #36]	; (80044dc <siprintf+0x38>)
 80044b8:	f853 2b04 	ldr.w	r2, [r3], #4
 80044bc:	9002      	str	r0, [sp, #8]
 80044be:	4c08      	ldr	r4, [pc, #32]	; (80044e0 <siprintf+0x3c>)
 80044c0:	6808      	ldr	r0, [r1, #0]
 80044c2:	9301      	str	r3, [sp, #4]
 80044c4:	a902      	add	r1, sp, #8
 80044c6:	9405      	str	r4, [sp, #20]
 80044c8:	f000 f8ee 	bl	80046a8 <_svfiprintf_r>
 80044cc:	9b02      	ldr	r3, [sp, #8]
 80044ce:	2200      	movs	r2, #0
 80044d0:	701a      	strb	r2, [r3, #0]
 80044d2:	b01d      	add	sp, #116	; 0x74
 80044d4:	e8bd 4010 	ldmia.w	sp!, {r4, lr}
 80044d8:	b003      	add	sp, #12
 80044da:	4770      	bx	lr
 80044dc:	20000004 	.word	0x20000004
 80044e0:	ffff0208 	.word	0xffff0208

080044e4 <__malloc_lock>:
 80044e4:	4770      	bx	lr
 80044e6:	bf00      	nop

080044e8 <__malloc_unlock>:
 80044e8:	4770      	bx	lr
 80044ea:	bf00      	nop

080044ec <__ssputs_r>:
 80044ec:	e92d 47f0 	stmdb	sp!, {r4, r5, r6, r7, r8, r9, sl, lr}
 80044f0:	688f      	ldr	r7, [r1, #8]
 80044f2:	429f      	cmp	r7, r3
 80044f4:	460c      	mov	r4, r1
 80044f6:	461d      	mov	r5, r3
 80044f8:	4616      	mov	r6, r2
 80044fa:	d838      	bhi.n	800456e <__ssputs_r+0x82>
 80044fc:	4682      	mov	sl, r0
 80044fe:	8988      	ldrh	r0, [r1, #12]
 8004500:	f410 6f90 	tst.w	r0, #1152	; 0x480
 8004504:	d10e      	bne.n	8004524 <__ssputs_r+0x38>
 8004506:	6808      	ldr	r0, [r1, #0]
 8004508:	463d      	mov	r5, r7
 800450a:	462a      	mov	r2, r5
 800450c:	4631      	mov	r1, r6
 800450e:	f000 fcc1 	bl	8004e94 <memmove>
 8004512:	68a2      	ldr	r2, [r4, #8]
 8004514:	6823      	ldr	r3, [r4, #0]
 8004516:	1bd2      	subs	r2, r2, r7
 8004518:	442b      	add	r3, r5
 800451a:	60a2      	str	r2, [r4, #8]
 800451c:	6023      	str	r3, [r4, #0]
 800451e:	2000      	movs	r0, #0
 8004520:	e8bd 87f0 	ldmia.w	sp!, {r4, r5, r6, r7, r8, r9, sl, pc}
 8004524:	694b      	ldr	r3, [r1, #20]
 8004526:	6909      	ldr	r1, [r1, #16]
 8004528:	eb03 0843 	add.w	r8, r3, r3, lsl #1
 800452c:	6823      	ldr	r3, [r4, #0]
 800452e:	eb08 78d8 	add.w	r8, r8, r8, lsr #31
 8004532:	eba3 0901 	sub.w	r9, r3, r1
 8004536:	1c6b      	adds	r3, r5, #1
 8004538:	ea4f 0868 	mov.w	r8, r8, asr #1
 800453c:	444b      	add	r3, r9
 800453e:	4543      	cmp	r3, r8
 8004540:	4642      	mov	r2, r8
 8004542:	bf84      	itt	hi
 8004544:	4698      	movhi	r8, r3
 8004546:	4642      	movhi	r2, r8
 8004548:	0543      	lsls	r3, r0, #21
 800454a:	d513      	bpl.n	8004574 <__ssputs_r+0x88>
 800454c:	4611      	mov	r1, r2
 800454e:	4650      	mov	r0, sl
 8004550:	f7ff ff20 	bl	8004394 <_malloc_r>
 8004554:	4607      	mov	r7, r0
 8004556:	b308      	cbz	r0, 800459c <__ssputs_r+0xb0>
 8004558:	6921      	ldr	r1, [r4, #16]
 800455a:	464a      	mov	r2, r9
 800455c:	f000 fc00 	bl	8004d60 <memcpy>
 8004560:	89a3      	ldrh	r3, [r4, #12]
 8004562:	f423 6390 	bic.w	r3, r3, #1152	; 0x480
 8004566:	f043 0380 	orr.w	r3, r3, #128	; 0x80
 800456a:	81a3      	strh	r3, [r4, #12]
 800456c:	e007      	b.n	800457e <__ssputs_r+0x92>
 800456e:	6808      	ldr	r0, [r1, #0]
 8004570:	461f      	mov	r7, r3
 8004572:	e7ca      	b.n	800450a <__ssputs_r+0x1e>
 8004574:	4650      	mov	r0, sl
 8004576:	f000 fd09 	bl	8004f8c <_realloc_r>
 800457a:	4607      	mov	r7, r0
 800457c:	b150      	cbz	r0, 8004594 <__ssputs_r+0xa8>
 800457e:	eb07 0009 	add.w	r0, r7, r9
 8004582:	eba8 0309 	sub.w	r3, r8, r9
 8004586:	6127      	str	r7, [r4, #16]
 8004588:	f8c4 8014 	str.w	r8, [r4, #20]
 800458c:	60a3      	str	r3, [r4, #8]
 800458e:	6020      	str	r0, [r4, #0]
 8004590:	462f      	mov	r7, r5
 8004592:	e7ba      	b.n	800450a <__ssputs_r+0x1e>
 8004594:	6921      	ldr	r1, [r4, #16]
 8004596:	4650      	mov	r0, sl
 8004598:	f7ff fe9e 	bl	80042d8 <_free_r>
 800459c:	230c      	movs	r3, #12
 800459e:	f8ca 3000 	str.w	r3, [sl]
 80045a2:	89a3      	ldrh	r3, [r4, #12]
 80045a4:	f043 0340 	orr.w	r3, r3, #64	; 0x40
 80045a8:	f04f 30ff 	mov.w	r0, #4294967295	; 0xffffffff
 80045ac:	81a3      	strh	r3, [r4, #12]
 80045ae:	e7b7      	b.n	8004520 <__ssputs_r+0x34>

080045b0 <__ssprint_r>:
 80045b0:	e92d 4ff0 	stmdb	sp!, {r4, r5, r6, r7, r8, r9, sl, fp, lr}
 80045b4:	6893      	ldr	r3, [r2, #8]
 80045b6:	b083      	sub	sp, #12
 80045b8:	4691      	mov	r9, r2
 80045ba:	2b00      	cmp	r3, #0
 80045bc:	d06d      	beq.n	800469a <__ssprint_r+0xea>
 80045be:	6817      	ldr	r7, [r2, #0]
 80045c0:	688d      	ldr	r5, [r1, #8]
 80045c2:	4680      	mov	r8, r0
 80045c4:	460c      	mov	r4, r1
 80045c6:	6808      	ldr	r0, [r1, #0]
 80045c8:	3708      	adds	r7, #8
 80045ca:	e043      	b.n	8004654 <__ssprint_r+0xa4>
 80045cc:	89a3      	ldrh	r3, [r4, #12]
 80045ce:	f413 6f90 	tst.w	r3, #1152	; 0x480
 80045d2:	d02e      	beq.n	8004632 <__ssprint_r+0x82>
 80045d4:	e9d4 1504 	ldrd	r1, r5, [r4, #16]
 80045d8:	eba0 0a01 	sub.w	sl, r0, r1
 80045dc:	eb05 0545 	add.w	r5, r5, r5, lsl #1
 80045e0:	eb05 75d5 	add.w	r5, r5, r5, lsr #31
 80045e4:	eb0a 0006 	add.w	r0, sl, r6
 80045e8:	106d      	asrs	r5, r5, #1
 80045ea:	3001      	adds	r0, #1
 80045ec:	42a8      	cmp	r0, r5
 80045ee:	462a      	mov	r2, r5
 80045f0:	bf84      	itt	hi
 80045f2:	4605      	movhi	r5, r0
 80045f4:	462a      	movhi	r2, r5
 80045f6:	055b      	lsls	r3, r3, #21
 80045f8:	d536      	bpl.n	8004668 <__ssprint_r+0xb8>
 80045fa:	4611      	mov	r1, r2
 80045fc:	4640      	mov	r0, r8
 80045fe:	f7ff fec9 	bl	8004394 <_malloc_r>
 8004602:	2800      	cmp	r0, #0
 8004604:	d03a      	beq.n	800467c <__ssprint_r+0xcc>
 8004606:	4652      	mov	r2, sl
 8004608:	6921      	ldr	r1, [r4, #16]
 800460a:	9001      	str	r0, [sp, #4]
 800460c:	f000 fba8 	bl	8004d60 <memcpy>
 8004610:	89a2      	ldrh	r2, [r4, #12]
 8004612:	9b01      	ldr	r3, [sp, #4]
 8004614:	f422 6290 	bic.w	r2, r2, #1152	; 0x480
 8004618:	f042 0280 	orr.w	r2, r2, #128	; 0x80
 800461c:	81a2      	strh	r2, [r4, #12]
 800461e:	eba5 020a 	sub.w	r2, r5, sl
 8004622:	eb03 000a 	add.w	r0, r3, sl
 8004626:	6165      	str	r5, [r4, #20]
 8004628:	60a2      	str	r2, [r4, #8]
 800462a:	6123      	str	r3, [r4, #16]
 800462c:	6020      	str	r0, [r4, #0]
 800462e:	4635      	mov	r5, r6
 8004630:	46b2      	mov	sl, r6
 8004632:	4659      	mov	r1, fp
 8004634:	4652      	mov	r2, sl
 8004636:	f000 fc2d 	bl	8004e94 <memmove>
 800463a:	f8d9 3008 	ldr.w	r3, [r9, #8]
 800463e:	68a1      	ldr	r1, [r4, #8]
 8004640:	6820      	ldr	r0, [r4, #0]
 8004642:	1b4d      	subs	r5, r1, r5
 8004644:	4450      	add	r0, sl
 8004646:	1b9e      	subs	r6, r3, r6
 8004648:	60a5      	str	r5, [r4, #8]
 800464a:	6020      	str	r0, [r4, #0]
 800464c:	f8c9 6008 	str.w	r6, [r9, #8]
 8004650:	b31e      	cbz	r6, 800469a <__ssprint_r+0xea>
 8004652:	3708      	adds	r7, #8
 8004654:	e957 b602 	ldrd	fp, r6, [r7, #-8]
 8004658:	2e00      	cmp	r6, #0
 800465a:	d0fa      	beq.n	8004652 <__ssprint_r+0xa2>
 800465c:	42b5      	cmp	r5, r6
 800465e:	46aa      	mov	sl, r5
 8004660:	d9b4      	bls.n	80045cc <__ssprint_r+0x1c>
 8004662:	4635      	mov	r5, r6
 8004664:	46b2      	mov	sl, r6
 8004666:	e7e4      	b.n	8004632 <__ssprint_r+0x82>
 8004668:	4640      	mov	r0, r8
 800466a:	f000 fc8f 	bl	8004f8c <_realloc_r>
 800466e:	4603      	mov	r3, r0
 8004670:	2800      	cmp	r0, #0
 8004672:	d1d4      	bne.n	800461e <__ssprint_r+0x6e>
 8004674:	6921      	ldr	r1, [r4, #16]
 8004676:	4640      	mov	r0, r8
 8004678:	f7ff fe2e 	bl	80042d8 <_free_r>
 800467c:	230c      	movs	r3, #12
 800467e:	f8c8 3000 	str.w	r3, [r8]
 8004682:	89a3      	ldrh	r3, [r4, #12]
 8004684:	2200      	movs	r2, #0
 8004686:	f043 0340 	orr.w	r3, r3, #64	; 0x40
 800468a:	f04f 30ff 	mov.w	r0, #4294967295	; 0xffffffff
 800468e:	81a3      	strh	r3, [r4, #12]
 8004690:	e9c9 2201 	strd	r2, r2, [r9, #4]
 8004694:	b003      	add	sp, #12
 8004696:	e8bd 8ff0 	ldmia.w	sp!, {r4, r5, r6, r7, r8, r9, sl, fp, pc}
 800469a:	2000      	movs	r0, #0
 800469c:	f8c9 0004 	str.w	r0, [r9, #4]
 80046a0:	b003      	add	sp, #12
 80046a2:	e8bd 8ff0 	ldmia.w	sp!, {r4, r5, r6, r7, r8, r9, sl, fp, pc}
 80046a6:	bf00      	nop

080046a8 <_svfiprintf_r>:
 80046a8:	e92d 4ff0 	stmdb	sp!, {r4, r5, r6, r7, r8, r9, sl, fp, lr}
 80046ac:	461c      	mov	r4, r3
 80046ae:	898b      	ldrh	r3, [r1, #12]
 80046b0:	061d      	lsls	r5, r3, #24
 80046b2:	b09d      	sub	sp, #116	; 0x74
 80046b4:	4688      	mov	r8, r1
 80046b6:	4681      	mov	r9, r0
 80046b8:	4692      	mov	sl, r2
 80046ba:	d503      	bpl.n	80046c4 <_svfiprintf_r+0x1c>
 80046bc:	690b      	ldr	r3, [r1, #16]
 80046be:	2b00      	cmp	r3, #0
 80046c0:	f000 80ef 	beq.w	80048a2 <_svfiprintf_r+0x1fa>
 80046c4:	2300      	movs	r3, #0
 80046c6:	9309      	str	r3, [sp, #36]	; 0x24
 80046c8:	2320      	movs	r3, #32
 80046ca:	f88d 3029 	strb.w	r3, [sp, #41]	; 0x29
 80046ce:	2330      	movs	r3, #48	; 0x30
 80046d0:	f88d 302a 	strb.w	r3, [sp, #42]	; 0x2a
 80046d4:	f89a 3000 	ldrb.w	r3, [sl]
 80046d8:	4d7b      	ldr	r5, [pc, #492]	; (80048c8 <_svfiprintf_r+0x220>)
 80046da:	9403      	str	r4, [sp, #12]
 80046dc:	2601      	movs	r6, #1
 80046de:	2b00      	cmp	r3, #0
 80046e0:	d072      	beq.n	80047c8 <_svfiprintf_r+0x120>
 80046e2:	4654      	mov	r4, sl
 80046e4:	e003      	b.n	80046ee <_svfiprintf_r+0x46>
 80046e6:	f814 3f01 	ldrb.w	r3, [r4, #1]!
 80046ea:	2b00      	cmp	r3, #0
 80046ec:	d076      	beq.n	80047dc <_svfiprintf_r+0x134>
 80046ee:	2b25      	cmp	r3, #37	; 0x25
 80046f0:	d1f9      	bne.n	80046e6 <_svfiprintf_r+0x3e>
 80046f2:	ebb4 0b0a 	subs.w	fp, r4, sl
 80046f6:	d174      	bne.n	80047e2 <_svfiprintf_r+0x13a>
 80046f8:	7822      	ldrb	r2, [r4, #0]
 80046fa:	2a00      	cmp	r2, #0
 80046fc:	d064      	beq.n	80047c8 <_svfiprintf_r+0x120>
 80046fe:	2300      	movs	r3, #0
 8004700:	f04f 32ff 	mov.w	r2, #4294967295	; 0xffffffff
 8004704:	e9cd 2305 	strd	r2, r3, [sp, #20]
 8004708:	9304      	str	r3, [sp, #16]
 800470a:	9307      	str	r3, [sp, #28]
 800470c:	f88d 3053 	strb.w	r3, [sp, #83]	; 0x53
 8004710:	931a      	str	r3, [sp, #104]	; 0x68
 8004712:	3401      	adds	r4, #1
 8004714:	e004      	b.n	8004720 <_svfiprintf_r+0x78>
 8004716:	9a04      	ldr	r2, [sp, #16]
 8004718:	fa06 f303 	lsl.w	r3, r6, r3
 800471c:	4313      	orrs	r3, r2
 800471e:	9304      	str	r3, [sp, #16]
 8004720:	46a2      	mov	sl, r4
 8004722:	2205      	movs	r2, #5
 8004724:	f814 1b01 	ldrb.w	r1, [r4], #1
 8004728:	4628      	mov	r0, r5
 800472a:	f000 fac9 	bl	8004cc0 <memchr>
 800472e:	1b43      	subs	r3, r0, r5
 8004730:	2800      	cmp	r0, #0
 8004732:	d1f0      	bne.n	8004716 <_svfiprintf_r+0x6e>
 8004734:	9b04      	ldr	r3, [sp, #16]
 8004736:	06d8      	lsls	r0, r3, #27
 8004738:	bf44      	itt	mi
 800473a:	2220      	movmi	r2, #32
 800473c:	f88d 2053 	strbmi.w	r2, [sp, #83]	; 0x53
 8004740:	0719      	lsls	r1, r3, #28
 8004742:	f89a 1000 	ldrb.w	r1, [sl]
 8004746:	bf44      	itt	mi
 8004748:	222b      	movmi	r2, #43	; 0x2b
 800474a:	f88d 2053 	strbmi.w	r2, [sp, #83]	; 0x53
 800474e:	292a      	cmp	r1, #42	; 0x2a
 8004750:	d154      	bne.n	80047fc <_svfiprintf_r+0x154>
 8004752:	9a03      	ldr	r2, [sp, #12]
 8004754:	6811      	ldr	r1, [r2, #0]
 8004756:	3204      	adds	r2, #4
 8004758:	2900      	cmp	r1, #0
 800475a:	9203      	str	r2, [sp, #12]
 800475c:	db7c      	blt.n	8004858 <_svfiprintf_r+0x1b0>
 800475e:	9107      	str	r1, [sp, #28]
 8004760:	f89a 1001 	ldrb.w	r1, [sl, #1]
 8004764:	f10a 0a01 	add.w	sl, sl, #1
 8004768:	292e      	cmp	r1, #46	; 0x2e
 800476a:	d059      	beq.n	8004820 <_svfiprintf_r+0x178>
 800476c:	4c57      	ldr	r4, [pc, #348]	; (80048cc <_svfiprintf_r+0x224>)
 800476e:	2203      	movs	r2, #3
 8004770:	4620      	mov	r0, r4
 8004772:	f000 faa5 	bl	8004cc0 <memchr>
 8004776:	b140      	cbz	r0, 800478a <_svfiprintf_r+0xe2>
 8004778:	9b04      	ldr	r3, [sp, #16]
 800477a:	1b00      	subs	r0, r0, r4
 800477c:	2440      	movs	r4, #64	; 0x40
 800477e:	fa04 f000 	lsl.w	r0, r4, r0
 8004782:	4303      	orrs	r3, r0
 8004784:	9304      	str	r3, [sp, #16]
 8004786:	f10a 0a01 	add.w	sl, sl, #1
 800478a:	f81a 1b01 	ldrb.w	r1, [sl], #1
 800478e:	4850      	ldr	r0, [pc, #320]	; (80048d0 <_svfiprintf_r+0x228>)
 8004790:	f88d 1028 	strb.w	r1, [sp, #40]	; 0x28
 8004794:	2206      	movs	r2, #6
 8004796:	f000 fa93 	bl	8004cc0 <memchr>
 800479a:	2800      	cmp	r0, #0
 800479c:	d062      	beq.n	8004864 <_svfiprintf_r+0x1bc>
 800479e:	4b4d      	ldr	r3, [pc, #308]	; (80048d4 <_svfiprintf_r+0x22c>)
 80047a0:	2b00      	cmp	r3, #0
 80047a2:	d052      	beq.n	800484a <_svfiprintf_r+0x1a2>
 80047a4:	aa03      	add	r2, sp, #12
 80047a6:	9200      	str	r2, [sp, #0]
 80047a8:	4b4b      	ldr	r3, [pc, #300]	; (80048d8 <_svfiprintf_r+0x230>)
 80047aa:	4642      	mov	r2, r8
 80047ac:	a904      	add	r1, sp, #16
 80047ae:	4648      	mov	r0, r9
 80047b0:	f3af 8000 	nop.w
 80047b4:	4607      	mov	r7, r0
 80047b6:	1c7a      	adds	r2, r7, #1
 80047b8:	d006      	beq.n	80047c8 <_svfiprintf_r+0x120>
 80047ba:	9b09      	ldr	r3, [sp, #36]	; 0x24
 80047bc:	443b      	add	r3, r7
 80047be:	9309      	str	r3, [sp, #36]	; 0x24
 80047c0:	f89a 3000 	ldrb.w	r3, [sl]
 80047c4:	2b00      	cmp	r3, #0
 80047c6:	d18c      	bne.n	80046e2 <_svfiprintf_r+0x3a>
 80047c8:	f8b8 300c 	ldrh.w	r3, [r8, #12]
 80047cc:	065b      	lsls	r3, r3, #25
 80047ce:	bf54      	ite	pl
 80047d0:	9809      	ldrpl	r0, [sp, #36]	; 0x24
 80047d2:	f04f 30ff 	movmi.w	r0, #4294967295	; 0xffffffff
 80047d6:	b01d      	add	sp, #116	; 0x74
 80047d8:	e8bd 8ff0 	ldmia.w	sp!, {r4, r5, r6, r7, r8, r9, sl, fp, pc}
 80047dc:	ebb4 0b0a 	subs.w	fp, r4, sl
 80047e0:	d0f2      	beq.n	80047c8 <_svfiprintf_r+0x120>
 80047e2:	465b      	mov	r3, fp
 80047e4:	4652      	mov	r2, sl
 80047e6:	4641      	mov	r1, r8
 80047e8:	4648      	mov	r0, r9
 80047ea:	f7ff fe7f 	bl	80044ec <__ssputs_r>
 80047ee:	3001      	adds	r0, #1
 80047f0:	d0ea      	beq.n	80047c8 <_svfiprintf_r+0x120>
 80047f2:	9b09      	ldr	r3, [sp, #36]	; 0x24
 80047f4:	7822      	ldrb	r2, [r4, #0]
 80047f6:	445b      	add	r3, fp
 80047f8:	9309      	str	r3, [sp, #36]	; 0x24
 80047fa:	e77e      	b.n	80046fa <_svfiprintf_r+0x52>
 80047fc:	f1a1 0230 	sub.w	r2, r1, #48	; 0x30
 8004800:	2a09      	cmp	r2, #9
 8004802:	d8b1      	bhi.n	8004768 <_svfiprintf_r+0xc0>
 8004804:	9b07      	ldr	r3, [sp, #28]
 8004806:	f81a 1f01 	ldrb.w	r1, [sl, #1]!
 800480a:	eb03 0383 	add.w	r3, r3, r3, lsl #2
 800480e:	eb02 0343 	add.w	r3, r2, r3, lsl #1
 8004812:	f1a1 0230 	sub.w	r2, r1, #48	; 0x30
 8004816:	2a09      	cmp	r2, #9
 8004818:	d9f5      	bls.n	8004806 <_svfiprintf_r+0x15e>
 800481a:	292e      	cmp	r1, #46	; 0x2e
 800481c:	9307      	str	r3, [sp, #28]
 800481e:	d1a5      	bne.n	800476c <_svfiprintf_r+0xc4>
 8004820:	f89a 1001 	ldrb.w	r1, [sl, #1]
 8004824:	292a      	cmp	r1, #42	; 0x2a
 8004826:	d127      	bne.n	8004878 <_svfiprintf_r+0x1d0>
 8004828:	9b03      	ldr	r3, [sp, #12]
 800482a:	f89a 1002 	ldrb.w	r1, [sl, #2]
 800482e:	681a      	ldr	r2, [r3, #0]
 8004830:	9205      	str	r2, [sp, #20]
 8004832:	3304      	adds	r3, #4
 8004834:	2a00      	cmp	r2, #0
 8004836:	f10a 0002 	add.w	r0, sl, #2
 800483a:	9303      	str	r3, [sp, #12]
 800483c:	bfb8      	it	lt
 800483e:	f04f 33ff 	movlt.w	r3, #4294967295	; 0xffffffff
 8004842:	4682      	mov	sl, r0
 8004844:	bfb8      	it	lt
 8004846:	9305      	strlt	r3, [sp, #20]
 8004848:	e790      	b.n	800476c <_svfiprintf_r+0xc4>
 800484a:	9b03      	ldr	r3, [sp, #12]
 800484c:	3307      	adds	r3, #7
 800484e:	f023 0307 	bic.w	r3, r3, #7
 8004852:	3308      	adds	r3, #8
 8004854:	9303      	str	r3, [sp, #12]
 8004856:	e7b0      	b.n	80047ba <_svfiprintf_r+0x112>
 8004858:	4249      	negs	r1, r1
 800485a:	f043 0302 	orr.w	r3, r3, #2
 800485e:	9107      	str	r1, [sp, #28]
 8004860:	9304      	str	r3, [sp, #16]
 8004862:	e77d      	b.n	8004760 <_svfiprintf_r+0xb8>
 8004864:	aa03      	add	r2, sp, #12
 8004866:	9200      	str	r2, [sp, #0]
 8004868:	4b1b      	ldr	r3, [pc, #108]	; (80048d8 <_svfiprintf_r+0x230>)
 800486a:	4642      	mov	r2, r8
 800486c:	a904      	add	r1, sp, #16
 800486e:	4648      	mov	r0, r9
 8004870:	f000 f8ca 	bl	8004a08 <_printf_i>
 8004874:	4607      	mov	r7, r0
 8004876:	e79e      	b.n	80047b6 <_svfiprintf_r+0x10e>
 8004878:	f1a1 0230 	sub.w	r2, r1, #48	; 0x30
 800487c:	2300      	movs	r3, #0
 800487e:	2a09      	cmp	r2, #9
 8004880:	9305      	str	r3, [sp, #20]
 8004882:	f10a 0a01 	add.w	sl, sl, #1
 8004886:	f63f af71 	bhi.w	800476c <_svfiprintf_r+0xc4>
 800488a:	f81a 1f01 	ldrb.w	r1, [sl, #1]!
 800488e:	eb03 0383 	add.w	r3, r3, r3, lsl #2
 8004892:	eb02 0343 	add.w	r3, r2, r3, lsl #1
 8004896:	f1a1 0230 	sub.w	r2, r1, #48	; 0x30
 800489a:	2a09      	cmp	r2, #9
 800489c:	d9f5      	bls.n	800488a <_svfiprintf_r+0x1e2>
 800489e:	9305      	str	r3, [sp, #20]
 80048a0:	e764      	b.n	800476c <_svfiprintf_r+0xc4>
 80048a2:	2140      	movs	r1, #64	; 0x40
 80048a4:	f7ff fd76 	bl	8004394 <_malloc_r>
 80048a8:	f8c8 0000 	str.w	r0, [r8]
 80048ac:	f8c8 0010 	str.w	r0, [r8, #16]
 80048b0:	b118      	cbz	r0, 80048ba <_svfiprintf_r+0x212>
 80048b2:	2340      	movs	r3, #64	; 0x40
 80048b4:	f8c8 3014 	str.w	r3, [r8, #20]
 80048b8:	e704      	b.n	80046c4 <_svfiprintf_r+0x1c>
 80048ba:	230c      	movs	r3, #12
 80048bc:	f8c9 3000 	str.w	r3, [r9]
 80048c0:	f04f 30ff 	mov.w	r0, #4294967295	; 0xffffffff
 80048c4:	e787      	b.n	80047d6 <_svfiprintf_r+0x12e>
 80048c6:	bf00      	nop
 80048c8:	0800652c 	.word	0x0800652c
 80048cc:	08006534 	.word	0x08006534
 80048d0:	08006538 	.word	0x08006538
 80048d4:	00000000 	.word	0x00000000
 80048d8:	080044ed 	.word	0x080044ed

080048dc <_printf_common>:
 80048dc:	e92d 47f0 	stmdb	sp!, {r4, r5, r6, r7, r8, r9, sl, lr}
 80048e0:	4691      	mov	r9, r2
 80048e2:	461e      	mov	r6, r3
 80048e4:	690a      	ldr	r2, [r1, #16]
 80048e6:	688b      	ldr	r3, [r1, #8]
 80048e8:	f8dd 8020 	ldr.w	r8, [sp, #32]
 80048ec:	429a      	cmp	r2, r3
 80048ee:	bfb8      	it	lt
 80048f0:	461a      	movlt	r2, r3
 80048f2:	f8c9 2000 	str.w	r2, [r9]
 80048f6:	f891 3043 	ldrb.w	r3, [r1, #67]	; 0x43
 80048fa:	460c      	mov	r4, r1
 80048fc:	4605      	mov	r5, r0
 80048fe:	b113      	cbz	r3, 8004906 <_printf_common+0x2a>
 8004900:	3201      	adds	r2, #1
 8004902:	f8c9 2000 	str.w	r2, [r9]
 8004906:	6822      	ldr	r2, [r4, #0]
 8004908:	0691      	lsls	r1, r2, #26
 800490a:	d55d      	bpl.n	80049c8 <_printf_common+0xec>
 800490c:	f8d9 3000 	ldr.w	r3, [r9]
 8004910:	3302      	adds	r3, #2
 8004912:	f8c9 3000 	str.w	r3, [r9]
 8004916:	6822      	ldr	r2, [r4, #0]
 8004918:	f012 0f06 	tst.w	r2, #6
 800491c:	4611      	mov	r1, r2
 800491e:	d11e      	bne.n	800495e <_printf_common+0x82>
 8004920:	68e1      	ldr	r1, [r4, #12]
 8004922:	1acb      	subs	r3, r1, r3
 8004924:	2b00      	cmp	r3, #0
 8004926:	bfd8      	it	le
 8004928:	4611      	movle	r1, r2
 800492a:	dd18      	ble.n	800495e <_printf_common+0x82>
 800492c:	f104 0a19 	add.w	sl, r4, #25
 8004930:	2700      	movs	r7, #0
 8004932:	e006      	b.n	8004942 <_printf_common+0x66>
 8004934:	f8d9 3000 	ldr.w	r3, [r9]
 8004938:	68e2      	ldr	r2, [r4, #12]
 800493a:	eba2 0c03 	sub.w	ip, r2, r3
 800493e:	45bc      	cmp	ip, r7
 8004940:	dd0c      	ble.n	800495c <_printf_common+0x80>
 8004942:	2301      	movs	r3, #1
 8004944:	4652      	mov	r2, sl
 8004946:	4631      	mov	r1, r6
 8004948:	4628      	mov	r0, r5
 800494a:	47c0      	blx	r8
 800494c:	3001      	adds	r0, #1
 800494e:	f107 0701 	add.w	r7, r7, #1
 8004952:	d1ef      	bne.n	8004934 <_printf_common+0x58>
 8004954:	f04f 30ff 	mov.w	r0, #4294967295	; 0xffffffff
 8004958:	e8bd 87f0 	ldmia.w	sp!, {r4, r5, r6, r7, r8, r9, sl, pc}
 800495c:	6821      	ldr	r1, [r4, #0]
 800495e:	f894 3043 	ldrb.w	r3, [r4, #67]	; 0x43
 8004962:	3b00      	subs	r3, #0
 8004964:	bf18      	it	ne
 8004966:	2301      	movne	r3, #1
 8004968:	068a      	lsls	r2, r1, #26
 800496a:	d50a      	bpl.n	8004982 <_printf_common+0xa6>
 800496c:	18e1      	adds	r1, r4, r3
 800496e:	1c5a      	adds	r2, r3, #1
 8004970:	2030      	movs	r0, #48	; 0x30
 8004972:	f881 0043 	strb.w	r0, [r1, #67]	; 0x43
 8004976:	4422      	add	r2, r4
 8004978:	f894 1045 	ldrb.w	r1, [r4, #69]	; 0x45
 800497c:	f882 1043 	strb.w	r1, [r2, #67]	; 0x43
 8004980:	3302      	adds	r3, #2
 8004982:	f104 0243 	add.w	r2, r4, #67	; 0x43
 8004986:	4631      	mov	r1, r6
 8004988:	4628      	mov	r0, r5
 800498a:	47c0      	blx	r8
 800498c:	3001      	adds	r0, #1
 800498e:	d0e1      	beq.n	8004954 <_printf_common+0x78>
 8004990:	6823      	ldr	r3, [r4, #0]
 8004992:	f003 0306 	and.w	r3, r3, #6
 8004996:	2b04      	cmp	r3, #4
 8004998:	d01d      	beq.n	80049d6 <_printf_common+0xfa>
 800499a:	68a3      	ldr	r3, [r4, #8]
 800499c:	6922      	ldr	r2, [r4, #16]
 800499e:	4293      	cmp	r3, r2
 80049a0:	dd25      	ble.n	80049ee <_printf_common+0x112>
 80049a2:	2700      	movs	r7, #0
 80049a4:	1a9b      	subs	r3, r3, r2
 80049a6:	441f      	add	r7, r3
 80049a8:	f104 091a 	add.w	r9, r4, #26
 80049ac:	2400      	movs	r4, #0
 80049ae:	e001      	b.n	80049b4 <_printf_common+0xd8>
 80049b0:	42bc      	cmp	r4, r7
 80049b2:	da1c      	bge.n	80049ee <_printf_common+0x112>
 80049b4:	2301      	movs	r3, #1
 80049b6:	464a      	mov	r2, r9
 80049b8:	4631      	mov	r1, r6
 80049ba:	4628      	mov	r0, r5
 80049bc:	47c0      	blx	r8
 80049be:	3001      	adds	r0, #1
 80049c0:	f104 0401 	add.w	r4, r4, #1
 80049c4:	d1f4      	bne.n	80049b0 <_printf_common+0xd4>
 80049c6:	e7c5      	b.n	8004954 <_printf_common+0x78>
 80049c8:	f012 0f06 	tst.w	r2, #6
 80049cc:	d012      	beq.n	80049f4 <_printf_common+0x118>
 80049ce:	3b00      	subs	r3, #0
 80049d0:	bf18      	it	ne
 80049d2:	2301      	movne	r3, #1
 80049d4:	e7d5      	b.n	8004982 <_printf_common+0xa6>
 80049d6:	f8d9 3000 	ldr.w	r3, [r9]
 80049da:	68e1      	ldr	r1, [r4, #12]
 80049dc:	6922      	ldr	r2, [r4, #16]
 80049de:	1ac9      	subs	r1, r1, r3
 80049e0:	68a3      	ldr	r3, [r4, #8]
 80049e2:	4293      	cmp	r3, r2
 80049e4:	ea21 77e1 	bic.w	r7, r1, r1, asr #31
 80049e8:	dcdc      	bgt.n	80049a4 <_printf_common+0xc8>
 80049ea:	2900      	cmp	r1, #0
 80049ec:	dcdc      	bgt.n	80049a8 <_printf_common+0xcc>
 80049ee:	2000      	movs	r0, #0
 80049f0:	e8bd 87f0 	ldmia.w	sp!, {r4, r5, r6, r7, r8, r9, sl, pc}
 80049f4:	68e1      	ldr	r1, [r4, #12]
 80049f6:	f8d9 3000 	ldr.w	r3, [r9]
 80049fa:	1acb      	subs	r3, r1, r3
 80049fc:	2b00      	cmp	r3, #0
 80049fe:	bfd8      	it	le
 8004a00:	4611      	movle	r1, r2
 8004a02:	dc93      	bgt.n	800492c <_printf_common+0x50>
 8004a04:	e7ab      	b.n	800495e <_printf_common+0x82>
 8004a06:	bf00      	nop

08004a08 <_printf_i>:
 8004a08:	e92d 43f0 	stmdb	sp!, {r4, r5, r6, r7, r8, r9, lr}
 8004a0c:	4617      	mov	r7, r2
 8004a0e:	b085      	sub	sp, #20
 8004a10:	7e0a      	ldrb	r2, [r1, #24]
 8004a12:	9d0c      	ldr	r5, [sp, #48]	; 0x30
 8004a14:	460c      	mov	r4, r1
 8004a16:	4606      	mov	r6, r0
 8004a18:	4698      	mov	r8, r3
 8004a1a:	f101 0c43 	add.w	ip, r1, #67	; 0x43
 8004a1e:	2a00      	cmp	r2, #0
 8004a20:	d033      	beq.n	8004a8a <_printf_i+0x82>
 8004a22:	f1a2 0358 	sub.w	r3, r2, #88	; 0x58
 8004a26:	b2d9      	uxtb	r1, r3
 8004a28:	2920      	cmp	r1, #32
 8004a2a:	d867      	bhi.n	8004afc <_printf_i+0xf4>
 8004a2c:	2b20      	cmp	r3, #32
 8004a2e:	d865      	bhi.n	8004afc <_printf_i+0xf4>
 8004a30:	e8df f013 	tbh	[pc, r3, lsl #1]
 8004a34:	006400de 	.word	0x006400de
 8004a38:	00640064 	.word	0x00640064
 8004a3c:	00640064 	.word	0x00640064
 8004a40:	00640064 	.word	0x00640064
 8004a44:	00640064 	.word	0x00640064
 8004a48:	00a30064 	.word	0x00a30064
 8004a4c:	0064006e 	.word	0x0064006e
 8004a50:	00640064 	.word	0x00640064
 8004a54:	006e0064 	.word	0x006e0064
 8004a58:	00640064 	.word	0x00640064
 8004a5c:	00640064 	.word	0x00640064
 8004a60:	007f0021 	.word	0x007f0021
 8004a64:	006400c0 	.word	0x006400c0
 8004a68:	00ae0064 	.word	0x00ae0064
 8004a6c:	007f0064 	.word	0x007f0064
 8004a70:	00640064 	.word	0x00640064
 8004a74:	00e5      	.short	0x00e5
 8004a76:	6823      	ldr	r3, [r4, #0]
 8004a78:	061a      	lsls	r2, r3, #24
 8004a7a:	f140 8104 	bpl.w	8004c86 <_printf_i+0x27e>
 8004a7e:	682b      	ldr	r3, [r5, #0]
 8004a80:	6962      	ldr	r2, [r4, #20]
 8004a82:	1d19      	adds	r1, r3, #4
 8004a84:	6029      	str	r1, [r5, #0]
 8004a86:	681b      	ldr	r3, [r3, #0]
 8004a88:	601a      	str	r2, [r3, #0]
 8004a8a:	2300      	movs	r3, #0
 8004a8c:	46e1      	mov	r9, ip
 8004a8e:	6123      	str	r3, [r4, #16]
 8004a90:	f8cd 8000 	str.w	r8, [sp]
 8004a94:	463b      	mov	r3, r7
 8004a96:	aa03      	add	r2, sp, #12
 8004a98:	4621      	mov	r1, r4
 8004a9a:	4630      	mov	r0, r6
 8004a9c:	f7ff ff1e 	bl	80048dc <_printf_common>
 8004aa0:	3001      	adds	r0, #1
 8004aa2:	d020      	beq.n	8004ae6 <_printf_i+0xde>
 8004aa4:	6923      	ldr	r3, [r4, #16]
 8004aa6:	464a      	mov	r2, r9
 8004aa8:	4639      	mov	r1, r7
 8004aaa:	4630      	mov	r0, r6
 8004aac:	47c0      	blx	r8
 8004aae:	3001      	adds	r0, #1
 8004ab0:	d019      	beq.n	8004ae6 <_printf_i+0xde>
 8004ab2:	6823      	ldr	r3, [r4, #0]
 8004ab4:	68e0      	ldr	r0, [r4, #12]
 8004ab6:	9903      	ldr	r1, [sp, #12]
 8004ab8:	079b      	lsls	r3, r3, #30
 8004aba:	d519      	bpl.n	8004af0 <_printf_i+0xe8>
 8004abc:	1a43      	subs	r3, r0, r1
 8004abe:	2b00      	cmp	r3, #0
 8004ac0:	dd16      	ble.n	8004af0 <_printf_i+0xe8>
 8004ac2:	f104 0919 	add.w	r9, r4, #25
 8004ac6:	2500      	movs	r5, #0
 8004ac8:	e004      	b.n	8004ad4 <_printf_i+0xcc>
 8004aca:	68e0      	ldr	r0, [r4, #12]
 8004acc:	9903      	ldr	r1, [sp, #12]
 8004ace:	1a43      	subs	r3, r0, r1
 8004ad0:	42ab      	cmp	r3, r5
 8004ad2:	dd0d      	ble.n	8004af0 <_printf_i+0xe8>
 8004ad4:	2301      	movs	r3, #1
 8004ad6:	464a      	mov	r2, r9
 8004ad8:	4639      	mov	r1, r7
 8004ada:	4630      	mov	r0, r6
 8004adc:	47c0      	blx	r8
 8004ade:	3001      	adds	r0, #1
 8004ae0:	f105 0501 	add.w	r5, r5, #1
 8004ae4:	d1f1      	bne.n	8004aca <_printf_i+0xc2>
 8004ae6:	f04f 30ff 	mov.w	r0, #4294967295	; 0xffffffff
 8004aea:	b005      	add	sp, #20
 8004aec:	e8bd 83f0 	ldmia.w	sp!, {r4, r5, r6, r7, r8, r9, pc}
 8004af0:	4288      	cmp	r0, r1
 8004af2:	bfb8      	it	lt
 8004af4:	4608      	movlt	r0, r1
 8004af6:	b005      	add	sp, #20
 8004af8:	e8bd 83f0 	ldmia.w	sp!, {r4, r5, r6, r7, r8, r9, pc}
 8004afc:	2301      	movs	r3, #1
 8004afe:	f884 2042 	strb.w	r2, [r4, #66]	; 0x42
 8004b02:	6123      	str	r3, [r4, #16]
 8004b04:	f104 0942 	add.w	r9, r4, #66	; 0x42
 8004b08:	2300      	movs	r3, #0
 8004b0a:	f884 3043 	strb.w	r3, [r4, #67]	; 0x43
 8004b0e:	e7bf      	b.n	8004a90 <_printf_i+0x88>
 8004b10:	6823      	ldr	r3, [r4, #0]
 8004b12:	0619      	lsls	r1, r3, #24
 8004b14:	d402      	bmi.n	8004b1c <_printf_i+0x114>
 8004b16:	065a      	lsls	r2, r3, #25
 8004b18:	f100 80c1 	bmi.w	8004c9e <_printf_i+0x296>
 8004b1c:	6829      	ldr	r1, [r5, #0]
 8004b1e:	680a      	ldr	r2, [r1, #0]
 8004b20:	3104      	adds	r1, #4
 8004b22:	6029      	str	r1, [r5, #0]
 8004b24:	4611      	mov	r1, r2
 8004b26:	2a00      	cmp	r2, #0
 8004b28:	db6b      	blt.n	8004c02 <_printf_i+0x1fa>
 8004b2a:	f8df e184 	ldr.w	lr, [pc, #388]	; 8004cb0 <_printf_i+0x2a8>
 8004b2e:	250a      	movs	r5, #10
 8004b30:	e010      	b.n	8004b54 <_printf_i+0x14c>
 8004b32:	6823      	ldr	r3, [r4, #0]
 8004b34:	0618      	lsls	r0, r3, #24
 8004b36:	f140 809c 	bpl.w	8004c72 <_printf_i+0x26a>
 8004b3a:	682b      	ldr	r3, [r5, #0]
 8004b3c:	1d19      	adds	r1, r3, #4
 8004b3e:	6029      	str	r1, [r5, #0]
 8004b40:	6819      	ldr	r1, [r3, #0]
 8004b42:	f8df e16c 	ldr.w	lr, [pc, #364]	; 8004cb0 <_printf_i+0x2a8>
 8004b46:	2a6f      	cmp	r2, #111	; 0x6f
 8004b48:	bf0c      	ite	eq
 8004b4a:	2508      	moveq	r5, #8
 8004b4c:	250a      	movne	r5, #10
 8004b4e:	2300      	movs	r3, #0
 8004b50:	f884 3043 	strb.w	r3, [r4, #67]	; 0x43
 8004b54:	6862      	ldr	r2, [r4, #4]
 8004b56:	60a2      	str	r2, [r4, #8]
 8004b58:	2a00      	cmp	r2, #0
 8004b5a:	db7f      	blt.n	8004c5c <_printf_i+0x254>
 8004b5c:	6823      	ldr	r3, [r4, #0]
 8004b5e:	f023 0304 	bic.w	r3, r3, #4
 8004b62:	6023      	str	r3, [r4, #0]
 8004b64:	2900      	cmp	r1, #0
 8004b66:	d15b      	bne.n	8004c20 <_printf_i+0x218>
 8004b68:	2a00      	cmp	r2, #0
 8004b6a:	d179      	bne.n	8004c60 <_printf_i+0x258>
 8004b6c:	46e1      	mov	r9, ip
 8004b6e:	2d08      	cmp	r5, #8
 8004b70:	d065      	beq.n	8004c3e <_printf_i+0x236>
 8004b72:	ebac 0309 	sub.w	r3, ip, r9
 8004b76:	6123      	str	r3, [r4, #16]
 8004b78:	e78a      	b.n	8004a90 <_printf_i+0x88>
 8004b7a:	682b      	ldr	r3, [r5, #0]
 8004b7c:	2201      	movs	r2, #1
 8004b7e:	6819      	ldr	r1, [r3, #0]
 8004b80:	3304      	adds	r3, #4
 8004b82:	602b      	str	r3, [r5, #0]
 8004b84:	f104 0942 	add.w	r9, r4, #66	; 0x42
 8004b88:	f884 1042 	strb.w	r1, [r4, #66]	; 0x42
 8004b8c:	6122      	str	r2, [r4, #16]
 8004b8e:	e7bb      	b.n	8004b08 <_printf_i+0x100>
 8004b90:	682b      	ldr	r3, [r5, #0]
 8004b92:	6862      	ldr	r2, [r4, #4]
 8004b94:	1d19      	adds	r1, r3, #4
 8004b96:	6029      	str	r1, [r5, #0]
 8004b98:	f8d3 9000 	ldr.w	r9, [r3]
 8004b9c:	2100      	movs	r1, #0
 8004b9e:	4648      	mov	r0, r9
 8004ba0:	f000 f88e 	bl	8004cc0 <memchr>
 8004ba4:	2800      	cmp	r0, #0
 8004ba6:	f000 8081 	beq.w	8004cac <_printf_i+0x2a4>
 8004baa:	eba0 0009 	sub.w	r0, r0, r9
 8004bae:	6060      	str	r0, [r4, #4]
 8004bb0:	6120      	str	r0, [r4, #16]
 8004bb2:	e7a9      	b.n	8004b08 <_printf_i+0x100>
 8004bb4:	6823      	ldr	r3, [r4, #0]
 8004bb6:	f043 0320 	orr.w	r3, r3, #32
 8004bba:	6023      	str	r3, [r4, #0]
 8004bbc:	2278      	movs	r2, #120	; 0x78
 8004bbe:	f8df e0f4 	ldr.w	lr, [pc, #244]	; 8004cb4 <_printf_i+0x2ac>
 8004bc2:	f884 2045 	strb.w	r2, [r4, #69]	; 0x45
 8004bc6:	682a      	ldr	r2, [r5, #0]
 8004bc8:	1d11      	adds	r1, r2, #4
 8004bca:	6029      	str	r1, [r5, #0]
 8004bcc:	0619      	lsls	r1, r3, #24
 8004bce:	d443      	bmi.n	8004c58 <_printf_i+0x250>
 8004bd0:	065d      	lsls	r5, r3, #25
 8004bd2:	d541      	bpl.n	8004c58 <_printf_i+0x250>
 8004bd4:	8811      	ldrh	r1, [r2, #0]
 8004bd6:	07d8      	lsls	r0, r3, #31
 8004bd8:	bf44      	itt	mi
 8004bda:	f043 0320 	orrmi.w	r3, r3, #32
 8004bde:	6023      	strmi	r3, [r4, #0]
 8004be0:	2900      	cmp	r1, #0
 8004be2:	d144      	bne.n	8004c6e <_printf_i+0x266>
 8004be4:	6823      	ldr	r3, [r4, #0]
 8004be6:	f023 0320 	bic.w	r3, r3, #32
 8004bea:	6023      	str	r3, [r4, #0]
 8004bec:	2510      	movs	r5, #16
 8004bee:	e7ae      	b.n	8004b4e <_printf_i+0x146>
 8004bf0:	2358      	movs	r3, #88	; 0x58
 8004bf2:	f884 3045 	strb.w	r3, [r4, #69]	; 0x45
 8004bf6:	f8df e0b8 	ldr.w	lr, [pc, #184]	; 8004cb0 <_printf_i+0x2a8>
 8004bfa:	6823      	ldr	r3, [r4, #0]
 8004bfc:	e7e3      	b.n	8004bc6 <_printf_i+0x1be>
 8004bfe:	6823      	ldr	r3, [r4, #0]
 8004c00:	e7dc      	b.n	8004bbc <_printf_i+0x1b4>
 8004c02:	6862      	ldr	r2, [r4, #4]
 8004c04:	60a2      	str	r2, [r4, #8]
 8004c06:	202d      	movs	r0, #45	; 0x2d
 8004c08:	2a00      	cmp	r2, #0
 8004c0a:	f1c1 0100 	rsb	r1, r1, #0
 8004c0e:	f884 0043 	strb.w	r0, [r4, #67]	; 0x43
 8004c12:	db02      	blt.n	8004c1a <_printf_i+0x212>
 8004c14:	f023 0304 	bic.w	r3, r3, #4
 8004c18:	6023      	str	r3, [r4, #0]
 8004c1a:	f8df e094 	ldr.w	lr, [pc, #148]	; 8004cb0 <_printf_i+0x2a8>
 8004c1e:	250a      	movs	r5, #10
 8004c20:	46e1      	mov	r9, ip
 8004c22:	fbb1 f3f5 	udiv	r3, r1, r5
 8004c26:	fb05 1013 	mls	r0, r5, r3, r1
 8004c2a:	460a      	mov	r2, r1
 8004c2c:	42aa      	cmp	r2, r5
 8004c2e:	f81e 1000 	ldrb.w	r1, [lr, r0]
 8004c32:	f809 1d01 	strb.w	r1, [r9, #-1]!
 8004c36:	4619      	mov	r1, r3
 8004c38:	d2f3      	bcs.n	8004c22 <_printf_i+0x21a>
 8004c3a:	2d08      	cmp	r5, #8
 8004c3c:	d199      	bne.n	8004b72 <_printf_i+0x16a>
 8004c3e:	6823      	ldr	r3, [r4, #0]
 8004c40:	07d9      	lsls	r1, r3, #31
 8004c42:	d596      	bpl.n	8004b72 <_printf_i+0x16a>
 8004c44:	6862      	ldr	r2, [r4, #4]
 8004c46:	6923      	ldr	r3, [r4, #16]
 8004c48:	429a      	cmp	r2, r3
 8004c4a:	dc92      	bgt.n	8004b72 <_printf_i+0x16a>
 8004c4c:	2330      	movs	r3, #48	; 0x30
 8004c4e:	f809 3c01 	strb.w	r3, [r9, #-1]
 8004c52:	f109 39ff 	add.w	r9, r9, #4294967295	; 0xffffffff
 8004c56:	e78c      	b.n	8004b72 <_printf_i+0x16a>
 8004c58:	6811      	ldr	r1, [r2, #0]
 8004c5a:	e7bc      	b.n	8004bd6 <_printf_i+0x1ce>
 8004c5c:	2900      	cmp	r1, #0
 8004c5e:	d1df      	bne.n	8004c20 <_printf_i+0x218>
 8004c60:	f89e 3000 	ldrb.w	r3, [lr]
 8004c64:	f884 3042 	strb.w	r3, [r4, #66]	; 0x42
 8004c68:	f104 0942 	add.w	r9, r4, #66	; 0x42
 8004c6c:	e77f      	b.n	8004b6e <_printf_i+0x166>
 8004c6e:	2510      	movs	r5, #16
 8004c70:	e76d      	b.n	8004b4e <_printf_i+0x146>
 8004c72:	f013 0f40 	tst.w	r3, #64	; 0x40
 8004c76:	682b      	ldr	r3, [r5, #0]
 8004c78:	f103 0104 	add.w	r1, r3, #4
 8004c7c:	6029      	str	r1, [r5, #0]
 8004c7e:	bf0c      	ite	eq
 8004c80:	6819      	ldreq	r1, [r3, #0]
 8004c82:	8819      	ldrhne	r1, [r3, #0]
 8004c84:	e75d      	b.n	8004b42 <_printf_i+0x13a>
 8004c86:	f013 0f40 	tst.w	r3, #64	; 0x40
 8004c8a:	682b      	ldr	r3, [r5, #0]
 8004c8c:	6962      	ldr	r2, [r4, #20]
 8004c8e:	f103 0104 	add.w	r1, r3, #4
 8004c92:	6029      	str	r1, [r5, #0]
 8004c94:	681b      	ldr	r3, [r3, #0]
 8004c96:	bf14      	ite	ne
 8004c98:	801a      	strhne	r2, [r3, #0]
 8004c9a:	601a      	streq	r2, [r3, #0]
 8004c9c:	e6f5      	b.n	8004a8a <_printf_i+0x82>
 8004c9e:	682a      	ldr	r2, [r5, #0]
 8004ca0:	f9b2 1000 	ldrsh.w	r1, [r2]
 8004ca4:	3204      	adds	r2, #4
 8004ca6:	602a      	str	r2, [r5, #0]
 8004ca8:	460a      	mov	r2, r1
 8004caa:	e73c      	b.n	8004b26 <_printf_i+0x11e>
 8004cac:	6860      	ldr	r0, [r4, #4]
 8004cae:	e77f      	b.n	8004bb0 <_printf_i+0x1a8>
 8004cb0:	08006540 	.word	0x08006540
 8004cb4:	08006554 	.word	0x08006554
 8004cb8:	00000000 	.word	0x00000000
 8004cbc:	00000000 	.word	0x00000000

08004cc0 <memchr>:
 8004cc0:	f001 01ff 	and.w	r1, r1, #255	; 0xff
 8004cc4:	2a10      	cmp	r2, #16
 8004cc6:	db2b      	blt.n	8004d20 <memchr+0x60>
 8004cc8:	f010 0f07 	tst.w	r0, #7
 8004ccc:	d008      	beq.n	8004ce0 <memchr+0x20>
 8004cce:	f810 3b01 	ldrb.w	r3, [r0], #1
 8004cd2:	3a01      	subs	r2, #1
 8004cd4:	428b      	cmp	r3, r1
 8004cd6:	d02d      	beq.n	8004d34 <memchr+0x74>
 8004cd8:	f010 0f07 	tst.w	r0, #7
 8004cdc:	b342      	cbz	r2, 8004d30 <memchr+0x70>
 8004cde:	d1f6      	bne.n	8004cce <memchr+0xe>
 8004ce0:	b4f0      	push	{r4, r5, r6, r7}
 8004ce2:	ea41 2101 	orr.w	r1, r1, r1, lsl #8
 8004ce6:	ea41 4101 	orr.w	r1, r1, r1, lsl #16
 8004cea:	f022 0407 	bic.w	r4, r2, #7
 8004cee:	f07f 0700 	mvns.w	r7, #0
 8004cf2:	2300      	movs	r3, #0
 8004cf4:	e8f0 5602 	ldrd	r5, r6, [r0], #8
 8004cf8:	3c08      	subs	r4, #8
 8004cfa:	ea85 0501 	eor.w	r5, r5, r1
 8004cfe:	ea86 0601 	eor.w	r6, r6, r1
 8004d02:	fa85 f547 	uadd8	r5, r5, r7
 8004d06:	faa3 f587 	sel	r5, r3, r7
 8004d0a:	fa86 f647 	uadd8	r6, r6, r7
 8004d0e:	faa5 f687 	sel	r6, r5, r7
 8004d12:	b98e      	cbnz	r6, 8004d38 <memchr+0x78>
 8004d14:	d1ee      	bne.n	8004cf4 <memchr+0x34>
 8004d16:	bcf0      	pop	{r4, r5, r6, r7}
 8004d18:	f001 01ff 	and.w	r1, r1, #255	; 0xff
 8004d1c:	f002 0207 	and.w	r2, r2, #7
 8004d20:	b132      	cbz	r2, 8004d30 <memchr+0x70>
 8004d22:	f810 3b01 	ldrb.w	r3, [r0], #1
 8004d26:	3a01      	subs	r2, #1
 8004d28:	ea83 0301 	eor.w	r3, r3, r1
 8004d2c:	b113      	cbz	r3, 8004d34 <memchr+0x74>
 8004d2e:	d1f8      	bne.n	8004d22 <memchr+0x62>
 8004d30:	2000      	movs	r0, #0
 8004d32:	4770      	bx	lr
 8004d34:	3801      	subs	r0, #1
 8004d36:	4770      	bx	lr
 8004d38:	2d00      	cmp	r5, #0
 8004d3a:	bf06      	itte	eq
 8004d3c:	4635      	moveq	r5, r6
 8004d3e:	3803      	subeq	r0, #3
 8004d40:	3807      	subne	r0, #7
 8004d42:	f015 0f01 	tst.w	r5, #1
 8004d46:	d107      	bne.n	8004d58 <memchr+0x98>
 8004d48:	3001      	adds	r0, #1
 8004d4a:	f415 7f80 	tst.w	r5, #256	; 0x100
 8004d4e:	bf02      	ittt	eq
 8004d50:	3001      	addeq	r0, #1
 8004d52:	f415 3fc0 	tsteq.w	r5, #98304	; 0x18000
 8004d56:	3001      	addeq	r0, #1
 8004d58:	bcf0      	pop	{r4, r5, r6, r7}
 8004d5a:	3801      	subs	r0, #1
 8004d5c:	4770      	bx	lr
 8004d5e:	bf00      	nop

08004d60 <memcpy>:
 8004d60:	4684      	mov	ip, r0
 8004d62:	ea41 0300 	orr.w	r3, r1, r0
 8004d66:	f013 0303 	ands.w	r3, r3, #3
 8004d6a:	d16d      	bne.n	8004e48 <memcpy+0xe8>
 8004d6c:	3a40      	subs	r2, #64	; 0x40
 8004d6e:	d341      	bcc.n	8004df4 <memcpy+0x94>
 8004d70:	f851 3b04 	ldr.w	r3, [r1], #4
 8004d74:	f840 3b04 	str.w	r3, [r0], #4
 8004d78:	f851 3b04 	ldr.w	r3, [r1], #4
 8004d7c:	f840 3b04 	str.w	r3, [r0], #4
 8004d80:	f851 3b04 	ldr.w	r3, [r1], #4
 8004d84:	f840 3b04 	str.w	r3, [r0], #4
 8004d88:	f851 3b04 	ldr.w	r3, [r1], #4
 8004d8c:	f840 3b04 	str.w	r3, [r0], #4
 8004d90:	f851 3b04 	ldr.w	r3, [r1], #4
 8004d94:	f840 3b04 	str.w	r3, [r0], #4
 8004d98:	f851 3b04 	ldr.w	r3, [r1], #4
 8004d9c:	f840 3b04 	str.w	r3, [r0], #4
 8004da0:	f851 3b04 	ldr.w	r3, [r1], #4
 8004da4:	f840 3b04 	str.w	r3, [r0], #4
 8004da8:	f851 3b04 	ldr.w	r3, [r1], #4
 8004dac:	f840 3b04 	str.w	r3, [r0], #4
 8004db0:	f851 3b04 	ldr.w	r3, [r1], #4
 8004db4:	f840 3b04 	str.w	r3, [r0], #4
 8004db8:	f851 3b04 	ldr.w	r3, [r1], #4
 8004dbc:	f840 3b04 	str.w	r3, [r0], #4
 8004dc0:	f851 3b04 	ldr.w	r3, [r1], #4
 8004dc4:	f840 3b04 	str.w	r3, [r0], #4
 8004dc8:	f851 3b04 	ldr.w	r3, [r1], #4
 8004dcc:	f840 3b04 	str.w	r3, [r0], #4
 8004dd0:	f851 3b04 	ldr.w	r3, [r1], #4
 8004dd4:	f840 3b04 	str.w	r3, [r0], #4
 8004dd8:	f851 3b04 	ldr.w	r3, [r1], #4
 8004ddc:	f840 3b04 	str.w	r3, [r0], #4
 8004de0:	f851 3b04 	ldr.w	r3, [r1], #4
 8004de4:	f840 3b04 	str.w	r3, [r0], #4
 8004de8:	f851 3b04 	ldr.w	r3, [r1], #4
 8004dec:	f840 3b04 	str.w	r3, [r0], #4
 8004df0:	3a40      	subs	r2, #64	; 0x40
 8004df2:	d2bd      	bcs.n	8004d70 <memcpy+0x10>
 8004df4:	3230      	adds	r2, #48	; 0x30
 8004df6:	d311      	bcc.n	8004e1c <memcpy+0xbc>
 8004df8:	f851 3b04 	ldr.w	r3, [r1], #4
 8004dfc:	f840 3b04 	str.w	r3, [r0], #4
 8004e00:	f851 3b04 	ldr.w	r3, [r1], #4
 8004e04:	f840 3b04 	str.w	r3, [r0], #4
 8004e08:	f851 3b04 	ldr.w	r3, [r1], #4
 8004e0c:	f840 3b04 	str.w	r3, [r0], #4
 8004e10:	f851 3b04 	ldr.w	r3, [r1], #4
 8004e14:	f840 3b04 	str.w	r3, [r0], #4
 8004e18:	3a10      	subs	r2, #16
 8004e1a:	d2ed      	bcs.n	8004df8 <memcpy+0x98>
 8004e1c:	320c      	adds	r2, #12
 8004e1e:	d305      	bcc.n	8004e2c <memcpy+0xcc>
 8004e20:	f851 3b04 	ldr.w	r3, [r1], #4
 8004e24:	f840 3b04 	str.w	r3, [r0], #4
 8004e28:	3a04      	subs	r2, #4
 8004e2a:	d2f9      	bcs.n	8004e20 <memcpy+0xc0>
 8004e2c:	3204      	adds	r2, #4
 8004e2e:	d008      	beq.n	8004e42 <memcpy+0xe2>
 8004e30:	07d2      	lsls	r2, r2, #31
 8004e32:	bf1c      	itt	ne
 8004e34:	f811 3b01 	ldrbne.w	r3, [r1], #1
 8004e38:	f800 3b01 	strbne.w	r3, [r0], #1
 8004e3c:	d301      	bcc.n	8004e42 <memcpy+0xe2>
 8004e3e:	880b      	ldrh	r3, [r1, #0]
 8004e40:	8003      	strh	r3, [r0, #0]
 8004e42:	4660      	mov	r0, ip
 8004e44:	4770      	bx	lr
 8004e46:	bf00      	nop
 8004e48:	2a08      	cmp	r2, #8
 8004e4a:	d313      	bcc.n	8004e74 <memcpy+0x114>
 8004e4c:	078b      	lsls	r3, r1, #30
 8004e4e:	d08d      	beq.n	8004d6c <memcpy+0xc>
 8004e50:	f010 0303 	ands.w	r3, r0, #3
 8004e54:	d08a      	beq.n	8004d6c <memcpy+0xc>
 8004e56:	f1c3 0304 	rsb	r3, r3, #4
 8004e5a:	1ad2      	subs	r2, r2, r3
 8004e5c:	07db      	lsls	r3, r3, #31
 8004e5e:	bf1c      	itt	ne
 8004e60:	f811 3b01 	ldrbne.w	r3, [r1], #1
 8004e64:	f800 3b01 	strbne.w	r3, [r0], #1
 8004e68:	d380      	bcc.n	8004d6c <memcpy+0xc>
 8004e6a:	f831 3b02 	ldrh.w	r3, [r1], #2
 8004e6e:	f820 3b02 	strh.w	r3, [r0], #2
 8004e72:	e77b      	b.n	8004d6c <memcpy+0xc>
 8004e74:	3a04      	subs	r2, #4
 8004e76:	d3d9      	bcc.n	8004e2c <memcpy+0xcc>
 8004e78:	3a01      	subs	r2, #1
 8004e7a:	f811 3b01 	ldrb.w	r3, [r1], #1
 8004e7e:	f800 3b01 	strb.w	r3, [r0], #1
 8004e82:	d2f9      	bcs.n	8004e78 <memcpy+0x118>
 8004e84:	780b      	ldrb	r3, [r1, #0]
 8004e86:	7003      	strb	r3, [r0, #0]
 8004e88:	784b      	ldrb	r3, [r1, #1]
 8004e8a:	7043      	strb	r3, [r0, #1]
 8004e8c:	788b      	ldrb	r3, [r1, #2]
 8004e8e:	7083      	strb	r3, [r0, #2]
 8004e90:	4660      	mov	r0, ip
 8004e92:	4770      	bx	lr

08004e94 <memmove>:
 8004e94:	4288      	cmp	r0, r1
 8004e96:	d90d      	bls.n	8004eb4 <memmove+0x20>
 8004e98:	188b      	adds	r3, r1, r2
 8004e9a:	4283      	cmp	r3, r0
 8004e9c:	d90a      	bls.n	8004eb4 <memmove+0x20>
 8004e9e:	eb00 0c02 	add.w	ip, r0, r2
 8004ea2:	b1ba      	cbz	r2, 8004ed4 <memmove+0x40>
 8004ea4:	4662      	mov	r2, ip
 8004ea6:	f813 cd01 	ldrb.w	ip, [r3, #-1]!
 8004eaa:	f802 cd01 	strb.w	ip, [r2, #-1]!
 8004eae:	4299      	cmp	r1, r3
 8004eb0:	d1f9      	bne.n	8004ea6 <memmove+0x12>
 8004eb2:	4770      	bx	lr
 8004eb4:	2a0f      	cmp	r2, #15
 8004eb6:	d80e      	bhi.n	8004ed6 <memmove+0x42>
 8004eb8:	4603      	mov	r3, r0
 8004eba:	f102 3cff 	add.w	ip, r2, #4294967295	; 0xffffffff
 8004ebe:	b14a      	cbz	r2, 8004ed4 <memmove+0x40>
 8004ec0:	f10c 0c01 	add.w	ip, ip, #1
 8004ec4:	3b01      	subs	r3, #1
 8004ec6:	448c      	add	ip, r1
 8004ec8:	f811 2b01 	ldrb.w	r2, [r1], #1
 8004ecc:	f803 2f01 	strb.w	r2, [r3, #1]!
 8004ed0:	4561      	cmp	r1, ip
 8004ed2:	d1f9      	bne.n	8004ec8 <memmove+0x34>
 8004ed4:	4770      	bx	lr
 8004ed6:	ea40 0301 	orr.w	r3, r0, r1
 8004eda:	079b      	lsls	r3, r3, #30
 8004edc:	d150      	bne.n	8004f80 <memmove+0xec>
 8004ede:	f1a2 0310 	sub.w	r3, r2, #16
 8004ee2:	b570      	push	{r4, r5, r6, lr}
 8004ee4:	f101 0c20 	add.w	ip, r1, #32
 8004ee8:	f023 050f 	bic.w	r5, r3, #15
 8004eec:	f101 0e10 	add.w	lr, r1, #16
 8004ef0:	f100 0410 	add.w	r4, r0, #16
 8004ef4:	44ac      	add	ip, r5
 8004ef6:	091b      	lsrs	r3, r3, #4
 8004ef8:	f85e 5c10 	ldr.w	r5, [lr, #-16]
 8004efc:	f844 5c10 	str.w	r5, [r4, #-16]
 8004f00:	f85e 5c0c 	ldr.w	r5, [lr, #-12]
 8004f04:	f844 5c0c 	str.w	r5, [r4, #-12]
 8004f08:	f85e 5c08 	ldr.w	r5, [lr, #-8]
 8004f0c:	f844 5c08 	str.w	r5, [r4, #-8]
 8004f10:	f85e 5c04 	ldr.w	r5, [lr, #-4]
 8004f14:	f844 5c04 	str.w	r5, [r4, #-4]
 8004f18:	f10e 0e10 	add.w	lr, lr, #16
 8004f1c:	45e6      	cmp	lr, ip
 8004f1e:	f104 0410 	add.w	r4, r4, #16
 8004f22:	d1e9      	bne.n	8004ef8 <memmove+0x64>
 8004f24:	3301      	adds	r3, #1
 8004f26:	f012 0f0c 	tst.w	r2, #12
 8004f2a:	eb01 1103 	add.w	r1, r1, r3, lsl #4
 8004f2e:	f002 040f 	and.w	r4, r2, #15
 8004f32:	eb00 1303 	add.w	r3, r0, r3, lsl #4
 8004f36:	d027      	beq.n	8004f88 <memmove+0xf4>
 8004f38:	3c04      	subs	r4, #4
 8004f3a:	f024 0603 	bic.w	r6, r4, #3
 8004f3e:	ea4f 0c94 	mov.w	ip, r4, lsr #2
 8004f42:	441e      	add	r6, r3
 8004f44:	1f1c      	subs	r4, r3, #4
 8004f46:	468e      	mov	lr, r1
 8004f48:	f85e 5b04 	ldr.w	r5, [lr], #4
 8004f4c:	f844 5f04 	str.w	r5, [r4, #4]!
 8004f50:	42b4      	cmp	r4, r6
 8004f52:	d1f9      	bne.n	8004f48 <memmove+0xb4>
 8004f54:	f10c 0401 	add.w	r4, ip, #1
 8004f58:	f002 0203 	and.w	r2, r2, #3
 8004f5c:	eb03 0384 	add.w	r3, r3, r4, lsl #2
 8004f60:	eb01 0184 	add.w	r1, r1, r4, lsl #2
 8004f64:	f102 3cff 	add.w	ip, r2, #4294967295	; 0xffffffff
 8004f68:	b14a      	cbz	r2, 8004f7e <memmove+0xea>
 8004f6a:	f10c 0c01 	add.w	ip, ip, #1
 8004f6e:	3b01      	subs	r3, #1
 8004f70:	448c      	add	ip, r1
 8004f72:	f811 2b01 	ldrb.w	r2, [r1], #1
 8004f76:	f803 2f01 	strb.w	r2, [r3, #1]!
 8004f7a:	4561      	cmp	r1, ip
 8004f7c:	d1f9      	bne.n	8004f72 <memmove+0xde>
 8004f7e:	bd70      	pop	{r4, r5, r6, pc}
 8004f80:	f102 3cff 	add.w	ip, r2, #4294967295	; 0xffffffff
 8004f84:	4603      	mov	r3, r0
 8004f86:	e79b      	b.n	8004ec0 <memmove+0x2c>
 8004f88:	4622      	mov	r2, r4
 8004f8a:	e7eb      	b.n	8004f64 <memmove+0xd0>

08004f8c <_realloc_r>:
 8004f8c:	b5f8      	push	{r3, r4, r5, r6, r7, lr}
 8004f8e:	4614      	mov	r4, r2
 8004f90:	b1f9      	cbz	r1, 8004fd2 <_realloc_r+0x46>
 8004f92:	b1ca      	cbz	r2, 8004fc8 <_realloc_r+0x3c>
 8004f94:	4606      	mov	r6, r0
 8004f96:	460d      	mov	r5, r1
 8004f98:	f000 f820 	bl	8004fdc <_malloc_usable_size_r>
 8004f9c:	42a0      	cmp	r0, r4
 8004f9e:	d302      	bcc.n	8004fa6 <_realloc_r+0x1a>
 8004fa0:	462f      	mov	r7, r5
 8004fa2:	4638      	mov	r0, r7
 8004fa4:	bdf8      	pop	{r3, r4, r5, r6, r7, pc}
 8004fa6:	4621      	mov	r1, r4
 8004fa8:	4630      	mov	r0, r6
 8004faa:	f7ff f9f3 	bl	8004394 <_malloc_r>
 8004fae:	4607      	mov	r7, r0
 8004fb0:	2800      	cmp	r0, #0
 8004fb2:	d0f6      	beq.n	8004fa2 <_realloc_r+0x16>
 8004fb4:	4622      	mov	r2, r4
 8004fb6:	4629      	mov	r1, r5
 8004fb8:	f7ff fed2 	bl	8004d60 <memcpy>
 8004fbc:	4630      	mov	r0, r6
 8004fbe:	4629      	mov	r1, r5
 8004fc0:	f7ff f98a 	bl	80042d8 <_free_r>
 8004fc4:	4638      	mov	r0, r7
 8004fc6:	bdf8      	pop	{r3, r4, r5, r6, r7, pc}
 8004fc8:	4627      	mov	r7, r4
 8004fca:	f7ff f985 	bl	80042d8 <_free_r>
 8004fce:	4638      	mov	r0, r7
 8004fd0:	bdf8      	pop	{r3, r4, r5, r6, r7, pc}
 8004fd2:	e8bd 40f8 	ldmia.w	sp!, {r3, r4, r5, r6, r7, lr}
 8004fd6:	4611      	mov	r1, r2
 8004fd8:	f7ff b9dc 	b.w	8004394 <_malloc_r>

08004fdc <_malloc_usable_size_r>:
 8004fdc:	f851 0c04 	ldr.w	r0, [r1, #-4]
 8004fe0:	2800      	cmp	r0, #0
 8004fe2:	f1a0 0004 	sub.w	r0, r0, #4
 8004fe6:	bfbc      	itt	lt
 8004fe8:	580b      	ldrlt	r3, [r1, r0]
 8004fea:	18c0      	addlt	r0, r0, r3
 8004fec:	4770      	bx	lr
 8004fee:	bf00      	nop

08004ff0 <my_puts>:

static void delay_2_ms(void);


void my_puts(char *c)
{
 8004ff0:	b510      	push	{r4, lr}
 8004ff2:	4604      	mov	r4, r0
  do {
    putch(*c);
 8004ff4:	7820      	ldrb	r0, [r4, #0]
 8004ff6:	f000 faa9 	bl	800554c <putch>

  } while (*++c);
 8004ffa:	f814 3f01 	ldrb.w	r3, [r4, #1]!
 8004ffe:	2b00      	cmp	r3, #0
 8005000:	d1f8      	bne.n	8004ff4 <my_puts+0x4>
}
 8005002:	bd10      	pop	{r4, pc}

08005004 <my_read>:
    ;
  }
}

void my_read(char *buf, int len)
{
 8005004:	b5f8      	push	{r3, r4, r5, r6, r7, lr}
 8005006:	4604      	mov	r4, r0
 8005008:	460e      	mov	r6, r1
  for(int i = 0; i < len; i++) {
 800500a:	2500      	movs	r5, #0
 800500c:	42b5      	cmp	r5, r6
 800500e:	da0c      	bge.n	800502a <my_read+0x26>
 8005010:	1967      	adds	r7, r4, r5
    while (buf[i] = getch(), buf[i] == '\0');
 8005012:	f000 fa81 	bl	8005518 <getch>
 8005016:	5560      	strb	r0, [r4, r5]
 8005018:	2800      	cmp	r0, #0
 800501a:	d0fa      	beq.n	8005012 <my_read+0xe>

    if (buf[i] == '\n') {
 800501c:	280a      	cmp	r0, #10
 800501e:	d102      	bne.n	8005026 <my_read+0x22>
      buf[i] = '\0';
 8005020:	2300      	movs	r3, #0
 8005022:	703b      	strb	r3, [r7, #0]
      return;
    }
  }
  buf[len - 1] = '\0';
}
 8005024:	bdf8      	pop	{r3, r4, r5, r6, r7, pc}
  for(int i = 0; i < len; i++) {
 8005026:	3501      	adds	r5, #1
 8005028:	e7f0      	b.n	800500c <my_read+0x8>
  buf[len - 1] = '\0';
 800502a:	4434      	add	r4, r6
 800502c:	2300      	movs	r3, #0
 800502e:	f804 3c01 	strb.w	r3, [r4, #-1]
 8005032:	e7f7      	b.n	8005024 <my_read+0x20>

08005034 <print_int_array_serial>:
    );
  }
}


void print_int_array_serial(const int *arr, int len) {
 8005034:	e92d 41ff 	stmdb	sp!, {r0, r1, r2, r3, r4, r5, r6, r7, r8, lr}
    char buffer[16]; // Temporary buffer to hold string representations of integers
    for (int i = 0; i < len; i++) {
        // Convert integer to string
        sprintf(buffer, "%d ", arr[i]);
 8005038:	f8df 8034 	ldr.w	r8, [pc, #52]	; 8005070 <print_int_array_serial+0x3c>
void print_int_array_serial(const int *arr, int len) {
 800503c:	4606      	mov	r6, r0
 800503e:	460d      	mov	r5, r1
    for (int i = 0; i < len; i++) {
 8005040:	2400      	movs	r4, #0
 8005042:	42ac      	cmp	r4, r5
 8005044:	db05      	blt.n	8005052 <print_int_array_serial+0x1e>
        // Send the string over serial
        for (char *ptr = buffer; *ptr != '\0'; ptr++) {
            putch(*ptr); // Send each character
        }
    }
    putch('\n'); // Add a newline for better readability
 8005046:	200a      	movs	r0, #10
 8005048:	f000 fa80 	bl	800554c <putch>
}
 800504c:	b004      	add	sp, #16
 800504e:	e8bd 81f0 	ldmia.w	sp!, {r4, r5, r6, r7, r8, pc}
        sprintf(buffer, "%d ", arr[i]);
 8005052:	f856 2024 	ldr.w	r2, [r6, r4, lsl #2]
 8005056:	4641      	mov	r1, r8
 8005058:	4668      	mov	r0, sp
 800505a:	f7ff fa23 	bl	80044a4 <siprintf>
        for (char *ptr = buffer; *ptr != '\0'; ptr++) {
 800505e:	466f      	mov	r7, sp
 8005060:	f817 0b01 	ldrb.w	r0, [r7], #1
 8005064:	b908      	cbnz	r0, 800506a <print_int_array_serial+0x36>
    for (int i = 0; i < len; i++) {
 8005066:	3401      	adds	r4, #1
 8005068:	e7eb      	b.n	8005042 <print_int_array_serial+0xe>
            putch(*ptr); // Send each character
 800506a:	f000 fa6f 	bl	800554c <putch>
        for (char *ptr = buffer; *ptr != '\0'; ptr++) {
 800506e:	e7f7      	b.n	8005060 <print_int_array_serial+0x2c>
 8005070:	08006468 	.word	0x08006468

08005074 <reverse_bit>:
}


int reverse_bit(int num, int s) {
    int res = 0;
    for (int i = 0; i < s; i++) {
 8005074:	2300      	movs	r3, #0
int reverse_bit(int num, int s) {
 8005076:	b570      	push	{r4, r5, r6, lr}
 8005078:	4602      	mov	r2, r0
        if (num & (1 << i))
            res |= 1 << (s - 1 - i);
 800507a:	1e4d      	subs	r5, r1, #1
    int res = 0;
 800507c:	4618      	mov	r0, r3
            res |= 1 << (s - 1 - i);
 800507e:	2601      	movs	r6, #1
    for (int i = 0; i < s; i++) {
 8005080:	428b      	cmp	r3, r1
 8005082:	db00      	blt.n	8005086 <reverse_bit+0x12>
    }
    return res;
}
 8005084:	bd70      	pop	{r4, r5, r6, pc}
        if (num & (1 << i))
 8005086:	fa42 f403 	asr.w	r4, r2, r3
 800508a:	07e4      	lsls	r4, r4, #31
            res |= 1 << (s - 1 - i);
 800508c:	bf42      	ittt	mi
 800508e:	1aec      	submi	r4, r5, r3
 8005090:	fa06 f404 	lslmi.w	r4, r6, r4
 8005094:	4320      	orrmi	r0, r4
    for (int i = 0; i < s; i++) {
 8005096:	3301      	adds	r3, #1
 8005098:	e7f2      	b.n	8005080 <reverse_bit+0xc>

0800509a <reverse_array>:

void reverse_array(float complex *X, int N, int s){
 800509a:	e92d 41f0 	stmdb	sp!, {r4, r5, r6, r7, r8, lr}
 800509e:	460e      	mov	r6, r1
 80050a0:	4605      	mov	r5, r0
 80050a2:	4611      	mov	r1, r2
    for(int i = 0; i < N; i ++){
 80050a4:	2400      	movs	r4, #0
 80050a6:	42b4      	cmp	r4, r6
 80050a8:	db01      	blt.n	80050ae <reverse_array+0x14>
          float complex tmp = X[i];
            X[i] = X[rb];
            X[rb] = tmp;
        }
    }
}
 80050aa:	e8bd 81f0 	ldmia.w	sp!, {r4, r5, r6, r7, r8, pc}
        int rb = reverse_bit(i,s);
 80050ae:	4620      	mov	r0, r4
 80050b0:	f7ff ffe0 	bl	8005074 <reverse_bit>
        if(i < rb){
 80050b4:	4284      	cmp	r4, r0
 80050b6:	da11      	bge.n	80050dc <reverse_array+0x42>
          float complex tmp = X[i];
 80050b8:	eb05 02c4 	add.w	r2, r5, r4, lsl #3
            X[i] = X[rb];
 80050bc:	eb05 03c0 	add.w	r3, r5, r0, lsl #3
          float complex tmp = X[i];
 80050c0:	f855 c034 	ldr.w	ip, [r5, r4, lsl #3]
 80050c4:	6857      	ldr	r7, [r2, #4]
            X[i] = X[rb];
 80050c6:	f855 8030 	ldr.w	r8, [r5, r0, lsl #3]
 80050ca:	f8d3 e004 	ldr.w	lr, [r3, #4]
 80050ce:	f845 8034 	str.w	r8, [r5, r4, lsl #3]
 80050d2:	f8c2 e004 	str.w	lr, [r2, #4]
            X[rb] = tmp;
 80050d6:	f845 c030 	str.w	ip, [r5, r0, lsl #3]
 80050da:	605f      	str	r7, [r3, #4]
    for(int i = 0; i < N; i ++){
 80050dc:	3401      	adds	r4, #1
 80050de:	e7e2      	b.n	80050a6 <reverse_array+0xc>

080050e0 <DIT_FFT>:


//https://github.com/Swati-Verma671/Computation-of-DFT-using-Radix-2-DIT-FFT-algorithm/blob/main/code.m
void DIT_FFT(float complex *X, int N){
 80050e0:	e92d 4ff0 	stmdb	sp!, {r4, r5, r6, r7, r8, r9, sl, fp, lr}
 80050e4:	b095      	sub	sp, #84	; 0x54
 80050e6:	4606      	mov	r6, r0

    //int collected = 0;

    int s = round(log2(N));
 80050e8:	4608      	mov	r0, r1
void DIT_FFT(float complex *X, int N){
 80050ea:	9108      	str	r1, [sp, #32]
    int s = round(log2(N));
 80050ec:	f7fe f858 	bl	80031a0 <__aeabi_i2d>
 80050f0:	f7fb fa16 	bl	8000520 <log>
 80050f4:	a37a      	add	r3, pc, #488	; (adr r3, 80052e0 <DIT_FFT+0x200>)
 80050f6:	e9d3 2300 	ldrd	r2, r3, [r3]
 80050fa:	f7fe f9e5 	bl	80034c8 <__aeabi_ddiv>
 80050fe:	f7fb f92b 	bl	8000358 <round>
 8005102:	f7fe fb67 	bl	80037d4 <__aeabi_d2iz>
    reverse_array(X,N,s);
 8005106:	9908      	ldr	r1, [sp, #32]
    int s = round(log2(N));
 8005108:	9009      	str	r0, [sp, #36]	; 0x24
    reverse_array(X,N,s);
 800510a:	4602      	mov	r2, r0
 800510c:	4630      	mov	r0, r6
 800510e:	f7ff ffc4 	bl	800509a <reverse_array>
    for(int stage=1; stage <= s; stage++){
 8005112:	f04f 0b01 	mov.w	fp, #1
 8005116:	9b09      	ldr	r3, [sp, #36]	; 0x24
 8005118:	459b      	cmp	fp, r3
 800511a:	dd02      	ble.n	8005122 <DIT_FFT+0x42>
                q = q + pow(2,stage-1);
                n=0;
            }
        }
    }
}
 800511c:	b015      	add	sp, #84	; 0x54
 800511e:	e8bd 8ff0 	ldmia.w	sp!, {r4, r5, r6, r7, r8, r9, sl, fp, pc}
        int q = 0 + pow(2,stage-1);
 8005122:	f10b 30ff 	add.w	r0, fp, #4294967295	; 0xffffffff
 8005126:	f7fe f83b 	bl	80031a0 <__aeabi_i2d>
 800512a:	e9cd 0102 	strd	r0, r1, [sp, #8]
 800512e:	4602      	mov	r2, r0
 8005130:	460b      	mov	r3, r1
 8005132:	2000      	movs	r0, #0
 8005134:	f04f 4180 	mov.w	r1, #1073741824	; 0x40000000
 8005138:	f7fb fa2c 	bl	8000594 <pow>
 800513c:	2200      	movs	r2, #0
 800513e:	2300      	movs	r3, #0
 8005140:	f7fd fee2 	bl	8002f08 <__adddf3>
 8005144:	f7fe fb46 	bl	80037d4 <__aeabi_d2iz>
        int p = 0;
 8005148:	2500      	movs	r5, #0
        int q = 0 + pow(2,stage-1);
 800514a:	9005      	str	r0, [sp, #20]
        int p = 0;
 800514c:	9c05      	ldr	r4, [sp, #20]
        while (n<=pow(2,(stage-1))-1 && q <=N)
 800514e:	9b05      	ldr	r3, [sp, #20]
 8005150:	1ae0      	subs	r0, r4, r3
 8005152:	f7fe f825 	bl	80031a0 <__aeabi_i2d>
 8005156:	e9dd 2302 	ldrd	r2, r3, [sp, #8]
 800515a:	4680      	mov	r8, r0
 800515c:	4689      	mov	r9, r1
 800515e:	2000      	movs	r0, #0
 8005160:	f04f 4180 	mov.w	r1, #1073741824	; 0x40000000
 8005164:	f7fb fa16 	bl	8000594 <pow>
 8005168:	4b61      	ldr	r3, [pc, #388]	; (80052f0 <DIT_FFT+0x210>)
 800516a:	2200      	movs	r2, #0
 800516c:	f7fd feca 	bl	8002f04 <__aeabi_dsub>
 8005170:	4602      	mov	r2, r0
 8005172:	460b      	mov	r3, r1
 8005174:	4640      	mov	r0, r8
 8005176:	4649      	mov	r1, r9
 8005178:	f7fe faf8 	bl	800376c <__aeabi_dcmple>
 800517c:	b110      	cbz	r0, 8005184 <DIT_FFT+0xa4>
 800517e:	9b08      	ldr	r3, [sp, #32]
 8005180:	429c      	cmp	r4, r3
 8005182:	dd02      	ble.n	800518a <DIT_FFT+0xaa>
    for(int stage=1; stage <= s; stage++){
 8005184:	f10b 0b01 	add.w	fp, fp, #1
 8005188:	e7c5      	b.n	8005116 <DIT_FFT+0x36>
            float complex w = cexp(-2*I*PI*n/(pow(2,stage)));
 800518a:	4658      	mov	r0, fp
 800518c:	f7fe f808 	bl	80031a0 <__aeabi_i2d>
 8005190:	e9cd 0106 	strd	r0, r1, [sp, #24]
 8005194:	4602      	mov	r2, r0
 8005196:	460b      	mov	r3, r1
 8005198:	2000      	movs	r0, #0
 800519a:	f04f 4180 	mov.w	r1, #1073741824	; 0x40000000
 800519e:	f7fb f9f9 	bl	8000594 <pow>
 80051a2:	2200      	movs	r2, #0
 80051a4:	e9cd 010a 	strd	r0, r1, [sp, #40]	; 0x28
 80051a8:	f04f 4300 	mov.w	r3, #2147483648	; 0x80000000
 80051ac:	4640      	mov	r0, r8
 80051ae:	4649      	mov	r1, r9
 80051b0:	f7fe f860 	bl	8003274 <__aeabi_dmul>
 80051b4:	e9dd 230a 	ldrd	r2, r3, [sp, #40]	; 0x28
 80051b8:	f7fe f986 	bl	80034c8 <__aeabi_ddiv>
 80051bc:	a34a      	add	r3, pc, #296	; (adr r3, 80052e8 <DIT_FFT+0x208>)
 80051be:	e9d3 2300 	ldrd	r2, r3, [r3]
 80051c2:	4682      	mov	sl, r0
 80051c4:	460f      	mov	r7, r1
 80051c6:	4640      	mov	r0, r8
 80051c8:	4649      	mov	r1, r9
 80051ca:	f7fe f853 	bl	8003274 <__aeabi_dmul>
 80051ce:	e9dd 230a 	ldrd	r2, r3, [sp, #40]	; 0x28
 80051d2:	f7fe f979 	bl	80034c8 <__aeabi_ddiv>
 80051d6:	460b      	mov	r3, r1
 80051d8:	4601      	mov	r1, r0
 80051da:	4618      	mov	r0, r3
 80051dc:	4652      	mov	r2, sl
 80051de:	463b      	mov	r3, r7
 80051e0:	e9cd 1000 	strd	r1, r0, [sp]
 80051e4:	a810      	add	r0, sp, #64	; 0x40
 80051e6:	f7fb f817 	bl	8000218 <cexp>
 80051ea:	e9dd 0110 	ldrd	r0, r1, [sp, #64]	; 0x40
 80051ee:	f7fe fb19 	bl	8003824 <__aeabi_d2f>
 80051f2:	4680      	mov	r8, r0
 80051f4:	e9dd 0112 	ldrd	r0, r1, [sp, #72]	; 0x48
 80051f8:	f7fe fb14 	bl	8003824 <__aeabi_d2f>
 80051fc:	1d37      	adds	r7, r6, #4
 80051fe:	f856 3034 	ldr.w	r3, [r6, r4, lsl #3]
 8005202:	900d      	str	r0, [sp, #52]	; 0x34
            float complex y = X[p];
 8005204:	f857 0034 	ldr.w	r0, [r7, r4, lsl #3]
 8005208:	930c      	str	r3, [sp, #48]	; 0x30
 800520a:	900a      	str	r0, [sp, #40]	; 0x28
 800520c:	f856 a035 	ldr.w	sl, [r6, r5, lsl #3]
 8005210:	f857 9035 	ldr.w	r9, [r7, r5, lsl #3]
            trigger_high();
 8005214:	f000 f972 	bl	80054fc <trigger_high>
 8005218:	e9dd 320c 	ldrd	r3, r2, [sp, #48]	; 0x30
 800521c:	980a      	ldr	r0, [sp, #40]	; 0x28
 800521e:	2114      	movs	r1, #20
                __asm__ volatile ("nop");
 8005220:	bf00      	nop
            for(int i = 0; i < 20; i++){
 8005222:	3901      	subs	r1, #1
 8005224:	d1fc      	bne.n	8005220 <DIT_FFT+0x140>
            z *= w;
 8005226:	4641      	mov	r1, r8
 8005228:	9000      	str	r0, [sp, #0]
 800522a:	a80e      	add	r0, sp, #56	; 0x38
 800522c:	f7fe fda8 	bl	8003d80 <__mulsc3>
 8005230:	9b0e      	ldr	r3, [sp, #56]	; 0x38
            X[p] = y+z;
 8005232:	930a      	str	r3, [sp, #40]	; 0x28
 8005234:	4619      	mov	r1, r3
 8005236:	4650      	mov	r0, sl
 8005238:	f7fe fb4a 	bl	80038d0 <__addsf3>
            z *= w;
 800523c:	f8dd 803c 	ldr.w	r8, [sp, #60]	; 0x3c
            X[p] = y+z;
 8005240:	f846 0035 	str.w	r0, [r6, r5, lsl #3]
 8005244:	4641      	mov	r1, r8
 8005246:	4648      	mov	r0, r9
 8005248:	f7fe fb42 	bl	80038d0 <__addsf3>
            X[q] = y-z;
 800524c:	9b0a      	ldr	r3, [sp, #40]	; 0x28
            X[p] = y+z;
 800524e:	f847 0035 	str.w	r0, [r7, r5, lsl #3]
            X[q] = y-z;
 8005252:	4619      	mov	r1, r3
 8005254:	4650      	mov	r0, sl
 8005256:	f7fe fb39 	bl	80038cc <__aeabi_fsub>
 800525a:	4641      	mov	r1, r8
 800525c:	f846 0034 	str.w	r0, [r6, r4, lsl #3]
 8005260:	4648      	mov	r0, r9
 8005262:	f7fe fb33 	bl	80038cc <__aeabi_fsub>
 8005266:	f847 0034 	str.w	r0, [r7, r4, lsl #3]
            trigger_low();
 800526a:	f000 f94e 	bl	800550a <trigger_low>
            if(q % (int)pow(2,stage) == 0){
 800526e:	e9dd 2306 	ldrd	r2, r3, [sp, #24]
 8005272:	2000      	movs	r0, #0
 8005274:	f04f 4180 	mov.w	r1, #1073741824	; 0x40000000
 8005278:	f7fb f98c 	bl	8000594 <pow>
 800527c:	f7fe faaa 	bl	80037d4 <__aeabi_d2iz>
            q++;
 8005280:	3401      	adds	r4, #1
            if(q % (int)pow(2,stage) == 0){
 8005282:	fb94 f3f0 	sdiv	r3, r4, r0
 8005286:	fb03 4010 	mls	r0, r3, r0, r4
            p++;
 800528a:	3501      	adds	r5, #1
            if(q % (int)pow(2,stage) == 0){
 800528c:	2800      	cmp	r0, #0
 800528e:	f47f af5e 	bne.w	800514e <DIT_FFT+0x6e>
                p = p + pow(2,stage-1);
 8005292:	e9dd 2302 	ldrd	r2, r3, [sp, #8]
 8005296:	2000      	movs	r0, #0
 8005298:	f04f 4180 	mov.w	r1, #1073741824	; 0x40000000
 800529c:	f7fb f97a 	bl	8000594 <pow>
 80052a0:	4680      	mov	r8, r0
 80052a2:	4689      	mov	r9, r1
 80052a4:	4628      	mov	r0, r5
 80052a6:	f7fd ff7b 	bl	80031a0 <__aeabi_i2d>
 80052aa:	4642      	mov	r2, r8
 80052ac:	464b      	mov	r3, r9
 80052ae:	f7fd fe2b 	bl	8002f08 <__adddf3>
 80052b2:	f7fe fa8f 	bl	80037d4 <__aeabi_d2iz>
                q = q + pow(2,stage-1);
 80052b6:	e9dd 2302 	ldrd	r2, r3, [sp, #8]
                p = p + pow(2,stage-1);
 80052ba:	4605      	mov	r5, r0
                q = q + pow(2,stage-1);
 80052bc:	f04f 4180 	mov.w	r1, #1073741824	; 0x40000000
 80052c0:	2000      	movs	r0, #0
 80052c2:	f7fb f967 	bl	8000594 <pow>
 80052c6:	4680      	mov	r8, r0
 80052c8:	4689      	mov	r9, r1
 80052ca:	4620      	mov	r0, r4
 80052cc:	f7fd ff68 	bl	80031a0 <__aeabi_i2d>
 80052d0:	4642      	mov	r2, r8
 80052d2:	464b      	mov	r3, r9
 80052d4:	f7fd fe18 	bl	8002f08 <__adddf3>
 80052d8:	f7fe fa7c 	bl	80037d4 <__aeabi_d2iz>
 80052dc:	9005      	str	r0, [sp, #20]
                n=0;
 80052de:	e735      	b.n	800514c <DIT_FFT+0x6c>
 80052e0:	fefa39ef 	.word	0xfefa39ef
 80052e4:	3fe62e42 	.word	0x3fe62e42
 80052e8:	54442d18 	.word	0x54442d18
 80052ec:	c01921fb 	.word	0xc01921fb
 80052f0:	3ff00000 	.word	0x3ff00000

080052f4 <binary_char_to_int>:
    binaryNum[i--] = num % 2;
    num /= 2;
 }
}

void binary_char_to_int(char *char_arr, int *int_arr, int len){
 80052f4:	b510      	push	{r4, lr}
  for(int i = 0; i < len; i++){
 80052f6:	2300      	movs	r3, #0
 80052f8:	4293      	cmp	r3, r2
 80052fa:	db00      	blt.n	80052fe <binary_char_to_int+0xa>
    int_arr[i] = char_arr[i] - '0';
  }
}
 80052fc:	bd10      	pop	{r4, pc}
    int_arr[i] = char_arr[i] - '0';
 80052fe:	5cc4      	ldrb	r4, [r0, r3]
 8005300:	3c30      	subs	r4, #48	; 0x30
 8005302:	f841 4023 	str.w	r4, [r1, r3, lsl #2]
  for(int i = 0; i < len; i++){
 8005306:	3301      	adds	r3, #1
 8005308:	e7f6      	b.n	80052f8 <binary_char_to_int+0x4>
 800530a:	0000      	movs	r0, r0

0800530c <take_base_2_input>:
    decimalToBinary(num, arr, arrLen);
    print_int_array_serial(arr, arrLen);
}


void take_base_2_input(int *arr_int, int arrLen){
 800530c:	b5b0      	push	{r4, r5, r7, lr}
 800530e:	af00      	add	r7, sp, #0
  int maxlen = 1024;
  char arr_char[maxlen];
 8005310:	f5ad 6d80 	sub.w	sp, sp, #1024	; 0x400
void take_base_2_input(int *arr_int, int arrLen){
 8005314:	4604      	mov	r4, r0
 8005316:	460d      	mov	r5, r1
  my_read(arr_char, maxlen);
 8005318:	4668      	mov	r0, sp
 800531a:	f44f 6180 	mov.w	r1, #1024	; 0x400
 800531e:	f7ff fe71 	bl	8005004 <my_read>
  my_puts("\n");
 8005322:	4807      	ldr	r0, [pc, #28]	; (8005340 <take_base_2_input+0x34>)
 8005324:	f7ff fe64 	bl	8004ff0 <my_puts>
  binary_char_to_int(arr_char, arr_int, arrLen);
 8005328:	462a      	mov	r2, r5
 800532a:	4621      	mov	r1, r4
 800532c:	4668      	mov	r0, sp
 800532e:	f7ff ffe1 	bl	80052f4 <binary_char_to_int>
  print_int_array_serial(arr_int, arrLen);
 8005332:	4629      	mov	r1, r5
 8005334:	4620      	mov	r0, r4
 8005336:	f7ff fe7d 	bl	8005034 <print_int_array_serial>

}
 800533a:	46bd      	mov	sp, r7
 800533c:	bdb0      	pop	{r4, r5, r7, pc}
 800533e:	bf00      	nop
 8005340:	0800648f 	.word	0x0800648f

08005344 <main>:
}



int main(void)
{
 8005344:	e92d 43f8 	stmdb	sp!, {r3, r4, r5, r6, r7, r8, r9, lr}
    platform_init();
 8005348:	f000 f836 	bl	80053b8 <platform_init>
    init_uart();
 800534c:	f000 f874 	bl	8005438 <init_uart>
    trigger_setup();
 8005350:	f000 f8b0 	bl	80054b4 <trigger_setup>
      }
      //for(int i = 0; i < colLen; i++){
      //  output_key_fft[i] = 0;
      //}

      my_puts("\nPlease enter input key (Max 32 Hex Bits): \n");
 8005354:	f8df 805c 	ldr.w	r8, [pc, #92]	; 80053b4 <main+0x70>

      int circulant_size = rowLen + colLen - 1;
      float complex *padded_key = (float complex*)malloc(circulant_size * sizeof(float complex));

      for(int i=0; i < circulant_size; i++){
        padded_key[i] = 0 + 0*I;
 8005358:	2700      	movs	r7, #0
      int *input_key = (int*)malloc(rowLen * sizeof(int));
 800535a:	2020      	movs	r0, #32
 800535c:	f7fe ff5a 	bl	8004214 <malloc>
        input_key[i] = 0;
 8005360:	2220      	movs	r2, #32
 8005362:	2100      	movs	r1, #0
      int *input_key = (int*)malloc(rowLen * sizeof(int));
 8005364:	4605      	mov	r5, r0
        input_key[i] = 0;
 8005366:	f7fe ff65 	bl	8004234 <memset>
      my_puts("\nPlease enter input key (Max 32 Hex Bits): \n");
 800536a:	4640      	mov	r0, r8
 800536c:	f7ff fe40 	bl	8004ff0 <my_puts>
      take_base_2_input(input_key, rowLen);
 8005370:	2108      	movs	r1, #8
 8005372:	4628      	mov	r0, r5
 8005374:	f7ff ffca 	bl	800530c <take_base_2_input>
      float complex *padded_key = (float complex*)malloc(circulant_size * sizeof(float complex));
 8005378:	2040      	movs	r0, #64	; 0x40
 800537a:	f7fe ff4b 	bl	8004214 <malloc>
      for(int i=0; i < circulant_size; i++){
 800537e:	2400      	movs	r4, #0
      float complex *padded_key = (float complex*)malloc(circulant_size * sizeof(float complex));
 8005380:	4606      	mov	r6, r0
        padded_key[i] = 0 + 0*I;
 8005382:	f100 0904 	add.w	r9, r0, #4
 8005386:	f849 7034 	str.w	r7, [r9, r4, lsl #3]
        padded_key[i] += input_key[i]; 
 800538a:	f855 0024 	ldr.w	r0, [r5, r4, lsl #2]
 800538e:	f7fe fb53 	bl	8003a38 <__aeabi_i2f>
 8005392:	2100      	movs	r1, #0
 8005394:	f7fe fa9c 	bl	80038d0 <__addsf3>
 8005398:	f846 0034 	str.w	r0, [r6, r4, lsl #3]
      for(int i=0; i < circulant_size; i++){
 800539c:	3401      	adds	r4, #1
 800539e:	2c08      	cmp	r4, #8
 80053a0:	d1f1      	bne.n	8005386 <main+0x42>
      }
      //pad_key(padded_key, input_key, circulant_size, rowLen);
      
      //trigger_high();
      DIT_FFT(padded_key,circulant_size);
 80053a2:	4630      	mov	r0, r6
 80053a4:	4621      	mov	r1, r4
 80053a6:	f7ff fe9b 	bl	80050e0 <DIT_FFT>


      //my_puts("\nCalculated P.A. key: \n");
      //print_int_array_serial(output_key_fft, colLen);  

      free(input_key);
 80053aa:	4628      	mov	r0, r5
 80053ac:	f7fe ff3a 	bl	8004224 <free>
    while(1){
 80053b0:	e7d3      	b.n	800535a <main+0x16>
 80053b2:	bf00      	nop
 80053b4:	080064fd 	.word	0x080064fd

080053b8 <platform_init>:

UART_HandleTypeDef UartHandle;


void platform_init(void)
{
 80053b8:	b570      	push	{r4, r5, r6, lr}
 80053ba:	b096      	sub	sp, #88	; 0x58
     HAL_RCC_ClockConfig(&RCC_ClkInitStruct, flash_latency);
  #else
     RCC_OscInitTypeDef RCC_OscInitStruct;
     RCC_OscInitStruct.OscillatorType = RCC_OSCILLATORTYPE_HSE | RCC_OSCILLATORTYPE_HSI;
     RCC_OscInitStruct.HSEState       = RCC_HSE_BYPASS;
     RCC_OscInitStruct.HSIState       = RCC_HSI_OFF;
 80053bc:	2400      	movs	r4, #0
     RCC_OscInitStruct.HSEState       = RCC_HSE_BYPASS;
 80053be:	2603      	movs	r6, #3
 80053c0:	f44f 23a0 	mov.w	r3, #327680	; 0x50000
     RCC_OscInitStruct.PLL.PLLSource  = RCC_PLL_NONE;
     HAL_RCC_OscConfig(&RCC_OscInitStruct);
 80053c4:	a80c      	add	r0, sp, #48	; 0x30

     RCC_ClkInitTypeDef RCC_ClkInitStruct;
     RCC_ClkInitStruct.ClockType      = (RCC_CLOCKTYPE_SYSCLK | RCC_CLOCKTYPE_HCLK | RCC_CLOCKTYPE_PCLK1 | RCC_CLOCKTYPE_PCLK2);
     RCC_ClkInitStruct.SYSCLKSource   = RCC_SYSCLKSOURCE_HSE;
 80053c6:	2501      	movs	r5, #1
     RCC_OscInitStruct.HSEState       = RCC_HSE_BYPASS;
 80053c8:	e9cd 630c 	strd	r6, r3, [sp, #48]	; 0x30
     RCC_OscInitStruct.HSIState       = RCC_HSI_OFF;
 80053cc:	9410      	str	r4, [sp, #64]	; 0x40
     RCC_OscInitStruct.PLL.PLLSource  = RCC_PLL_NONE;
 80053ce:	9414      	str	r4, [sp, #80]	; 0x50
     HAL_RCC_OscConfig(&RCC_OscInitStruct);
 80053d0:	f000 f8d4 	bl	800557c <HAL_RCC_OscConfig>
     RCC_ClkInitStruct.SYSCLKSource   = RCC_SYSCLKSOURCE_HSE;
 80053d4:	230f      	movs	r3, #15
     RCC_ClkInitStruct.AHBCLKDivider  = RCC_SYSCLK_DIV1;
     RCC_ClkInitStruct.APB1CLKDivider = RCC_HCLK_DIV1;
     RCC_ClkInitStruct.APB2CLKDivider = RCC_HCLK_DIV1;
     uint32_t flash_latency = 0;
     HAL_RCC_ClockConfig(&RCC_ClkInitStruct, flash_latency);
 80053d6:	4621      	mov	r1, r4
 80053d8:	a802      	add	r0, sp, #8
     RCC_ClkInitStruct.SYSCLKSource   = RCC_SYSCLKSOURCE_HSE;
 80053da:	e9cd 3502 	strd	r3, r5, [sp, #8]
     RCC_ClkInitStruct.APB1CLKDivider = RCC_HCLK_DIV1;
 80053de:	e9cd 4404 	strd	r4, r4, [sp, #16]
     RCC_ClkInitStruct.APB2CLKDivider = RCC_HCLK_DIV1;
 80053e2:	9406      	str	r4, [sp, #24]
     HAL_RCC_ClockConfig(&RCC_ClkInitStruct, flash_latency);
 80053e4:	f000 fb38 	bl	8005a58 <HAL_RCC_ClockConfig>




#if (PLATFORM==CWLITEARM)
  __HAL_RCC_GPIOC_CLK_ENABLE();
 80053e8:	4b11      	ldr	r3, [pc, #68]	; (8005430 <platform_init+0x78>)
 80053ea:	695a      	ldr	r2, [r3, #20]
 80053ec:	f442 2200 	orr.w	r2, r2, #524288	; 0x80000
 80053f0:	615a      	str	r2, [r3, #20]
 80053f2:	695b      	ldr	r3, [r3, #20]
  GPIO_InitTypeDef GpioInit;
  GpioInit.Pin       = GPIO_PIN_13 | GPIO_PIN_14;
  GpioInit.Mode      = GPIO_MODE_OUTPUT_PP;
  GpioInit.Pull      = GPIO_NOPULL;
  GpioInit.Speed     = GPIO_SPEED_FREQ_HIGH;
 80053f4:	e9cd 4609 	strd	r4, r6, [sp, #36]	; 0x24
  __HAL_RCC_GPIOC_CLK_ENABLE();
 80053f8:	f403 2300 	and.w	r3, r3, #524288	; 0x80000
  HAL_GPIO_Init(GPIOC, &GpioInit);
 80053fc:	4c0d      	ldr	r4, [pc, #52]	; (8005434 <platform_init+0x7c>)
  __HAL_RCC_GPIOC_CLK_ENABLE();
 80053fe:	9301      	str	r3, [sp, #4]
 8005400:	9b01      	ldr	r3, [sp, #4]
  HAL_GPIO_Init(GPIOC, &GpioInit);
 8005402:	a907      	add	r1, sp, #28
  GpioInit.Pin       = GPIO_PIN_13 | GPIO_PIN_14;
 8005404:	f44f 43c0 	mov.w	r3, #24576	; 0x6000
  HAL_GPIO_Init(GPIOC, &GpioInit);
 8005408:	4620      	mov	r0, r4
  GpioInit.Mode      = GPIO_MODE_OUTPUT_PP;
 800540a:	e9cd 3507 	strd	r3, r5, [sp, #28]
  HAL_GPIO_Init(GPIOC, &GpioInit);
 800540e:	f000 fbc9 	bl	8005ba4 <HAL_GPIO_Init>

  HAL_GPIO_WritePin(GPIOC, GPIO_PIN_13, SET);
 8005412:	462a      	mov	r2, r5
 8005414:	4620      	mov	r0, r4
 8005416:	f44f 5100 	mov.w	r1, #8192	; 0x2000
 800541a:	f000 fc87 	bl	8005d2c <HAL_GPIO_WritePin>
  HAL_GPIO_WritePin(GPIOC, GPIO_PIN_14, SET);
 800541e:	462a      	mov	r2, r5
 8005420:	f44f 4180 	mov.w	r1, #16384	; 0x4000
 8005424:	4620      	mov	r0, r4
 8005426:	f000 fc81 	bl	8005d2c <HAL_GPIO_WritePin>
#endif
}
 800542a:	b016      	add	sp, #88	; 0x58
 800542c:	bd70      	pop	{r4, r5, r6, pc}
 800542e:	bf00      	nop
 8005430:	40021000 	.word	0x40021000
 8005434:	48000800 	.word	0x48000800

08005438 <init_uart>:

void init_uart(void)
{
 8005438:	b510      	push	{r4, lr}
  GPIO_InitTypeDef GpioInit;
  GpioInit.Pin       = GPIO_PIN_9 | GPIO_PIN_10;
  GpioInit.Mode      = GPIO_MODE_AF_PP;
 800543a:	f44f 62c0 	mov.w	r2, #1536	; 0x600
{
 800543e:	b088      	sub	sp, #32
  GpioInit.Mode      = GPIO_MODE_AF_PP;
 8005440:	2302      	movs	r3, #2
 8005442:	e9cd 2303 	strd	r2, r3, [sp, #12]
  GpioInit.Pull      = GPIO_PULLUP;
  GpioInit.Speed     = GPIO_SPEED_FREQ_HIGH;
 8005446:	2101      	movs	r1, #1
 8005448:	2303      	movs	r3, #3
 800544a:	e9cd 1305 	strd	r1, r3, [sp, #20]
  GpioInit.Alternate = GPIO_AF7_USART1;
  __GPIOA_CLK_ENABLE();
 800544e:	4c16      	ldr	r4, [pc, #88]	; (80054a8 <init_uart+0x70>)
  GpioInit.Alternate = GPIO_AF7_USART1;
 8005450:	2307      	movs	r3, #7
 8005452:	9307      	str	r3, [sp, #28]
  __GPIOA_CLK_ENABLE();
 8005454:	6963      	ldr	r3, [r4, #20]
 8005456:	f443 3300 	orr.w	r3, r3, #131072	; 0x20000
 800545a:	6163      	str	r3, [r4, #20]
 800545c:	6963      	ldr	r3, [r4, #20]
 800545e:	f403 3300 	and.w	r3, r3, #131072	; 0x20000
 8005462:	9301      	str	r3, [sp, #4]
  HAL_GPIO_Init(GPIOA, &GpioInit);
 8005464:	a903      	add	r1, sp, #12
 8005466:	f04f 4090 	mov.w	r0, #1207959552	; 0x48000000
  __GPIOA_CLK_ENABLE();
 800546a:	9b01      	ldr	r3, [sp, #4]
  HAL_GPIO_Init(GPIOA, &GpioInit);
 800546c:	f000 fb9a 	bl	8005ba4 <HAL_GPIO_Init>

  UartHandle.Instance        = USART1;
 8005470:	480e      	ldr	r0, [pc, #56]	; (80054ac <init_uart+0x74>)
  #if SS_VER==SS_VER_2_1
  UartHandle.Init.BaudRate   = 230400;
  #else
  UartHandle.Init.BaudRate   = 38400;
 8005472:	f8df c03c 	ldr.w	ip, [pc, #60]	; 80054b0 <init_uart+0x78>
 8005476:	f44f 4316 	mov.w	r3, #38400	; 0x9600
 800547a:	e9c0 c300 	strd	ip, r3, [r0]
  #endif
  UartHandle.Init.WordLength = UART_WORDLENGTH_8B;
 800547e:	2300      	movs	r3, #0
  UartHandle.Init.StopBits   = UART_STOPBITS_1;
 8005480:	e9c0 3302 	strd	r3, r3, [r0, #8]
  UartHandle.Init.Parity     = UART_PARITY_NONE;
 8005484:	6103      	str	r3, [r0, #16]
  UartHandle.Init.HwFlowCtl  = UART_HWCONTROL_NONE;
 8005486:	6183      	str	r3, [r0, #24]
  UartHandle.Init.Mode       = UART_MODE_TX_RX;
 8005488:	230c      	movs	r3, #12
 800548a:	6143      	str	r3, [r0, #20]
  __USART1_CLK_ENABLE();
 800548c:	69a3      	ldr	r3, [r4, #24]
 800548e:	f443 4380 	orr.w	r3, r3, #16384	; 0x4000
 8005492:	61a3      	str	r3, [r4, #24]
 8005494:	69a3      	ldr	r3, [r4, #24]
 8005496:	f403 4380 	and.w	r3, r3, #16384	; 0x4000
 800549a:	9302      	str	r3, [sp, #8]
 800549c:	9b02      	ldr	r3, [sp, #8]
  HAL_UART_Init(&UartHandle);
 800549e:	f000 fd99 	bl	8005fd4 <HAL_UART_Init>
}
 80054a2:	b008      	add	sp, #32
 80054a4:	bd10      	pop	{r4, pc}
 80054a6:	bf00      	nop
 80054a8:	40021000 	.word	0x40021000
 80054ac:	20000084 	.word	0x20000084
 80054b0:	40013800 	.word	0x40013800

080054b4 <trigger_setup>:

void trigger_setup(void)
{
  __HAL_RCC_GPIOA_CLK_ENABLE();
 80054b4:	4b10      	ldr	r3, [pc, #64]	; (80054f8 <trigger_setup+0x44>)
{
 80054b6:	b530      	push	{r4, r5, lr}
  __HAL_RCC_GPIOA_CLK_ENABLE();
 80054b8:	695a      	ldr	r2, [r3, #20]
 80054ba:	f442 3200 	orr.w	r2, r2, #131072	; 0x20000
 80054be:	615a      	str	r2, [r3, #20]
 80054c0:	695b      	ldr	r3, [r3, #20]
{
 80054c2:	b087      	sub	sp, #28
  __HAL_RCC_GPIOA_CLK_ENABLE();
 80054c4:	f403 3300 	and.w	r3, r3, #131072	; 0x20000
 80054c8:	9300      	str	r3, [sp, #0]
 80054ca:	9b00      	ldr	r3, [sp, #0]

  GPIO_InitTypeDef GpioInit;
  GpioInit.Pin       = GPIO_PIN_12;
  GpioInit.Mode      = GPIO_MODE_OUTPUT_PP;
 80054cc:	f44f 5480 	mov.w	r4, #4096	; 0x1000
 80054d0:	2301      	movs	r3, #1
 80054d2:	e9cd 4301 	strd	r4, r3, [sp, #4]
  GpioInit.Pull      = GPIO_NOPULL;
  GpioInit.Speed     = GPIO_SPEED_FREQ_HIGH;
 80054d6:	2500      	movs	r5, #0
 80054d8:	2303      	movs	r3, #3
  HAL_GPIO_Init(GPIOA, &GpioInit);
 80054da:	a901      	add	r1, sp, #4
 80054dc:	f04f 4090 	mov.w	r0, #1207959552	; 0x48000000
  GpioInit.Speed     = GPIO_SPEED_FREQ_HIGH;
 80054e0:	e9cd 5303 	strd	r5, r3, [sp, #12]
  HAL_GPIO_Init(GPIOA, &GpioInit);
 80054e4:	f000 fb5e 	bl	8005ba4 <HAL_GPIO_Init>

  HAL_GPIO_WritePin(GPIOA, GPIO_PIN_12, RESET);
 80054e8:	462a      	mov	r2, r5
 80054ea:	4621      	mov	r1, r4
 80054ec:	f04f 4090 	mov.w	r0, #1207959552	; 0x48000000
 80054f0:	f000 fc1c 	bl	8005d2c <HAL_GPIO_WritePin>
}
 80054f4:	b007      	add	sp, #28
 80054f6:	bd30      	pop	{r4, r5, pc}
 80054f8:	40021000 	.word	0x40021000

080054fc <trigger_high>:

void trigger_high(void)
{
  HAL_GPIO_WritePin(GPIOA, GPIO_PIN_12, SET);
 80054fc:	2201      	movs	r2, #1
 80054fe:	f44f 5180 	mov.w	r1, #4096	; 0x1000
 8005502:	f04f 4090 	mov.w	r0, #1207959552	; 0x48000000
 8005506:	f000 bc11 	b.w	8005d2c <HAL_GPIO_WritePin>

0800550a <trigger_low>:
}

void trigger_low(void)
{
  HAL_GPIO_WritePin(GPIOA, GPIO_PIN_12, RESET);
 800550a:	2200      	movs	r2, #0
 800550c:	f44f 5180 	mov.w	r1, #4096	; 0x1000
 8005510:	f04f 4090 	mov.w	r0, #1207959552	; 0x48000000
 8005514:	f000 bc0a 	b.w	8005d2c <HAL_GPIO_WritePin>

08005518 <getch>:
}

char getch(void)
{
 8005518:	b537      	push	{r0, r1, r2, r4, r5, lr}
  uint8_t d;
  while (HAL_UART_Receive(&UartHandle, &d, 1, 5000) != HAL_OK)
 800551a:	4d0a      	ldr	r5, [pc, #40]	; (8005544 <getch+0x2c>)
    USART1->ICR |= (1 << 3);
 800551c:	4c0a      	ldr	r4, [pc, #40]	; (8005548 <getch+0x30>)
  while (HAL_UART_Receive(&UartHandle, &d, 1, 5000) != HAL_OK)
 800551e:	f241 3388 	movw	r3, #5000	; 0x1388
 8005522:	2201      	movs	r2, #1
 8005524:	f10d 0107 	add.w	r1, sp, #7
 8005528:	4628      	mov	r0, r5
 800552a:	f000 fdd4 	bl	80060d6 <HAL_UART_Receive>
 800552e:	b918      	cbnz	r0, 8005538 <getch+0x20>
  //putch(d);
  return d;
}
 8005530:	f89d 0007 	ldrb.w	r0, [sp, #7]
 8005534:	b003      	add	sp, #12
 8005536:	bd30      	pop	{r4, r5, pc}
    USART1->ICR |= (1 << 3);
 8005538:	6a23      	ldr	r3, [r4, #32]
 800553a:	f043 0308 	orr.w	r3, r3, #8
 800553e:	6223      	str	r3, [r4, #32]
 8005540:	e7ed      	b.n	800551e <getch+0x6>
 8005542:	bf00      	nop
 8005544:	20000084 	.word	0x20000084
 8005548:	40013800 	.word	0x40013800

0800554c <putch>:

void putch(char c)
{
 800554c:	b507      	push	{r0, r1, r2, lr}
  uint8_t d  = c;
  HAL_UART_Transmit(&UartHandle,  &d, 1, 5000);
 800554e:	f241 3388 	movw	r3, #5000	; 0x1388
  uint8_t d  = c;
 8005552:	f88d 0007 	strb.w	r0, [sp, #7]
  HAL_UART_Transmit(&UartHandle,  &d, 1, 5000);
 8005556:	2201      	movs	r2, #1
 8005558:	f10d 0107 	add.w	r1, sp, #7
 800555c:	4802      	ldr	r0, [pc, #8]	; (8005568 <putch+0x1c>)
 800555e:	f000 fd64 	bl	800602a <HAL_UART_Transmit>
}
 8005562:	b003      	add	sp, #12
 8005564:	f85d fb04 	ldr.w	pc, [sp], #4
 8005568:	20000084 	.word	0x20000084

0800556c <HAL_GetTick>:
	hal_sys_tick = 0;
	return HAL_OK;
}
uint32_t HAL_GetTick(void)
{
	return hal_sys_tick++;
 800556c:	4b02      	ldr	r3, [pc, #8]	; (8005578 <HAL_GetTick+0xc>)
 800556e:	6818      	ldr	r0, [r3, #0]
 8005570:	1c42      	adds	r2, r0, #1
 8005572:	601a      	str	r2, [r3, #0]
}
 8005574:	4770      	bx	lr
 8005576:	bf00      	nop
 8005578:	200000f4 	.word	0x200000f4

0800557c <HAL_RCC_OscConfig>:
  /* Check the parameters */
  assert_param(RCC_OscInitStruct != NULL);
  assert_param(IS_RCC_OSCILLATORTYPE(RCC_OscInitStruct->OscillatorType));

  /*------------------------------- HSE Configuration ------------------------*/ 
  if(((RCC_OscInitStruct->OscillatorType) & RCC_OSCILLATORTYPE_HSE) == RCC_OSCILLATORTYPE_HSE)
 800557c:	6803      	ldr	r3, [r0, #0]
{
 800557e:	e92d 41f3 	stmdb	sp!, {r0, r1, r4, r5, r6, r7, r8, lr}
  if(((RCC_OscInitStruct->OscillatorType) & RCC_OSCILLATORTYPE_HSE) == RCC_OSCILLATORTYPE_HSE)
 8005582:	07d9      	lsls	r1, r3, #31
{
 8005584:	4604      	mov	r4, r0
  if(((RCC_OscInitStruct->OscillatorType) & RCC_OSCILLATORTYPE_HSE) == RCC_OSCILLATORTYPE_HSE)
 8005586:	d411      	bmi.n	80055ac <HAL_RCC_OscConfig+0x30>
        }
      }
    }
  }
  /*----------------------------- HSI Configuration --------------------------*/ 
  if(((RCC_OscInitStruct->OscillatorType) & RCC_OSCILLATORTYPE_HSI) == RCC_OSCILLATORTYPE_HSI)
 8005588:	6823      	ldr	r3, [r4, #0]
 800558a:	079a      	lsls	r2, r3, #30
 800558c:	f100 8086 	bmi.w	800569c <HAL_RCC_OscConfig+0x120>
        }
      }
    }
  }
  /*------------------------------ LSI Configuration -------------------------*/ 
  if(((RCC_OscInitStruct->OscillatorType) & RCC_OSCILLATORTYPE_LSI) == RCC_OSCILLATORTYPE_LSI)
 8005590:	6823      	ldr	r3, [r4, #0]
 8005592:	071e      	lsls	r6, r3, #28
 8005594:	f100 80f4 	bmi.w	8005780 <HAL_RCC_OscConfig+0x204>
        }
      }
    }
  }
  /*------------------------------ LSE Configuration -------------------------*/ 
  if(((RCC_OscInitStruct->OscillatorType) & RCC_OSCILLATORTYPE_LSE) == RCC_OSCILLATORTYPE_LSE)
 8005598:	6823      	ldr	r3, [r4, #0]
 800559a:	075d      	lsls	r5, r3, #29
 800559c:	f100 8140 	bmi.w	8005820 <HAL_RCC_OscConfig+0x2a4>
  }

  /*-------------------------------- PLL Configuration -----------------------*/
  /* Check the parameters */
  assert_param(IS_RCC_PLL(RCC_OscInitStruct->PLL.PLLState));
  if ((RCC_OscInitStruct->PLL.PLLState) != RCC_PLL_NONE)
 80055a0:	69e2      	ldr	r2, [r4, #28]
 80055a2:	2a00      	cmp	r2, #0
 80055a4:	f040 81cb 	bne.w	800593e <HAL_RCC_OscConfig+0x3c2>
    {
      return HAL_ERROR;
    }
  }
  
  return HAL_OK;
 80055a8:	2000      	movs	r0, #0
 80055aa:	e021      	b.n	80055f0 <HAL_RCC_OscConfig+0x74>
    if((__HAL_RCC_GET_SYSCLK_SOURCE() == RCC_SYSCLKSOURCE_STATUS_HSE) 
 80055ac:	499a      	ldr	r1, [pc, #616]	; (8005818 <HAL_RCC_OscConfig+0x29c>)
 80055ae:	684b      	ldr	r3, [r1, #4]
 80055b0:	f003 030c 	and.w	r3, r3, #12
 80055b4:	2b04      	cmp	r3, #4
 80055b6:	d007      	beq.n	80055c8 <HAL_RCC_OscConfig+0x4c>
       || ((__HAL_RCC_GET_SYSCLK_SOURCE() == RCC_SYSCLKSOURCE_STATUS_PLLCLK) && (__HAL_RCC_GET_PLL_OSCSOURCE() == RCC_PLLSOURCE_HSE)))
 80055b8:	684b      	ldr	r3, [r1, #4]
 80055ba:	f003 030c 	and.w	r3, r3, #12
 80055be:	2b08      	cmp	r3, #8
 80055c0:	d119      	bne.n	80055f6 <HAL_RCC_OscConfig+0x7a>
 80055c2:	684b      	ldr	r3, [r1, #4]
 80055c4:	03db      	lsls	r3, r3, #15
 80055c6:	d516      	bpl.n	80055f6 <HAL_RCC_OscConfig+0x7a>
__attribute__((always_inline)) __STATIC_INLINE uint32_t __RBIT(uint32_t value)
{
  uint32_t result;

#if       (__CORTEX_M >= 0x03U) || (__CORTEX_SC >= 300U)
   __ASM volatile ("rbit %0, %1" : "=r" (result) : "r" (value) );
 80055c8:	f44f 3300 	mov.w	r3, #131072	; 0x20000
 80055cc:	fa93 f2a3 	rbit	r2, r3
      if((__HAL_RCC_GET_FLAG(RCC_FLAG_HSERDY) != RESET) && (RCC_OscInitStruct->HSEState == RCC_HSE_OFF))
 80055d0:	6809      	ldr	r1, [r1, #0]
 80055d2:	fa93 f3a3 	rbit	r3, r3
 80055d6:	fab3 f383 	clz	r3, r3
 80055da:	f003 031f 	and.w	r3, r3, #31
 80055de:	2201      	movs	r2, #1
 80055e0:	fa02 f303 	lsl.w	r3, r2, r3
 80055e4:	420b      	tst	r3, r1
 80055e6:	d0cf      	beq.n	8005588 <HAL_RCC_OscConfig+0xc>
 80055e8:	6863      	ldr	r3, [r4, #4]
 80055ea:	2b00      	cmp	r3, #0
 80055ec:	d1cc      	bne.n	8005588 <HAL_RCC_OscConfig+0xc>
        return HAL_ERROR;
 80055ee:	2001      	movs	r0, #1
}
 80055f0:	b002      	add	sp, #8
 80055f2:	e8bd 81f0 	ldmia.w	sp!, {r4, r5, r6, r7, r8, pc}
      __HAL_RCC_HSE_CONFIG(RCC_OscInitStruct->HSEState);
 80055f6:	6862      	ldr	r2, [r4, #4]
 80055f8:	f5b2 3f80 	cmp.w	r2, #65536	; 0x10000
 80055fc:	d124      	bne.n	8005648 <HAL_RCC_OscConfig+0xcc>
 80055fe:	680b      	ldr	r3, [r1, #0]
 8005600:	f443 3380 	orr.w	r3, r3, #65536	; 0x10000
 8005604:	600b      	str	r3, [r1, #0]
      __HAL_RCC_HSE_PREDIV_CONFIG(RCC_OscInitStruct->HSEPredivValue);
 8005606:	6acb      	ldr	r3, [r1, #44]	; 0x2c
 8005608:	68a0      	ldr	r0, [r4, #8]
 800560a:	f023 030f 	bic.w	r3, r3, #15
 800560e:	4303      	orrs	r3, r0
 8005610:	62cb      	str	r3, [r1, #44]	; 0x2c
      if(RCC_OscInitStruct->HSEState != RCC_HSE_OFF)
 8005612:	b34a      	cbz	r2, 8005668 <HAL_RCC_OscConfig+0xec>
        tickstart = HAL_GetTick();
 8005614:	f7ff ffaa 	bl	800556c <HAL_GetTick>
 8005618:	f44f 3600 	mov.w	r6, #131072	; 0x20000
 800561c:	4605      	mov	r5, r0
        while(__HAL_RCC_GET_FLAG(RCC_FLAG_HSERDY) == RESET)
 800561e:	2701      	movs	r7, #1
 8005620:	fa96 f3a6 	rbit	r3, r6
 8005624:	680a      	ldr	r2, [r1, #0]
 8005626:	fa96 f3a6 	rbit	r3, r6
 800562a:	fab3 f383 	clz	r3, r3
 800562e:	f003 031f 	and.w	r3, r3, #31
 8005632:	fa07 f303 	lsl.w	r3, r7, r3
 8005636:	4213      	tst	r3, r2
 8005638:	d1a6      	bne.n	8005588 <HAL_RCC_OscConfig+0xc>
          if((HAL_GetTick() - tickstart ) > HSE_TIMEOUT_VALUE)
 800563a:	f7ff ff97 	bl	800556c <HAL_GetTick>
 800563e:	1b40      	subs	r0, r0, r5
 8005640:	2864      	cmp	r0, #100	; 0x64
 8005642:	d9ed      	bls.n	8005620 <HAL_RCC_OscConfig+0xa4>
            return HAL_TIMEOUT;
 8005644:	2003      	movs	r0, #3
 8005646:	e7d3      	b.n	80055f0 <HAL_RCC_OscConfig+0x74>
      __HAL_RCC_HSE_CONFIG(RCC_OscInitStruct->HSEState);
 8005648:	680b      	ldr	r3, [r1, #0]
 800564a:	b932      	cbnz	r2, 800565a <HAL_RCC_OscConfig+0xde>
 800564c:	f423 3380 	bic.w	r3, r3, #65536	; 0x10000
 8005650:	600b      	str	r3, [r1, #0]
 8005652:	680b      	ldr	r3, [r1, #0]
 8005654:	f423 2380 	bic.w	r3, r3, #262144	; 0x40000
 8005658:	e7d4      	b.n	8005604 <HAL_RCC_OscConfig+0x88>
 800565a:	f5b2 2fa0 	cmp.w	r2, #327680	; 0x50000
 800565e:	d1f5      	bne.n	800564c <HAL_RCC_OscConfig+0xd0>
 8005660:	f443 2380 	orr.w	r3, r3, #262144	; 0x40000
 8005664:	600b      	str	r3, [r1, #0]
 8005666:	e7ca      	b.n	80055fe <HAL_RCC_OscConfig+0x82>
        tickstart = HAL_GetTick();
 8005668:	f7ff ff80 	bl	800556c <HAL_GetTick>
 800566c:	f44f 3600 	mov.w	r6, #131072	; 0x20000
 8005670:	4605      	mov	r5, r0
        while(__HAL_RCC_GET_FLAG(RCC_FLAG_HSERDY) != RESET)
 8005672:	2701      	movs	r7, #1
 8005674:	fa96 f3a6 	rbit	r3, r6
 8005678:	680a      	ldr	r2, [r1, #0]
 800567a:	fa96 f3a6 	rbit	r3, r6
 800567e:	fab3 f383 	clz	r3, r3
 8005682:	f003 031f 	and.w	r3, r3, #31
 8005686:	fa07 f303 	lsl.w	r3, r7, r3
 800568a:	4213      	tst	r3, r2
 800568c:	f43f af7c 	beq.w	8005588 <HAL_RCC_OscConfig+0xc>
           if((HAL_GetTick() - tickstart ) > HSE_TIMEOUT_VALUE)
 8005690:	f7ff ff6c 	bl	800556c <HAL_GetTick>
 8005694:	1b40      	subs	r0, r0, r5
 8005696:	2864      	cmp	r0, #100	; 0x64
 8005698:	d9ec      	bls.n	8005674 <HAL_RCC_OscConfig+0xf8>
 800569a:	e7d3      	b.n	8005644 <HAL_RCC_OscConfig+0xc8>
    if((__HAL_RCC_GET_SYSCLK_SOURCE() == RCC_SYSCLKSOURCE_STATUS_HSI) 
 800569c:	495e      	ldr	r1, [pc, #376]	; (8005818 <HAL_RCC_OscConfig+0x29c>)
 800569e:	684b      	ldr	r3, [r1, #4]
 80056a0:	f013 0f0c 	tst.w	r3, #12
 80056a4:	d007      	beq.n	80056b6 <HAL_RCC_OscConfig+0x13a>
       || ((__HAL_RCC_GET_SYSCLK_SOURCE() == RCC_SYSCLKSOURCE_STATUS_PLLCLK) && (__HAL_RCC_GET_PLL_OSCSOURCE() == RCC_PLLSOURCE_HSI)))
 80056a6:	684b      	ldr	r3, [r1, #4]
 80056a8:	f003 030c 	and.w	r3, r3, #12
 80056ac:	2b08      	cmp	r3, #8
 80056ae:	d121      	bne.n	80056f4 <HAL_RCC_OscConfig+0x178>
 80056b0:	684b      	ldr	r3, [r1, #4]
 80056b2:	03df      	lsls	r7, r3, #15
 80056b4:	d41e      	bmi.n	80056f4 <HAL_RCC_OscConfig+0x178>
 80056b6:	2302      	movs	r3, #2
 80056b8:	fa93 f2a3 	rbit	r2, r3
      if((__HAL_RCC_GET_FLAG(RCC_FLAG_HSIRDY) != RESET) && (RCC_OscInitStruct->HSIState != RCC_HSI_ON))
 80056bc:	6808      	ldr	r0, [r1, #0]
 80056be:	fa93 f3a3 	rbit	r3, r3
 80056c2:	fab3 f383 	clz	r3, r3
 80056c6:	f003 031f 	and.w	r3, r3, #31
 80056ca:	2201      	movs	r2, #1
 80056cc:	fa02 f303 	lsl.w	r3, r2, r3
 80056d0:	4203      	tst	r3, r0
 80056d2:	d002      	beq.n	80056da <HAL_RCC_OscConfig+0x15e>
 80056d4:	6923      	ldr	r3, [r4, #16]
 80056d6:	4293      	cmp	r3, r2
 80056d8:	d189      	bne.n	80055ee <HAL_RCC_OscConfig+0x72>
        __HAL_RCC_HSI_CALIBRATIONVALUE_ADJUST(RCC_OscInitStruct->HSICalibrationValue);
 80056da:	6808      	ldr	r0, [r1, #0]
 80056dc:	23f8      	movs	r3, #248	; 0xf8
 80056de:	fa93 f3a3 	rbit	r3, r3
 80056e2:	fab3 f283 	clz	r2, r3
 80056e6:	6963      	ldr	r3, [r4, #20]
 80056e8:	4093      	lsls	r3, r2
 80056ea:	f020 02f8 	bic.w	r2, r0, #248	; 0xf8
 80056ee:	4313      	orrs	r3, r2
 80056f0:	600b      	str	r3, [r1, #0]
 80056f2:	e74d      	b.n	8005590 <HAL_RCC_OscConfig+0x14>
      if(RCC_OscInitStruct->HSIState != RCC_HSI_OFF)
 80056f4:	6922      	ldr	r2, [r4, #16]
 80056f6:	2501      	movs	r5, #1
 80056f8:	b302      	cbz	r2, 800573c <HAL_RCC_OscConfig+0x1c0>
 80056fa:	fa95 f3a5 	rbit	r3, r5
        __HAL_RCC_HSI_ENABLE();
 80056fe:	fab3 f383 	clz	r3, r3
 8005702:	f103 5384 	add.w	r3, r3, #276824064	; 0x10800000
 8005706:	f503 1384 	add.w	r3, r3, #1081344	; 0x108000
 800570a:	009b      	lsls	r3, r3, #2
 800570c:	2702      	movs	r7, #2
 800570e:	601d      	str	r5, [r3, #0]
        tickstart = HAL_GetTick();
 8005710:	f7ff ff2c 	bl	800556c <HAL_GetTick>
 8005714:	4606      	mov	r6, r0
 8005716:	fa97 f3a7 	rbit	r3, r7
        while(__HAL_RCC_GET_FLAG(RCC_FLAG_HSIRDY) == RESET)
 800571a:	680a      	ldr	r2, [r1, #0]
 800571c:	fa97 f3a7 	rbit	r3, r7
 8005720:	fab3 f383 	clz	r3, r3
 8005724:	f003 031f 	and.w	r3, r3, #31
 8005728:	fa05 f303 	lsl.w	r3, r5, r3
 800572c:	4213      	tst	r3, r2
 800572e:	d1d4      	bne.n	80056da <HAL_RCC_OscConfig+0x15e>
          if((HAL_GetTick() - tickstart ) > HSI_TIMEOUT_VALUE)
 8005730:	f7ff ff1c 	bl	800556c <HAL_GetTick>
 8005734:	1b80      	subs	r0, r0, r6
 8005736:	2802      	cmp	r0, #2
 8005738:	d9ed      	bls.n	8005716 <HAL_RCC_OscConfig+0x19a>
 800573a:	e783      	b.n	8005644 <HAL_RCC_OscConfig+0xc8>
 800573c:	fa95 f3a5 	rbit	r3, r5
        __HAL_RCC_HSI_DISABLE();
 8005740:	fab3 f383 	clz	r3, r3
 8005744:	f103 5384 	add.w	r3, r3, #276824064	; 0x10800000
 8005748:	f503 1384 	add.w	r3, r3, #1081344	; 0x108000
 800574c:	009b      	lsls	r3, r3, #2
 800574e:	2702      	movs	r7, #2
 8005750:	601a      	str	r2, [r3, #0]
        tickstart = HAL_GetTick();
 8005752:	f7ff ff0b 	bl	800556c <HAL_GetTick>
 8005756:	4606      	mov	r6, r0
 8005758:	fa97 f3a7 	rbit	r3, r7
        while(__HAL_RCC_GET_FLAG(RCC_FLAG_HSIRDY) != RESET)
 800575c:	680a      	ldr	r2, [r1, #0]
 800575e:	fa97 f3a7 	rbit	r3, r7
 8005762:	fab3 f383 	clz	r3, r3
 8005766:	f003 031f 	and.w	r3, r3, #31
 800576a:	fa05 f303 	lsl.w	r3, r5, r3
 800576e:	4213      	tst	r3, r2
 8005770:	f43f af0e 	beq.w	8005590 <HAL_RCC_OscConfig+0x14>
          if((HAL_GetTick() - tickstart ) > HSI_TIMEOUT_VALUE)
 8005774:	f7ff fefa 	bl	800556c <HAL_GetTick>
 8005778:	1b80      	subs	r0, r0, r6
 800577a:	2802      	cmp	r0, #2
 800577c:	d9ec      	bls.n	8005758 <HAL_RCC_OscConfig+0x1dc>
 800577e:	e761      	b.n	8005644 <HAL_RCC_OscConfig+0xc8>
    if(RCC_OscInitStruct->LSIState != RCC_LSI_OFF)
 8005780:	69a2      	ldr	r2, [r4, #24]
 8005782:	4d25      	ldr	r5, [pc, #148]	; (8005818 <HAL_RCC_OscConfig+0x29c>)
 8005784:	4825      	ldr	r0, [pc, #148]	; (800581c <HAL_RCC_OscConfig+0x2a0>)
 8005786:	2101      	movs	r1, #1
 8005788:	b312      	cbz	r2, 80057d0 <HAL_RCC_OscConfig+0x254>
 800578a:	fa91 f3a1 	rbit	r3, r1
      __HAL_RCC_LSI_ENABLE();
 800578e:	fab3 f383 	clz	r3, r3
 8005792:	4403      	add	r3, r0
 8005794:	009b      	lsls	r3, r3, #2
 8005796:	2602      	movs	r6, #2
 8005798:	6019      	str	r1, [r3, #0]
      tickstart = HAL_GetTick();
 800579a:	f7ff fee7 	bl	800556c <HAL_GetTick>
 800579e:	4607      	mov	r7, r0
 80057a0:	fa96 f3a6 	rbit	r3, r6
 80057a4:	fa96 f3a6 	rbit	r3, r6
 80057a8:	fa96 f3a6 	rbit	r3, r6
      while(__HAL_RCC_GET_FLAG(RCC_FLAG_LSIRDY) == RESET)
 80057ac:	6a6a      	ldr	r2, [r5, #36]	; 0x24
 80057ae:	fa96 f3a6 	rbit	r3, r6
 80057b2:	fab3 f383 	clz	r3, r3
 80057b6:	f003 031f 	and.w	r3, r3, #31
 80057ba:	fa01 f303 	lsl.w	r3, r1, r3
 80057be:	4213      	tst	r3, r2
 80057c0:	f47f aeea 	bne.w	8005598 <HAL_RCC_OscConfig+0x1c>
        if((HAL_GetTick() - tickstart ) > LSI_TIMEOUT_VALUE)
 80057c4:	f7ff fed2 	bl	800556c <HAL_GetTick>
 80057c8:	1bc0      	subs	r0, r0, r7
 80057ca:	2802      	cmp	r0, #2
 80057cc:	d9e8      	bls.n	80057a0 <HAL_RCC_OscConfig+0x224>
 80057ce:	e739      	b.n	8005644 <HAL_RCC_OscConfig+0xc8>
 80057d0:	fa91 f3a1 	rbit	r3, r1
      __HAL_RCC_LSI_DISABLE();
 80057d4:	fab3 f383 	clz	r3, r3
 80057d8:	4403      	add	r3, r0
 80057da:	009b      	lsls	r3, r3, #2
 80057dc:	2602      	movs	r6, #2
 80057de:	601a      	str	r2, [r3, #0]
      tickstart = HAL_GetTick();
 80057e0:	f7ff fec4 	bl	800556c <HAL_GetTick>
 80057e4:	4607      	mov	r7, r0
 80057e6:	fa96 f3a6 	rbit	r3, r6
 80057ea:	fa96 f3a6 	rbit	r3, r6
 80057ee:	fa96 f3a6 	rbit	r3, r6
      while(__HAL_RCC_GET_FLAG(RCC_FLAG_LSIRDY) != RESET)
 80057f2:	6a6a      	ldr	r2, [r5, #36]	; 0x24
 80057f4:	fa96 f3a6 	rbit	r3, r6
 80057f8:	fab3 f383 	clz	r3, r3
 80057fc:	f003 031f 	and.w	r3, r3, #31
 8005800:	fa01 f303 	lsl.w	r3, r1, r3
 8005804:	4213      	tst	r3, r2
 8005806:	f43f aec7 	beq.w	8005598 <HAL_RCC_OscConfig+0x1c>
        if((HAL_GetTick() - tickstart ) > LSI_TIMEOUT_VALUE)
 800580a:	f7ff feaf 	bl	800556c <HAL_GetTick>
 800580e:	1bc0      	subs	r0, r0, r7
 8005810:	2802      	cmp	r0, #2
 8005812:	d9e8      	bls.n	80057e6 <HAL_RCC_OscConfig+0x26a>
 8005814:	e716      	b.n	8005644 <HAL_RCC_OscConfig+0xc8>
 8005816:	bf00      	nop
 8005818:	40021000 	.word	0x40021000
 800581c:	10908120 	.word	0x10908120
    if(__HAL_RCC_PWR_IS_CLK_DISABLED())
 8005820:	498a      	ldr	r1, [pc, #552]	; (8005a4c <HAL_RCC_OscConfig+0x4d0>)
 8005822:	69cb      	ldr	r3, [r1, #28]
 8005824:	00d8      	lsls	r0, r3, #3
 8005826:	d433      	bmi.n	8005890 <HAL_RCC_OscConfig+0x314>
      __HAL_RCC_PWR_CLK_ENABLE();
 8005828:	69cb      	ldr	r3, [r1, #28]
 800582a:	f043 5380 	orr.w	r3, r3, #268435456	; 0x10000000
 800582e:	61cb      	str	r3, [r1, #28]
 8005830:	69cb      	ldr	r3, [r1, #28]
 8005832:	f003 5380 	and.w	r3, r3, #268435456	; 0x10000000
 8005836:	9301      	str	r3, [sp, #4]
 8005838:	9b01      	ldr	r3, [sp, #4]
      pwrclkchanged = SET;
 800583a:	2501      	movs	r5, #1
    if(HAL_IS_BIT_CLR(PWR->CR, PWR_CR_DBP))
 800583c:	4e84      	ldr	r6, [pc, #528]	; (8005a50 <HAL_RCC_OscConfig+0x4d4>)
 800583e:	6833      	ldr	r3, [r6, #0]
 8005840:	05da      	lsls	r2, r3, #23
 8005842:	d527      	bpl.n	8005894 <HAL_RCC_OscConfig+0x318>
    __HAL_RCC_LSE_CONFIG(RCC_OscInitStruct->LSEState);
 8005844:	68e3      	ldr	r3, [r4, #12]
 8005846:	2b01      	cmp	r3, #1
 8005848:	d134      	bne.n	80058b4 <HAL_RCC_OscConfig+0x338>
 800584a:	6a0b      	ldr	r3, [r1, #32]
 800584c:	f043 0301 	orr.w	r3, r3, #1
 8005850:	620b      	str	r3, [r1, #32]
      tickstart = HAL_GetTick();
 8005852:	f7ff fe8b 	bl	800556c <HAL_GetTick>
 8005856:	2602      	movs	r6, #2
 8005858:	4607      	mov	r7, r0
      while(__HAL_RCC_GET_FLAG(RCC_FLAG_LSERDY) == RESET)
 800585a:	f04f 0801 	mov.w	r8, #1
 800585e:	fa96 f3a6 	rbit	r3, r6
 8005862:	fa96 f3a6 	rbit	r3, r6
 8005866:	2b00      	cmp	r3, #0
 8005868:	d061      	beq.n	800592e <HAL_RCC_OscConfig+0x3b2>
 800586a:	6a0a      	ldr	r2, [r1, #32]
 800586c:	fa96 f3a6 	rbit	r3, r6
 8005870:	fab3 f383 	clz	r3, r3
 8005874:	f003 031f 	and.w	r3, r3, #31
 8005878:	fa08 f303 	lsl.w	r3, r8, r3
 800587c:	4213      	tst	r3, r2
 800587e:	d04e      	beq.n	800591e <HAL_RCC_OscConfig+0x3a2>
    if(pwrclkchanged == SET)
 8005880:	2d00      	cmp	r5, #0
 8005882:	f43f ae8d 	beq.w	80055a0 <HAL_RCC_OscConfig+0x24>
      __HAL_RCC_PWR_CLK_DISABLE();
 8005886:	69cb      	ldr	r3, [r1, #28]
 8005888:	f023 5380 	bic.w	r3, r3, #268435456	; 0x10000000
 800588c:	61cb      	str	r3, [r1, #28]
 800588e:	e687      	b.n	80055a0 <HAL_RCC_OscConfig+0x24>
    FlagStatus       pwrclkchanged = RESET;
 8005890:	2500      	movs	r5, #0
 8005892:	e7d3      	b.n	800583c <HAL_RCC_OscConfig+0x2c0>
      SET_BIT(PWR->CR, PWR_CR_DBP);
 8005894:	6833      	ldr	r3, [r6, #0]
 8005896:	f443 7380 	orr.w	r3, r3, #256	; 0x100
 800589a:	6033      	str	r3, [r6, #0]
      tickstart = HAL_GetTick();
 800589c:	f7ff fe66 	bl	800556c <HAL_GetTick>
 80058a0:	4607      	mov	r7, r0
      while(HAL_IS_BIT_CLR(PWR->CR, PWR_CR_DBP))
 80058a2:	6833      	ldr	r3, [r6, #0]
 80058a4:	05db      	lsls	r3, r3, #23
 80058a6:	d4cd      	bmi.n	8005844 <HAL_RCC_OscConfig+0x2c8>
        if((HAL_GetTick() - tickstart) > RCC_DBP_TIMEOUT_VALUE)
 80058a8:	f7ff fe60 	bl	800556c <HAL_GetTick>
 80058ac:	1bc0      	subs	r0, r0, r7
 80058ae:	2864      	cmp	r0, #100	; 0x64
 80058b0:	d9f7      	bls.n	80058a2 <HAL_RCC_OscConfig+0x326>
 80058b2:	e6c7      	b.n	8005644 <HAL_RCC_OscConfig+0xc8>
    __HAL_RCC_LSE_CONFIG(RCC_OscInitStruct->LSEState);
 80058b4:	bb2b      	cbnz	r3, 8005902 <HAL_RCC_OscConfig+0x386>
 80058b6:	6a0b      	ldr	r3, [r1, #32]
 80058b8:	f023 0301 	bic.w	r3, r3, #1
 80058bc:	620b      	str	r3, [r1, #32]
 80058be:	6a0b      	ldr	r3, [r1, #32]
 80058c0:	f023 0304 	bic.w	r3, r3, #4
 80058c4:	620b      	str	r3, [r1, #32]
      tickstart = HAL_GetTick();
 80058c6:	f7ff fe51 	bl	800556c <HAL_GetTick>
 80058ca:	2602      	movs	r6, #2
 80058cc:	4607      	mov	r7, r0
      while(__HAL_RCC_GET_FLAG(RCC_FLAG_LSERDY) != RESET)
 80058ce:	f04f 0801 	mov.w	r8, #1
 80058d2:	fa96 f3a6 	rbit	r3, r6
 80058d6:	fa96 f3a6 	rbit	r3, r6
 80058da:	b363      	cbz	r3, 8005936 <HAL_RCC_OscConfig+0x3ba>
 80058dc:	6a0a      	ldr	r2, [r1, #32]
 80058de:	fa96 f3a6 	rbit	r3, r6
 80058e2:	fab3 f383 	clz	r3, r3
 80058e6:	f003 031f 	and.w	r3, r3, #31
 80058ea:	fa08 f303 	lsl.w	r3, r8, r3
 80058ee:	4213      	tst	r3, r2
 80058f0:	d0c6      	beq.n	8005880 <HAL_RCC_OscConfig+0x304>
        if((HAL_GetTick() - tickstart ) > RCC_LSE_TIMEOUT_VALUE)
 80058f2:	f7ff fe3b 	bl	800556c <HAL_GetTick>
 80058f6:	f241 3388 	movw	r3, #5000	; 0x1388
 80058fa:	1bc0      	subs	r0, r0, r7
 80058fc:	4298      	cmp	r0, r3
 80058fe:	d9e8      	bls.n	80058d2 <HAL_RCC_OscConfig+0x356>
 8005900:	e6a0      	b.n	8005644 <HAL_RCC_OscConfig+0xc8>
    __HAL_RCC_LSE_CONFIG(RCC_OscInitStruct->LSEState);
 8005902:	2b05      	cmp	r3, #5
 8005904:	6a0b      	ldr	r3, [r1, #32]
 8005906:	d103      	bne.n	8005910 <HAL_RCC_OscConfig+0x394>
 8005908:	f043 0304 	orr.w	r3, r3, #4
 800590c:	620b      	str	r3, [r1, #32]
 800590e:	e79c      	b.n	800584a <HAL_RCC_OscConfig+0x2ce>
 8005910:	f023 0301 	bic.w	r3, r3, #1
 8005914:	620b      	str	r3, [r1, #32]
 8005916:	6a0b      	ldr	r3, [r1, #32]
 8005918:	f023 0304 	bic.w	r3, r3, #4
 800591c:	e798      	b.n	8005850 <HAL_RCC_OscConfig+0x2d4>
        if((HAL_GetTick() - tickstart ) > RCC_LSE_TIMEOUT_VALUE)
 800591e:	f7ff fe25 	bl	800556c <HAL_GetTick>
 8005922:	f241 3388 	movw	r3, #5000	; 0x1388
 8005926:	1bc0      	subs	r0, r0, r7
 8005928:	4298      	cmp	r0, r3
 800592a:	d998      	bls.n	800585e <HAL_RCC_OscConfig+0x2e2>
 800592c:	e68a      	b.n	8005644 <HAL_RCC_OscConfig+0xc8>
 800592e:	fa96 f3a6 	rbit	r3, r6
      while(__HAL_RCC_GET_FLAG(RCC_FLAG_LSERDY) == RESET)
 8005932:	6a4a      	ldr	r2, [r1, #36]	; 0x24
 8005934:	e79a      	b.n	800586c <HAL_RCC_OscConfig+0x2f0>
 8005936:	fa96 f3a6 	rbit	r3, r6
      while(__HAL_RCC_GET_FLAG(RCC_FLAG_LSERDY) != RESET)
 800593a:	6a4a      	ldr	r2, [r1, #36]	; 0x24
 800593c:	e7cf      	b.n	80058de <HAL_RCC_OscConfig+0x362>
    if(__HAL_RCC_GET_SYSCLK_SOURCE() != RCC_SYSCLKSOURCE_STATUS_PLLCLK)
 800593e:	4943      	ldr	r1, [pc, #268]	; (8005a4c <HAL_RCC_OscConfig+0x4d0>)
 8005940:	684b      	ldr	r3, [r1, #4]
 8005942:	f003 030c 	and.w	r3, r3, #12
 8005946:	2b08      	cmp	r3, #8
 8005948:	f43f ae51 	beq.w	80055ee <HAL_RCC_OscConfig+0x72>
      if((RCC_OscInitStruct->PLL.PLLState) == RCC_PLL_ON)
 800594c:	2a02      	cmp	r2, #2
 800594e:	f04f 7380 	mov.w	r3, #16777216	; 0x1000000
 8005952:	d154      	bne.n	80059fe <HAL_RCC_OscConfig+0x482>
 8005954:	fa93 f3a3 	rbit	r3, r3
        __HAL_RCC_PLL_DISABLE();
 8005958:	fab3 f383 	clz	r3, r3
 800595c:	f103 5384 	add.w	r3, r3, #276824064	; 0x10800000
 8005960:	f503 1384 	add.w	r3, r3, #1081344	; 0x108000
 8005964:	009b      	lsls	r3, r3, #2
 8005966:	2200      	movs	r2, #0
 8005968:	601a      	str	r2, [r3, #0]
        tickstart = HAL_GetTick();
 800596a:	f7ff fdff 	bl	800556c <HAL_GetTick>
          if((HAL_GetTick() - tickstart ) > PLL_TIMEOUT_VALUE)
 800596e:	f8df 80e4 	ldr.w	r8, [pc, #228]	; 8005a54 <HAL_RCC_OscConfig+0x4d8>
        tickstart = HAL_GetTick();
 8005972:	4606      	mov	r6, r0
 8005974:	f04f 7700 	mov.w	r7, #33554432	; 0x2000000
        while(__HAL_RCC_GET_FLAG(RCC_FLAG_PLLRDY)  != RESET)
 8005978:	2501      	movs	r5, #1
 800597a:	fa97 f3a7 	rbit	r3, r7
 800597e:	680a      	ldr	r2, [r1, #0]
 8005980:	fa97 f3a7 	rbit	r3, r7
 8005984:	fab3 f383 	clz	r3, r3
 8005988:	f003 031f 	and.w	r3, r3, #31
 800598c:	fa05 f303 	lsl.w	r3, r5, r3
 8005990:	4213      	tst	r3, r2
 8005992:	d12e      	bne.n	80059f2 <HAL_RCC_OscConfig+0x476>
      __HAL_RCC_PLL_CONFIG(RCC_OscInitStruct->PLL.PLLSource,
 8005994:	e9d4 0308 	ldrd	r0, r3, [r4, #32]
 8005998:	684a      	ldr	r2, [r1, #4]
 800599a:	4303      	orrs	r3, r0
 800599c:	f422 1274 	bic.w	r2, r2, #3997696	; 0x3d0000
 80059a0:	4313      	orrs	r3, r2
 80059a2:	604b      	str	r3, [r1, #4]
 80059a4:	f04f 7380 	mov.w	r3, #16777216	; 0x1000000
 80059a8:	fa93 f3a3 	rbit	r3, r3
        __HAL_RCC_PLL_ENABLE();
 80059ac:	fab3 f383 	clz	r3, r3
 80059b0:	f103 5384 	add.w	r3, r3, #276824064	; 0x10800000
 80059b4:	f503 1384 	add.w	r3, r3, #1081344	; 0x108000
 80059b8:	009b      	lsls	r3, r3, #2
          if((HAL_GetTick() - tickstart ) > PLL_TIMEOUT_VALUE)
 80059ba:	4f26      	ldr	r7, [pc, #152]	; (8005a54 <HAL_RCC_OscConfig+0x4d8>)
        __HAL_RCC_PLL_ENABLE();
 80059bc:	601d      	str	r5, [r3, #0]
        tickstart = HAL_GetTick();
 80059be:	f7ff fdd5 	bl	800556c <HAL_GetTick>
 80059c2:	f04f 7500 	mov.w	r5, #33554432	; 0x2000000
 80059c6:	4604      	mov	r4, r0
        while(__HAL_RCC_GET_FLAG(RCC_FLAG_PLLRDY)  == RESET)
 80059c8:	2601      	movs	r6, #1
 80059ca:	fa95 f3a5 	rbit	r3, r5
 80059ce:	680a      	ldr	r2, [r1, #0]
 80059d0:	fa95 f3a5 	rbit	r3, r5
 80059d4:	fab3 f383 	clz	r3, r3
 80059d8:	f003 031f 	and.w	r3, r3, #31
 80059dc:	fa06 f303 	lsl.w	r3, r6, r3
 80059e0:	4213      	tst	r3, r2
 80059e2:	f47f ade1 	bne.w	80055a8 <HAL_RCC_OscConfig+0x2c>
          if((HAL_GetTick() - tickstart ) > PLL_TIMEOUT_VALUE)
 80059e6:	f7ff fdc1 	bl	800556c <HAL_GetTick>
 80059ea:	1b00      	subs	r0, r0, r4
 80059ec:	42b8      	cmp	r0, r7
 80059ee:	d9ec      	bls.n	80059ca <HAL_RCC_OscConfig+0x44e>
 80059f0:	e628      	b.n	8005644 <HAL_RCC_OscConfig+0xc8>
          if((HAL_GetTick() - tickstart ) > PLL_TIMEOUT_VALUE)
 80059f2:	f7ff fdbb 	bl	800556c <HAL_GetTick>
 80059f6:	1b80      	subs	r0, r0, r6
 80059f8:	4540      	cmp	r0, r8
 80059fa:	d9be      	bls.n	800597a <HAL_RCC_OscConfig+0x3fe>
 80059fc:	e622      	b.n	8005644 <HAL_RCC_OscConfig+0xc8>
 80059fe:	fa93 f3a3 	rbit	r3, r3
        __HAL_RCC_PLL_DISABLE();
 8005a02:	fab3 f383 	clz	r3, r3
 8005a06:	f103 5384 	add.w	r3, r3, #276824064	; 0x10800000
 8005a0a:	f503 1384 	add.w	r3, r3, #1081344	; 0x108000
 8005a0e:	009b      	lsls	r3, r3, #2
 8005a10:	2200      	movs	r2, #0
 8005a12:	601a      	str	r2, [r3, #0]
        tickstart = HAL_GetTick();
 8005a14:	f7ff fdaa 	bl	800556c <HAL_GetTick>
          if((HAL_GetTick() - tickstart ) > PLL_TIMEOUT_VALUE)
 8005a18:	4f0e      	ldr	r7, [pc, #56]	; (8005a54 <HAL_RCC_OscConfig+0x4d8>)
        tickstart = HAL_GetTick();
 8005a1a:	4604      	mov	r4, r0
 8005a1c:	f04f 7500 	mov.w	r5, #33554432	; 0x2000000
        while(__HAL_RCC_GET_FLAG(RCC_FLAG_PLLRDY)  != RESET)
 8005a20:	2601      	movs	r6, #1
 8005a22:	fa95 f3a5 	rbit	r3, r5
 8005a26:	680a      	ldr	r2, [r1, #0]
 8005a28:	fa95 f3a5 	rbit	r3, r5
 8005a2c:	fab3 f383 	clz	r3, r3
 8005a30:	f003 031f 	and.w	r3, r3, #31
 8005a34:	fa06 f303 	lsl.w	r3, r6, r3
 8005a38:	4213      	tst	r3, r2
 8005a3a:	f43f adb5 	beq.w	80055a8 <HAL_RCC_OscConfig+0x2c>
          if((HAL_GetTick() - tickstart ) > PLL_TIMEOUT_VALUE)
 8005a3e:	f7ff fd95 	bl	800556c <HAL_GetTick>
 8005a42:	1b00      	subs	r0, r0, r4
 8005a44:	42b8      	cmp	r0, r7
 8005a46:	d9ec      	bls.n	8005a22 <HAL_RCC_OscConfig+0x4a6>
 8005a48:	e5fc      	b.n	8005644 <HAL_RCC_OscConfig+0xc8>
 8005a4a:	bf00      	nop
 8005a4c:	40021000 	.word	0x40021000
 8005a50:	40007000 	.word	0x40007000
 8005a54:	00030d40 	.word	0x00030d40

08005a58 <HAL_RCC_ClockConfig>:
  /* To correctly read data from FLASH memory, the number of wait states (LATENCY) 
  must be correctly programmed according to the frequency of the CPU clock 
    (HCLK) of the device. */

  /* Increasing the number of wait states because of higher CPU frequency */
  if(FLatency > (FLASH->ACR & FLASH_ACR_LATENCY))
 8005a58:	4a50      	ldr	r2, [pc, #320]	; (8005b9c <HAL_RCC_ClockConfig+0x144>)
{
 8005a5a:	b5f8      	push	{r3, r4, r5, r6, r7, lr}
  if(FLatency > (FLASH->ACR & FLASH_ACR_LATENCY))
 8005a5c:	6813      	ldr	r3, [r2, #0]
 8005a5e:	f003 0307 	and.w	r3, r3, #7
 8005a62:	428b      	cmp	r3, r1
{
 8005a64:	4604      	mov	r4, r0
  if(FLatency > (FLASH->ACR & FLASH_ACR_LATENCY))
 8005a66:	d31b      	bcc.n	8005aa0 <HAL_RCC_ClockConfig+0x48>
      return HAL_ERROR;
    }
  }

  /*-------------------------- HCLK Configuration --------------------------*/
  if(((RCC_ClkInitStruct->ClockType) & RCC_CLOCKTYPE_HCLK) == RCC_CLOCKTYPE_HCLK)
 8005a68:	6822      	ldr	r2, [r4, #0]
 8005a6a:	0790      	lsls	r0, r2, #30
 8005a6c:	d424      	bmi.n	8005ab8 <HAL_RCC_ClockConfig+0x60>
    assert_param(IS_RCC_HCLK(RCC_ClkInitStruct->AHBCLKDivider));
    MODIFY_REG(RCC->CFGR, RCC_CFGR_HPRE, RCC_ClkInitStruct->AHBCLKDivider);
  }

  /*------------------------- SYSCLK Configuration ---------------------------*/ 
  if(((RCC_ClkInitStruct->ClockType) & RCC_CLOCKTYPE_SYSCLK) == RCC_CLOCKTYPE_SYSCLK)
 8005a6e:	07d2      	lsls	r2, r2, #31
 8005a70:	d42a      	bmi.n	8005ac8 <HAL_RCC_ClockConfig+0x70>
        }
      }
    }      
  }    
  /* Decreasing the number of wait states because of lower CPU frequency */
  if(FLatency < (FLASH->ACR & FLASH_ACR_LATENCY))
 8005a72:	4a4a      	ldr	r2, [pc, #296]	; (8005b9c <HAL_RCC_ClockConfig+0x144>)
 8005a74:	6813      	ldr	r3, [r2, #0]
 8005a76:	f003 0307 	and.w	r3, r3, #7
 8005a7a:	428b      	cmp	r3, r1
 8005a7c:	d87a      	bhi.n	8005b74 <HAL_RCC_ClockConfig+0x11c>
      return HAL_ERROR;
    }
  }    

  /*-------------------------- PCLK1 Configuration ---------------------------*/ 
  if(((RCC_ClkInitStruct->ClockType) & RCC_CLOCKTYPE_PCLK1) == RCC_CLOCKTYPE_PCLK1)
 8005a7e:	6820      	ldr	r0, [r4, #0]
 8005a80:	0743      	lsls	r3, r0, #29
 8005a82:	f100 8082 	bmi.w	8005b8a <HAL_RCC_ClockConfig+0x132>
    assert_param(IS_RCC_PCLK(RCC_ClkInitStruct->APB1CLKDivider));
    MODIFY_REG(RCC->CFGR, RCC_CFGR_PPRE1, RCC_ClkInitStruct->APB1CLKDivider);
  }
  
  /*-------------------------- PCLK2 Configuration ---------------------------*/ 
  if(((RCC_ClkInitStruct->ClockType) & RCC_CLOCKTYPE_PCLK2) == RCC_CLOCKTYPE_PCLK2)
 8005a86:	f010 0008 	ands.w	r0, r0, #8
 8005a8a:	d014      	beq.n	8005ab6 <HAL_RCC_ClockConfig+0x5e>
  {
    assert_param(IS_RCC_PCLK(RCC_ClkInitStruct->APB2CLKDivider));
    MODIFY_REG(RCC->CFGR, RCC_CFGR_PPRE2, ((RCC_ClkInitStruct->APB2CLKDivider) << 3U));
 8005a8c:	4a44      	ldr	r2, [pc, #272]	; (8005ba0 <HAL_RCC_ClockConfig+0x148>)
 8005a8e:	6921      	ldr	r1, [r4, #16]
 8005a90:	6853      	ldr	r3, [r2, #4]
 8005a92:	f423 5360 	bic.w	r3, r3, #14336	; 0x3800
 8005a96:	ea43 03c1 	orr.w	r3, r3, r1, lsl #3
 8005a9a:	6053      	str	r3, [r2, #4]
  //SystemCoreClock = HAL_RCC_GetSysClockFreq() >> AHBPrescTable[(RCC->CFGR & RCC_CFGR_HPRE)>> RCC_CFGR_HPRE_BITNUMBER];

  /* Configure the source of time base considering new system clocks settings*/
  //HAL_InitTick (TICK_INT_PRIORITY);
  
  return HAL_OK;
 8005a9c:	2000      	movs	r0, #0
 8005a9e:	e00a      	b.n	8005ab6 <HAL_RCC_ClockConfig+0x5e>
    __HAL_FLASH_SET_LATENCY(FLatency);
 8005aa0:	6813      	ldr	r3, [r2, #0]
 8005aa2:	f023 0307 	bic.w	r3, r3, #7
 8005aa6:	430b      	orrs	r3, r1
 8005aa8:	6013      	str	r3, [r2, #0]
    if((FLASH->ACR & FLASH_ACR_LATENCY) != FLatency)
 8005aaa:	6813      	ldr	r3, [r2, #0]
 8005aac:	f003 0307 	and.w	r3, r3, #7
 8005ab0:	428b      	cmp	r3, r1
 8005ab2:	d0d9      	beq.n	8005a68 <HAL_RCC_ClockConfig+0x10>
      return HAL_ERROR;
 8005ab4:	2001      	movs	r0, #1
}
 8005ab6:	bdf8      	pop	{r3, r4, r5, r6, r7, pc}
    MODIFY_REG(RCC->CFGR, RCC_CFGR_HPRE, RCC_ClkInitStruct->AHBCLKDivider);
 8005ab8:	4839      	ldr	r0, [pc, #228]	; (8005ba0 <HAL_RCC_ClockConfig+0x148>)
 8005aba:	68a5      	ldr	r5, [r4, #8]
 8005abc:	6843      	ldr	r3, [r0, #4]
 8005abe:	f023 03f0 	bic.w	r3, r3, #240	; 0xf0
 8005ac2:	432b      	orrs	r3, r5
 8005ac4:	6043      	str	r3, [r0, #4]
 8005ac6:	e7d2      	b.n	8005a6e <HAL_RCC_ClockConfig+0x16>
    if(RCC_ClkInitStruct->SYSCLKSource == RCC_SYSCLKSOURCE_HSE)
 8005ac8:	6862      	ldr	r2, [r4, #4]
 8005aca:	4d35      	ldr	r5, [pc, #212]	; (8005ba0 <HAL_RCC_ClockConfig+0x148>)
 8005acc:	2a01      	cmp	r2, #1
 8005ace:	d127      	bne.n	8005b20 <HAL_RCC_ClockConfig+0xc8>
 8005ad0:	f44f 3300 	mov.w	r3, #131072	; 0x20000
 8005ad4:	fa93 f0a3 	rbit	r0, r3
      if(__HAL_RCC_GET_FLAG(RCC_FLAG_HSERDY) == RESET)
 8005ad8:	6828      	ldr	r0, [r5, #0]
 8005ada:	fa93 f3a3 	rbit	r3, r3
 8005ade:	fab3 f383 	clz	r3, r3
 8005ae2:	f003 031f 	and.w	r3, r3, #31
 8005ae6:	fa02 f303 	lsl.w	r3, r2, r3
 8005aea:	4203      	tst	r3, r0
      if(__HAL_RCC_GET_FLAG(RCC_FLAG_HSIRDY) == RESET)
 8005aec:	d0e2      	beq.n	8005ab4 <HAL_RCC_ClockConfig+0x5c>
    __HAL_RCC_SYSCLK_CONFIG(RCC_ClkInitStruct->SYSCLKSource);
 8005aee:	686b      	ldr	r3, [r5, #4]
 8005af0:	f023 0303 	bic.w	r3, r3, #3
 8005af4:	431a      	orrs	r2, r3
 8005af6:	606a      	str	r2, [r5, #4]
    tickstart = HAL_GetTick();
 8005af8:	f7ff fd38 	bl	800556c <HAL_GetTick>
    if(RCC_ClkInitStruct->SYSCLKSource == RCC_SYSCLKSOURCE_HSE)
 8005afc:	6863      	ldr	r3, [r4, #4]
 8005afe:	2b01      	cmp	r3, #1
    tickstart = HAL_GetTick();
 8005b00:	4606      	mov	r6, r0
        if((HAL_GetTick() - tickstart ) > CLOCKSWITCH_TIMEOUT_VALUE)
 8005b02:	f241 3788 	movw	r7, #5000	; 0x1388
    if(RCC_ClkInitStruct->SYSCLKSource == RCC_SYSCLKSOURCE_HSE)
 8005b06:	d11e      	bne.n	8005b46 <HAL_RCC_ClockConfig+0xee>
      while (__HAL_RCC_GET_SYSCLK_SOURCE() != RCC_SYSCLKSOURCE_STATUS_HSE)
 8005b08:	686b      	ldr	r3, [r5, #4]
 8005b0a:	f003 030c 	and.w	r3, r3, #12
 8005b0e:	2b04      	cmp	r3, #4
 8005b10:	d0af      	beq.n	8005a72 <HAL_RCC_ClockConfig+0x1a>
        if((HAL_GetTick() - tickstart ) > CLOCKSWITCH_TIMEOUT_VALUE)
 8005b12:	f7ff fd2b 	bl	800556c <HAL_GetTick>
 8005b16:	1b80      	subs	r0, r0, r6
 8005b18:	42b8      	cmp	r0, r7
 8005b1a:	d9f5      	bls.n	8005b08 <HAL_RCC_ClockConfig+0xb0>
          return HAL_TIMEOUT;
 8005b1c:	2003      	movs	r0, #3
 8005b1e:	e7ca      	b.n	8005ab6 <HAL_RCC_ClockConfig+0x5e>
    else if(RCC_ClkInitStruct->SYSCLKSource == RCC_SYSCLKSOURCE_PLLCLK)
 8005b20:	2a02      	cmp	r2, #2
 8005b22:	bf0c      	ite	eq
 8005b24:	f04f 7300 	moveq.w	r3, #33554432	; 0x2000000
 8005b28:	2302      	movne	r3, #2
 8005b2a:	fa93 f0a3 	rbit	r0, r3
      if(__HAL_RCC_GET_FLAG(RCC_FLAG_HSIRDY) == RESET)
 8005b2e:	682e      	ldr	r6, [r5, #0]
 8005b30:	fa93 f3a3 	rbit	r3, r3
 8005b34:	fab3 f383 	clz	r3, r3
 8005b38:	f003 031f 	and.w	r3, r3, #31
 8005b3c:	2001      	movs	r0, #1
 8005b3e:	fa00 f303 	lsl.w	r3, r0, r3
 8005b42:	4233      	tst	r3, r6
 8005b44:	e7d2      	b.n	8005aec <HAL_RCC_ClockConfig+0x94>
    else if(RCC_ClkInitStruct->SYSCLKSource == RCC_SYSCLKSOURCE_PLLCLK)
 8005b46:	2b02      	cmp	r3, #2
 8005b48:	d10f      	bne.n	8005b6a <HAL_RCC_ClockConfig+0x112>
      while (__HAL_RCC_GET_SYSCLK_SOURCE() != RCC_SYSCLKSOURCE_STATUS_PLLCLK)
 8005b4a:	686b      	ldr	r3, [r5, #4]
 8005b4c:	f003 030c 	and.w	r3, r3, #12
 8005b50:	2b08      	cmp	r3, #8
 8005b52:	d08e      	beq.n	8005a72 <HAL_RCC_ClockConfig+0x1a>
        if((HAL_GetTick() - tickstart ) > CLOCKSWITCH_TIMEOUT_VALUE)
 8005b54:	f7ff fd0a 	bl	800556c <HAL_GetTick>
 8005b58:	1b80      	subs	r0, r0, r6
 8005b5a:	42b8      	cmp	r0, r7
 8005b5c:	d9f5      	bls.n	8005b4a <HAL_RCC_ClockConfig+0xf2>
 8005b5e:	e7dd      	b.n	8005b1c <HAL_RCC_ClockConfig+0xc4>
        if((HAL_GetTick() - tickstart ) > CLOCKSWITCH_TIMEOUT_VALUE)
 8005b60:	f7ff fd04 	bl	800556c <HAL_GetTick>
 8005b64:	1b80      	subs	r0, r0, r6
 8005b66:	42b8      	cmp	r0, r7
 8005b68:	d8d8      	bhi.n	8005b1c <HAL_RCC_ClockConfig+0xc4>
      while (__HAL_RCC_GET_SYSCLK_SOURCE() != RCC_SYSCLKSOURCE_STATUS_HSI)
 8005b6a:	686b      	ldr	r3, [r5, #4]
 8005b6c:	f013 0f0c 	tst.w	r3, #12
 8005b70:	d1f6      	bne.n	8005b60 <HAL_RCC_ClockConfig+0x108>
 8005b72:	e77e      	b.n	8005a72 <HAL_RCC_ClockConfig+0x1a>
    __HAL_FLASH_SET_LATENCY(FLatency);
 8005b74:	6813      	ldr	r3, [r2, #0]
 8005b76:	f023 0307 	bic.w	r3, r3, #7
 8005b7a:	430b      	orrs	r3, r1
 8005b7c:	6013      	str	r3, [r2, #0]
    if((FLASH->ACR & FLASH_ACR_LATENCY) != FLatency)
 8005b7e:	6813      	ldr	r3, [r2, #0]
 8005b80:	f003 0307 	and.w	r3, r3, #7
 8005b84:	428b      	cmp	r3, r1
 8005b86:	d195      	bne.n	8005ab4 <HAL_RCC_ClockConfig+0x5c>
 8005b88:	e779      	b.n	8005a7e <HAL_RCC_ClockConfig+0x26>
    MODIFY_REG(RCC->CFGR, RCC_CFGR_PPRE1, RCC_ClkInitStruct->APB1CLKDivider);
 8005b8a:	4905      	ldr	r1, [pc, #20]	; (8005ba0 <HAL_RCC_ClockConfig+0x148>)
 8005b8c:	68e3      	ldr	r3, [r4, #12]
 8005b8e:	684a      	ldr	r2, [r1, #4]
 8005b90:	f422 62e0 	bic.w	r2, r2, #1792	; 0x700
 8005b94:	431a      	orrs	r2, r3
 8005b96:	604a      	str	r2, [r1, #4]
 8005b98:	e775      	b.n	8005a86 <HAL_RCC_ClockConfig+0x2e>
 8005b9a:	bf00      	nop
 8005b9c:	40022000 	.word	0x40022000
 8005ba0:	40021000 	.word	0x40021000

08005ba4 <HAL_GPIO_Init>:
  * @param  GPIO_Init: pointer to a GPIO_InitTypeDef structure that contains
  *         the configuration information for the specified GPIO peripheral.
  * @retval None
  */
void HAL_GPIO_Init(GPIO_TypeDef  *GPIOx, GPIO_InitTypeDef *GPIO_Init)
{
 8005ba4:	e92d 4ff7 	stmdb	sp!, {r0, r1, r2, r4, r5, r6, r7, r8, r9, sl, fp, lr}
      /*--------------------- EXTI Mode Configuration ------------------------*/
      /* Configure the External Interrupt or event for the current IO */
      if((GPIO_Init->Mode & EXTI_MODE) == EXTI_MODE)
      {
        /* Enable SYSCFG Clock */
        __HAL_RCC_SYSCFG_CLK_ENABLE();
 8005ba8:	f8df 8174 	ldr.w	r8, [pc, #372]	; 8005d20 <HAL_GPIO_Init+0x17c>
        temp &= ~((0x0FU) << (4U * (position & 0x03U)));
        temp |= (GPIO_GET_INDEX(GPIOx) << (4U * (position & 0x03U)));
        SYSCFG->EXTICR[position >> 2] = temp;

        /* Clear EXTI line configuration */
        temp = EXTI->IMR;
 8005bac:	4c5d      	ldr	r4, [pc, #372]	; (8005d24 <HAL_GPIO_Init+0x180>)
  uint32_t position = 0x00U;
 8005bae:	2300      	movs	r3, #0
    iocurrent = (GPIO_Init->Pin) & (1U << position);
 8005bb0:	f04f 0901 	mov.w	r9, #1
  while (((GPIO_Init->Pin) >> position) != RESET)
 8005bb4:	680a      	ldr	r2, [r1, #0]
 8005bb6:	fa32 f503 	lsrs.w	r5, r2, r3
 8005bba:	d102      	bne.n	8005bc2 <HAL_GPIO_Init+0x1e>
      }
    }
    
    position++;
  }
}
 8005bbc:	b003      	add	sp, #12
 8005bbe:	e8bd 8ff0 	ldmia.w	sp!, {r4, r5, r6, r7, r8, r9, sl, fp, pc}
    iocurrent = (GPIO_Init->Pin) & (1U << position);
 8005bc2:	fa09 fa03 	lsl.w	sl, r9, r3
    if(iocurrent)
 8005bc6:	ea1a 0202 	ands.w	r2, sl, r2
 8005bca:	f000 809e 	beq.w	8005d0a <HAL_GPIO_Init+0x166>
      if((GPIO_Init->Mode == GPIO_MODE_AF_PP) || (GPIO_Init->Mode == GPIO_MODE_AF_OD))
 8005bce:	684d      	ldr	r5, [r1, #4]
 8005bd0:	f025 0e10 	bic.w	lr, r5, #16
 8005bd4:	f1be 0f02 	cmp.w	lr, #2
 8005bd8:	d114      	bne.n	8005c04 <HAL_GPIO_Init+0x60>
        temp = GPIOx->AFR[position >> 3];
 8005bda:	ea4f 0cd3 	mov.w	ip, r3, lsr #3
 8005bde:	eb00 0c8c 	add.w	ip, r0, ip, lsl #2
        temp &= ~(0xFU << ((uint32_t)(position & 0x07U) * 4U)) ;
 8005be2:	f003 0b07 	and.w	fp, r3, #7
        temp = GPIOx->AFR[position >> 3];
 8005be6:	f8dc 6020 	ldr.w	r6, [ip, #32]
        temp &= ~(0xFU << ((uint32_t)(position & 0x07U) * 4U)) ;
 8005bea:	ea4f 0b8b 	mov.w	fp, fp, lsl #2
 8005bee:	270f      	movs	r7, #15
 8005bf0:	fa07 f70b 	lsl.w	r7, r7, fp
 8005bf4:	ea26 0707 	bic.w	r7, r6, r7
        temp |= ((uint32_t)(GPIO_Init->Alternate) << (((uint32_t)position & 0x07U) * 4U));
 8005bf8:	690e      	ldr	r6, [r1, #16]
 8005bfa:	fa06 f60b 	lsl.w	r6, r6, fp
 8005bfe:	433e      	orrs	r6, r7
        GPIOx->AFR[position >> 3] = temp;
 8005c00:	f8cc 6020 	str.w	r6, [ip, #32]
      temp = GPIOx->MODER;
 8005c04:	f8d0 b000 	ldr.w	fp, [r0]
      temp &= ~(GPIO_MODER_MODER0 << (position * 2U));
 8005c08:	ea4f 0c43 	mov.w	ip, r3, lsl #1
 8005c0c:	2603      	movs	r6, #3
 8005c0e:	fa06 f70c 	lsl.w	r7, r6, ip
 8005c12:	ea2b 0b07 	bic.w	fp, fp, r7
 8005c16:	43fe      	mvns	r6, r7
      temp |= ((GPIO_Init->Mode & GPIO_MODE) << (position * 2U));
 8005c18:	f005 0703 	and.w	r7, r5, #3
 8005c1c:	fa07 f70c 	lsl.w	r7, r7, ip
      if((GPIO_Init->Mode == GPIO_MODE_OUTPUT_PP) || (GPIO_Init->Mode == GPIO_MODE_AF_PP) ||
 8005c20:	f10e 3eff 	add.w	lr, lr, #4294967295	; 0xffffffff
      temp |= ((GPIO_Init->Mode & GPIO_MODE) << (position * 2U));
 8005c24:	ea47 070b 	orr.w	r7, r7, fp
      if((GPIO_Init->Mode == GPIO_MODE_OUTPUT_PP) || (GPIO_Init->Mode == GPIO_MODE_AF_PP) ||
 8005c28:	f1be 0f01 	cmp.w	lr, #1
      GPIOx->MODER = temp;
 8005c2c:	6007      	str	r7, [r0, #0]
      if((GPIO_Init->Mode == GPIO_MODE_OUTPUT_PP) || (GPIO_Init->Mode == GPIO_MODE_AF_PP) ||
 8005c2e:	d811      	bhi.n	8005c54 <HAL_GPIO_Init+0xb0>
        temp = GPIOx->OSPEEDR;
 8005c30:	6887      	ldr	r7, [r0, #8]
        temp &= ~(GPIO_OSPEEDER_OSPEEDR0 << (position * 2U));
 8005c32:	ea06 0e07 	and.w	lr, r6, r7
        temp |= (GPIO_Init->Speed << (position * 2U));
 8005c36:	68cf      	ldr	r7, [r1, #12]
 8005c38:	fa07 f70c 	lsl.w	r7, r7, ip
 8005c3c:	ea47 070e 	orr.w	r7, r7, lr
        GPIOx->OSPEEDR = temp;
 8005c40:	6087      	str	r7, [r0, #8]
        temp = GPIOx->OTYPER;
 8005c42:	6847      	ldr	r7, [r0, #4]
        temp &= ~(GPIO_OTYPER_OT_0 << position) ;
 8005c44:	ea27 0a0a 	bic.w	sl, r7, sl
        temp |= (((GPIO_Init->Mode & GPIO_OUTPUT_TYPE) >> 4U) << position);
 8005c48:	f3c5 1700 	ubfx	r7, r5, #4, #1
 8005c4c:	409f      	lsls	r7, r3
 8005c4e:	ea47 070a 	orr.w	r7, r7, sl
        GPIOx->OTYPER = temp;
 8005c52:	6047      	str	r7, [r0, #4]
      temp = GPIOx->PUPDR;
 8005c54:	68c7      	ldr	r7, [r0, #12]
      temp &= ~(GPIO_PUPDR_PUPDR0 << (position * 2U));
 8005c56:	4037      	ands	r7, r6
      temp |= ((GPIO_Init->Pull) << (position * 2U));
 8005c58:	688e      	ldr	r6, [r1, #8]
 8005c5a:	fa06 f60c 	lsl.w	r6, r6, ip
 8005c5e:	433e      	orrs	r6, r7
      GPIOx->PUPDR = temp;
 8005c60:	60c6      	str	r6, [r0, #12]
      if((GPIO_Init->Mode & EXTI_MODE) == EXTI_MODE)
 8005c62:	00ee      	lsls	r6, r5, #3
 8005c64:	d551      	bpl.n	8005d0a <HAL_GPIO_Init+0x166>
        __HAL_RCC_SYSCFG_CLK_ENABLE();
 8005c66:	f8d8 6018 	ldr.w	r6, [r8, #24]
 8005c6a:	f046 0601 	orr.w	r6, r6, #1
 8005c6e:	f8c8 6018 	str.w	r6, [r8, #24]
 8005c72:	f8d8 6018 	ldr.w	r6, [r8, #24]
 8005c76:	f023 0703 	bic.w	r7, r3, #3
 8005c7a:	f107 4780 	add.w	r7, r7, #1073741824	; 0x40000000
 8005c7e:	f006 0601 	and.w	r6, r6, #1
 8005c82:	f507 3780 	add.w	r7, r7, #65536	; 0x10000
 8005c86:	9601      	str	r6, [sp, #4]
        temp &= ~((0x0FU) << (4U * (position & 0x03U)));
 8005c88:	f003 0e03 	and.w	lr, r3, #3
        __HAL_RCC_SYSCFG_CLK_ENABLE();
 8005c8c:	9e01      	ldr	r6, [sp, #4]
        temp = SYSCFG->EXTICR[position >> 2];
 8005c8e:	68be      	ldr	r6, [r7, #8]
        temp &= ~((0x0FU) << (4U * (position & 0x03U)));
 8005c90:	ea4f 0e8e 	mov.w	lr, lr, lsl #2
 8005c94:	f04f 0c0f 	mov.w	ip, #15
 8005c98:	fa0c fc0e 	lsl.w	ip, ip, lr
        temp |= (GPIO_GET_INDEX(GPIOx) << (4U * (position & 0x03U)));
 8005c9c:	f1b0 4f90 	cmp.w	r0, #1207959552	; 0x48000000
        temp &= ~((0x0FU) << (4U * (position & 0x03U)));
 8005ca0:	ea26 0c0c 	bic.w	ip, r6, ip
        temp |= (GPIO_GET_INDEX(GPIOx) << (4U * (position & 0x03U)));
 8005ca4:	d033      	beq.n	8005d0e <HAL_GPIO_Init+0x16a>
 8005ca6:	4e20      	ldr	r6, [pc, #128]	; (8005d28 <HAL_GPIO_Init+0x184>)
 8005ca8:	42b0      	cmp	r0, r6
 8005caa:	d032      	beq.n	8005d12 <HAL_GPIO_Init+0x16e>
 8005cac:	f506 6680 	add.w	r6, r6, #1024	; 0x400
 8005cb0:	42b0      	cmp	r0, r6
 8005cb2:	d030      	beq.n	8005d16 <HAL_GPIO_Init+0x172>
 8005cb4:	f506 6680 	add.w	r6, r6, #1024	; 0x400
 8005cb8:	42b0      	cmp	r0, r6
 8005cba:	d02e      	beq.n	8005d1a <HAL_GPIO_Init+0x176>
 8005cbc:	f506 6680 	add.w	r6, r6, #1024	; 0x400
 8005cc0:	42b0      	cmp	r0, r6
 8005cc2:	bf0c      	ite	eq
 8005cc4:	2604      	moveq	r6, #4
 8005cc6:	2605      	movne	r6, #5
 8005cc8:	fa06 f60e 	lsl.w	r6, r6, lr
 8005ccc:	ea46 060c 	orr.w	r6, r6, ip
        SYSCFG->EXTICR[position >> 2] = temp;
 8005cd0:	60be      	str	r6, [r7, #8]
        temp = EXTI->IMR;
 8005cd2:	6826      	ldr	r6, [r4, #0]
        temp &= ~((uint32_t)iocurrent);
 8005cd4:	43d7      	mvns	r7, r2
        if((GPIO_Init->Mode & GPIO_MODE_IT) == GPIO_MODE_IT)
 8005cd6:	f415 3f80 	tst.w	r5, #65536	; 0x10000
        temp &= ~((uint32_t)iocurrent);
 8005cda:	bf0c      	ite	eq
 8005cdc:	403e      	andeq	r6, r7
          temp |= iocurrent;
 8005cde:	4316      	orrne	r6, r2
        EXTI->IMR = temp;
 8005ce0:	6026      	str	r6, [r4, #0]
        temp = EXTI->EMR;
 8005ce2:	6866      	ldr	r6, [r4, #4]
        if((GPIO_Init->Mode & GPIO_MODE_EVT) == GPIO_MODE_EVT)
 8005ce4:	f415 3f00 	tst.w	r5, #131072	; 0x20000
        temp &= ~((uint32_t)iocurrent);
 8005ce8:	bf0c      	ite	eq
 8005cea:	403e      	andeq	r6, r7
          temp |= iocurrent;
 8005cec:	4316      	orrne	r6, r2
        EXTI->EMR = temp;
 8005cee:	6066      	str	r6, [r4, #4]
        temp = EXTI->RTSR;
 8005cf0:	68a6      	ldr	r6, [r4, #8]
        if((GPIO_Init->Mode & RISING_EDGE) == RISING_EDGE)
 8005cf2:	f415 1f80 	tst.w	r5, #1048576	; 0x100000
        temp &= ~((uint32_t)iocurrent);
 8005cf6:	bf0c      	ite	eq
 8005cf8:	403e      	andeq	r6, r7
          temp |= iocurrent;
 8005cfa:	4316      	orrne	r6, r2
        EXTI->RTSR = temp;
 8005cfc:	60a6      	str	r6, [r4, #8]
        temp = EXTI->FTSR;
 8005cfe:	68e6      	ldr	r6, [r4, #12]
        if((GPIO_Init->Mode & FALLING_EDGE) == FALLING_EDGE)
 8005d00:	02ad      	lsls	r5, r5, #10
        temp &= ~((uint32_t)iocurrent);
 8005d02:	bf54      	ite	pl
 8005d04:	403e      	andpl	r6, r7
          temp |= iocurrent;
 8005d06:	4316      	orrmi	r6, r2
        EXTI->FTSR = temp;
 8005d08:	60e6      	str	r6, [r4, #12]
    position++;
 8005d0a:	3301      	adds	r3, #1
 8005d0c:	e752      	b.n	8005bb4 <HAL_GPIO_Init+0x10>
        temp |= (GPIO_GET_INDEX(GPIOx) << (4U * (position & 0x03U)));
 8005d0e:	2600      	movs	r6, #0
 8005d10:	e7da      	b.n	8005cc8 <HAL_GPIO_Init+0x124>
 8005d12:	2601      	movs	r6, #1
 8005d14:	e7d8      	b.n	8005cc8 <HAL_GPIO_Init+0x124>
 8005d16:	2602      	movs	r6, #2
 8005d18:	e7d6      	b.n	8005cc8 <HAL_GPIO_Init+0x124>
 8005d1a:	2603      	movs	r6, #3
 8005d1c:	e7d4      	b.n	8005cc8 <HAL_GPIO_Init+0x124>
 8005d1e:	bf00      	nop
 8005d20:	40021000 	.word	0x40021000
 8005d24:	40010400 	.word	0x40010400
 8005d28:	48000400 	.word	0x48000400

08005d2c <HAL_GPIO_WritePin>:
{
  /* Check the parameters */
  assert_param(IS_GPIO_PIN(GPIO_Pin));
  assert_param(IS_GPIO_PIN_ACTION(PinState));

  if(PinState != GPIO_PIN_RESET)
 8005d2c:	b10a      	cbz	r2, 8005d32 <HAL_GPIO_WritePin+0x6>
  {
    GPIOx->BSRR = (uint32_t)GPIO_Pin;
 8005d2e:	6181      	str	r1, [r0, #24]
 8005d30:	4770      	bx	lr
  }
  else
  {
    GPIOx->BRR = (uint32_t)GPIO_Pin;
 8005d32:	6281      	str	r1, [r0, #40]	; 0x28
  }
}
 8005d34:	4770      	bx	lr
 8005d36:	0000      	movs	r0, r0

08005d38 <UART_SetConfig>:
   *  set the M bits according to huart->Init.WordLength value
   *  set PCE and PS bits according to huart->Init.Parity value
   *  set TE and RE bits according to huart->Init.Mode value
   *  set OVER8 bit according to huart->Init.OverSampling value */
  tmpreg = (uint32_t)huart->Init.WordLength | huart->Init.Parity | huart->Init.Mode | huart->Init.OverSampling ;
  MODIFY_REG(huart->Instance->CR1, UART_CR1_FIELDS, tmpreg);
 8005d38:	6802      	ldr	r2, [r0, #0]
  tmpreg = (uint32_t)huart->Init.WordLength | huart->Init.Parity | huart->Init.Mode | huart->Init.OverSampling ;
 8005d3a:	6881      	ldr	r1, [r0, #8]
 8005d3c:	69c3      	ldr	r3, [r0, #28]
{
 8005d3e:	b530      	push	{r4, r5, lr}
  tmpreg = (uint32_t)huart->Init.WordLength | huart->Init.Parity | huart->Init.Mode | huart->Init.OverSampling ;
 8005d40:	6905      	ldr	r5, [r0, #16]
  MODIFY_REG(huart->Instance->CR1, UART_CR1_FIELDS, tmpreg);
 8005d42:	6814      	ldr	r4, [r2, #0]
  tmpreg = (uint32_t)huart->Init.WordLength | huart->Init.Parity | huart->Init.Mode | huart->Init.OverSampling ;
 8005d44:	4329      	orrs	r1, r5
 8005d46:	6945      	ldr	r5, [r0, #20]
  MODIFY_REG(huart->Instance->CR1, UART_CR1_FIELDS, tmpreg);
 8005d48:	f424 4416 	bic.w	r4, r4, #38400	; 0x9600
  tmpreg = (uint32_t)huart->Init.WordLength | huart->Init.Parity | huart->Init.Mode | huart->Init.OverSampling ;
 8005d4c:	4329      	orrs	r1, r5
  MODIFY_REG(huart->Instance->CR1, UART_CR1_FIELDS, tmpreg);
 8005d4e:	f024 040c 	bic.w	r4, r4, #12
  tmpreg = (uint32_t)huart->Init.WordLength | huart->Init.Parity | huart->Init.Mode | huart->Init.OverSampling ;
 8005d52:	4319      	orrs	r1, r3
  MODIFY_REG(huart->Instance->CR1, UART_CR1_FIELDS, tmpreg);
 8005d54:	4321      	orrs	r1, r4
 8005d56:	6011      	str	r1, [r2, #0]

  /*-------------------------- USART CR2 Configuration -----------------------*/
  /* Configure the UART Stop Bits: Set STOP[13:12] bits according
   * to huart->Init.StopBits value */
  MODIFY_REG(huart->Instance->CR2, USART_CR2_STOP, huart->Init.StopBits);
 8005d58:	6851      	ldr	r1, [r2, #4]
 8005d5a:	68c4      	ldr	r4, [r0, #12]
  /* Configure
   * - UART HardWare Flow Control: set CTSE and RTSE bits according
   *   to huart->Init.HwFlowCtl value
   * - one-bit sampling method versus three samples' majority rule according
   *   to huart->Init.OneBitSampling */
  tmpreg = (uint32_t)huart->Init.HwFlowCtl | huart->Init.OneBitSampling ;
 8005d5c:	6a05      	ldr	r5, [r0, #32]
  MODIFY_REG(huart->Instance->CR2, USART_CR2_STOP, huart->Init.StopBits);
 8005d5e:	f421 5140 	bic.w	r1, r1, #12288	; 0x3000
 8005d62:	4321      	orrs	r1, r4
 8005d64:	6051      	str	r1, [r2, #4]
  MODIFY_REG(huart->Instance->CR3, (USART_CR3_RTSE | USART_CR3_CTSE | USART_CR3_ONEBIT), tmpreg);
 8005d66:	6894      	ldr	r4, [r2, #8]
  tmpreg = (uint32_t)huart->Init.HwFlowCtl | huart->Init.OneBitSampling ;
 8005d68:	6981      	ldr	r1, [r0, #24]
  MODIFY_REG(huart->Instance->CR3, (USART_CR3_RTSE | USART_CR3_CTSE | USART_CR3_ONEBIT), tmpreg);
 8005d6a:	f424 6430 	bic.w	r4, r4, #2816	; 0xb00
  tmpreg = (uint32_t)huart->Init.HwFlowCtl | huart->Init.OneBitSampling ;
 8005d6e:	4329      	orrs	r1, r5
  MODIFY_REG(huart->Instance->CR3, (USART_CR3_RTSE | USART_CR3_CTSE | USART_CR3_ONEBIT), tmpreg);
 8005d70:	4321      	orrs	r1, r4
 8005d72:	6091      	str	r1, [r2, #8]

  /*-------------------------- USART BRR Configuration -----------------------*/
  UART_GETCLOCKSOURCE(huart, clocksource);
 8005d74:	4962      	ldr	r1, [pc, #392]	; (8005f00 <UART_SetConfig+0x1c8>)
 8005d76:	428a      	cmp	r2, r1
 8005d78:	d116      	bne.n	8005da8 <UART_SetConfig+0x70>
 8005d7a:	f501 4158 	add.w	r1, r1, #55296	; 0xd800
 8005d7e:	6b09      	ldr	r1, [r1, #48]	; 0x30
 8005d80:	f001 0103 	and.w	r1, r1, #3
 8005d84:	3901      	subs	r1, #1
 8005d86:	2902      	cmp	r1, #2
 8005d88:	f200 80b2 	bhi.w	8005ef0 <UART_SetConfig+0x1b8>
 8005d8c:	4c5d      	ldr	r4, [pc, #372]	; (8005f04 <UART_SetConfig+0x1cc>)

  /* Check UART Over Sampling to set Baud Rate Register */
  if (huart->Init.OverSampling == UART_OVERSAMPLING_8)
 8005d8e:	f5b3 4f00 	cmp.w	r3, #32768	; 0x8000
 8005d92:	5c61      	ldrb	r1, [r4, r1]
 8005d94:	d177      	bne.n	8005e86 <UART_SetConfig+0x14e>
  {
    switch (clocksource)
 8005d96:	2908      	cmp	r1, #8
 8005d98:	d872      	bhi.n	8005e80 <UART_SetConfig+0x148>
 8005d9a:	e8df f001 	tbb	[pc, r1]
 8005d9e:	acac      	.short	0xacac
 8005da0:	71ac7124 	.word	0x71ac7124
 8005da4:	7171      	.short	0x7171
 8005da6:	a4          	.byte	0xa4
 8005da7:	00          	.byte	0x00
  UART_GETCLOCKSOURCE(huart, clocksource);
 8005da8:	4957      	ldr	r1, [pc, #348]	; (8005f08 <UART_SetConfig+0x1d0>)
 8005daa:	428a      	cmp	r2, r1
 8005dac:	d12c      	bne.n	8005e08 <UART_SetConfig+0xd0>
 8005dae:	f501 31e6 	add.w	r1, r1, #117760	; 0x1cc00
 8005db2:	6b09      	ldr	r1, [r1, #48]	; 0x30
 8005db4:	f401 3140 	and.w	r1, r1, #196608	; 0x30000
 8005db8:	f5b1 3f00 	cmp.w	r1, #131072	; 0x20000
 8005dbc:	f000 8090 	beq.w	8005ee0 <UART_SetConfig+0x1a8>
 8005dc0:	d80b      	bhi.n	8005dda <UART_SetConfig+0xa2>
 8005dc2:	2900      	cmp	r1, #0
 8005dc4:	f000 8094 	beq.w	8005ef0 <UART_SetConfig+0x1b8>
 8005dc8:	f5b1 3f80 	cmp.w	r1, #65536	; 0x10000
 8005dcc:	f000 8090 	beq.w	8005ef0 <UART_SetConfig+0x1b8>
  if (huart->Init.OverSampling == UART_OVERSAMPLING_8)
 8005dd0:	f5b3 4f00 	cmp.w	r3, #32768	; 0x8000
 8005dd4:	d054      	beq.n	8005e80 <UART_SetConfig+0x148>
      case UART_CLOCKSOURCE_LSE:
        huart->Instance->BRR = (uint16_t)(UART_DIV_SAMPLING16(LSE_VALUE, huart->Init.BaudRate));
        break;
      case UART_CLOCKSOURCE_UNDEFINED:
      default:
        ret = HAL_ERROR;
 8005dd6:	2001      	movs	r0, #1
        break;
    }
  }

  return ret;
 8005dd8:	e015      	b.n	8005e06 <UART_SetConfig+0xce>
  UART_GETCLOCKSOURCE(huart, clocksource);
 8005dda:	f5b1 3f40 	cmp.w	r1, #196608	; 0x30000
 8005dde:	d1f7      	bne.n	8005dd0 <UART_SetConfig+0x98>
  if (huart->Init.OverSampling == UART_OVERSAMPLING_8)
 8005de0:	f5b3 4f00 	cmp.w	r3, #32768	; 0x8000
 8005de4:	d166      	bne.n	8005eb4 <UART_SetConfig+0x17c>
        usartdiv = (uint16_t)(UART_DIV_SAMPLING8(HSI_VALUE, huart->Init.BaudRate));
 8005de6:	6841      	ldr	r1, [r0, #4]
 8005de8:	084b      	lsrs	r3, r1, #1
 8005dea:	f103 73f4 	add.w	r3, r3, #31981568	; 0x1e80000
 8005dee:	f503 4390 	add.w	r3, r3, #18432	; 0x4800
        usartdiv = (uint16_t)(UART_DIV_SAMPLING8(LSE_VALUE, huart->Init.BaudRate));
 8005df2:	fbb3 f3f1 	udiv	r3, r3, r1
  HAL_StatusTypeDef ret               = HAL_OK;
 8005df6:	2000      	movs	r0, #0
        usartdiv = (uint16_t)(UART_DIV_SAMPLING8(LSE_VALUE, huart->Init.BaudRate));
 8005df8:	b29b      	uxth	r3, r3
    brrtemp = usartdiv & 0xFFF0U;
 8005dfa:	f023 010f 	bic.w	r1, r3, #15
    brrtemp |= (uint16_t)((usartdiv & (uint16_t)0x000FU) >> 1U);
 8005dfe:	f3c3 0342 	ubfx	r3, r3, #1, #3
    huart->Instance->BRR = brrtemp;
 8005e02:	430b      	orrs	r3, r1
 8005e04:	60d3      	str	r3, [r2, #12]

}
 8005e06:	bd30      	pop	{r4, r5, pc}
  UART_GETCLOCKSOURCE(huart, clocksource);
 8005e08:	4940      	ldr	r1, [pc, #256]	; (8005f0c <UART_SetConfig+0x1d4>)
 8005e0a:	428a      	cmp	r2, r1
 8005e0c:	d110      	bne.n	8005e30 <UART_SetConfig+0xf8>
 8005e0e:	f501 31e4 	add.w	r1, r1, #116736	; 0x1c800
 8005e12:	6b09      	ldr	r1, [r1, #48]	; 0x30
 8005e14:	f401 2140 	and.w	r1, r1, #786432	; 0xc0000
 8005e18:	f5b1 2f00 	cmp.w	r1, #524288	; 0x80000
 8005e1c:	d060      	beq.n	8005ee0 <UART_SetConfig+0x1a8>
 8005e1e:	d804      	bhi.n	8005e2a <UART_SetConfig+0xf2>
 8005e20:	2900      	cmp	r1, #0
 8005e22:	d065      	beq.n	8005ef0 <UART_SetConfig+0x1b8>
 8005e24:	f5b1 2f80 	cmp.w	r1, #262144	; 0x40000
 8005e28:	e7d0      	b.n	8005dcc <UART_SetConfig+0x94>
 8005e2a:	f5b1 2f40 	cmp.w	r1, #786432	; 0xc0000
 8005e2e:	e7d6      	b.n	8005dde <UART_SetConfig+0xa6>
 8005e30:	4937      	ldr	r1, [pc, #220]	; (8005f10 <UART_SetConfig+0x1d8>)
 8005e32:	428a      	cmp	r2, r1
 8005e34:	d110      	bne.n	8005e58 <UART_SetConfig+0x120>
 8005e36:	f501 31e2 	add.w	r1, r1, #115712	; 0x1c400
 8005e3a:	6b09      	ldr	r1, [r1, #48]	; 0x30
 8005e3c:	f401 1140 	and.w	r1, r1, #3145728	; 0x300000
 8005e40:	f5b1 1f00 	cmp.w	r1, #2097152	; 0x200000
 8005e44:	d04c      	beq.n	8005ee0 <UART_SetConfig+0x1a8>
 8005e46:	d804      	bhi.n	8005e52 <UART_SetConfig+0x11a>
 8005e48:	2900      	cmp	r1, #0
 8005e4a:	d051      	beq.n	8005ef0 <UART_SetConfig+0x1b8>
 8005e4c:	f5b1 1f80 	cmp.w	r1, #1048576	; 0x100000
 8005e50:	e7bc      	b.n	8005dcc <UART_SetConfig+0x94>
 8005e52:	f5b1 1f40 	cmp.w	r1, #3145728	; 0x300000
 8005e56:	e7c2      	b.n	8005dde <UART_SetConfig+0xa6>
 8005e58:	492e      	ldr	r1, [pc, #184]	; (8005f14 <UART_SetConfig+0x1dc>)
 8005e5a:	428a      	cmp	r2, r1
 8005e5c:	d1b8      	bne.n	8005dd0 <UART_SetConfig+0x98>
 8005e5e:	f501 31e0 	add.w	r1, r1, #114688	; 0x1c000
 8005e62:	6b09      	ldr	r1, [r1, #48]	; 0x30
 8005e64:	f401 0140 	and.w	r1, r1, #12582912	; 0xc00000
 8005e68:	f5b1 0f00 	cmp.w	r1, #8388608	; 0x800000
 8005e6c:	d038      	beq.n	8005ee0 <UART_SetConfig+0x1a8>
 8005e6e:	d804      	bhi.n	8005e7a <UART_SetConfig+0x142>
 8005e70:	2900      	cmp	r1, #0
 8005e72:	d03d      	beq.n	8005ef0 <UART_SetConfig+0x1b8>
 8005e74:	f5b1 0f80 	cmp.w	r1, #4194304	; 0x400000
 8005e78:	e7a8      	b.n	8005dcc <UART_SetConfig+0x94>
 8005e7a:	f5b1 0f40 	cmp.w	r1, #12582912	; 0xc00000
 8005e7e:	e7ae      	b.n	8005dde <UART_SetConfig+0xa6>
        ret = HAL_ERROR;
 8005e80:	2001      	movs	r0, #1
  uint16_t usartdiv                   = 0x0000U;
 8005e82:	2300      	movs	r3, #0
 8005e84:	e7b9      	b.n	8005dfa <UART_SetConfig+0xc2>
    switch (clocksource)
 8005e86:	2908      	cmp	r1, #8
 8005e88:	d8a5      	bhi.n	8005dd6 <UART_SetConfig+0x9e>
 8005e8a:	a301      	add	r3, pc, #4	; (adr r3, 8005e90 <UART_SetConfig+0x158>)
 8005e8c:	f853 f021 	ldr.w	pc, [r3, r1, lsl #2]
 8005e90:	08005ecd 	.word	0x08005ecd
 8005e94:	08005ecd 	.word	0x08005ecd
 8005e98:	08005eb5 	.word	0x08005eb5
 8005e9c:	08005dd7 	.word	0x08005dd7
 8005ea0:	08005ecd 	.word	0x08005ecd
 8005ea4:	08005dd7 	.word	0x08005dd7
 8005ea8:	08005dd7 	.word	0x08005dd7
 8005eac:	08005dd7 	.word	0x08005dd7
 8005eb0:	08005ed7 	.word	0x08005ed7
        huart->Instance->BRR = (uint16_t)(UART_DIV_SAMPLING16(HSI_VALUE, huart->Init.BaudRate));
 8005eb4:	6841      	ldr	r1, [r0, #4]
 8005eb6:	084b      	lsrs	r3, r1, #1
 8005eb8:	f503 0374 	add.w	r3, r3, #15990784	; 0xf40000
 8005ebc:	f503 5310 	add.w	r3, r3, #9216	; 0x2400
        huart->Instance->BRR = (uint16_t)(UART_DIV_SAMPLING16(LSE_VALUE, huart->Init.BaudRate));
 8005ec0:	fbb3 f3f1 	udiv	r3, r3, r1
 8005ec4:	b29b      	uxth	r3, r3
 8005ec6:	60d3      	str	r3, [r2, #12]
  HAL_StatusTypeDef ret               = HAL_OK;
 8005ec8:	2000      	movs	r0, #0
        break;
 8005eca:	e79c      	b.n	8005e06 <UART_SetConfig+0xce>
        huart->Instance->BRR = (uint16_t)(UART_DIV_SAMPLING16(HAL_RCC_GetSysClockFreq(), huart->Init.BaudRate));
 8005ecc:	6841      	ldr	r1, [r0, #4]
 8005ece:	084b      	lsrs	r3, r1, #1
 8005ed0:	f503 03e1 	add.w	r3, r3, #7372800	; 0x708000
 8005ed4:	e7f4      	b.n	8005ec0 <UART_SetConfig+0x188>
        huart->Instance->BRR = (uint16_t)(UART_DIV_SAMPLING16(LSE_VALUE, huart->Init.BaudRate));
 8005ed6:	6841      	ldr	r1, [r0, #4]
 8005ed8:	084b      	lsrs	r3, r1, #1
 8005eda:	f503 4300 	add.w	r3, r3, #32768	; 0x8000
 8005ede:	e7ef      	b.n	8005ec0 <UART_SetConfig+0x188>
  if (huart->Init.OverSampling == UART_OVERSAMPLING_8)
 8005ee0:	f5b3 4f00 	cmp.w	r3, #32768	; 0x8000
 8005ee4:	d1f7      	bne.n	8005ed6 <UART_SetConfig+0x19e>
        usartdiv = (uint16_t)(UART_DIV_SAMPLING8(LSE_VALUE, huart->Init.BaudRate));
 8005ee6:	6841      	ldr	r1, [r0, #4]
 8005ee8:	084b      	lsrs	r3, r1, #1
 8005eea:	f503 3380 	add.w	r3, r3, #65536	; 0x10000
 8005eee:	e780      	b.n	8005df2 <UART_SetConfig+0xba>
  if (huart->Init.OverSampling == UART_OVERSAMPLING_8)
 8005ef0:	f5b3 4f00 	cmp.w	r3, #32768	; 0x8000
 8005ef4:	d1ea      	bne.n	8005ecc <UART_SetConfig+0x194>
        usartdiv = (uint16_t)(UART_DIV_SAMPLING8(HAL_RCC_GetSysClockFreq(), huart->Init.BaudRate));
 8005ef6:	6841      	ldr	r1, [r0, #4]
 8005ef8:	084b      	lsrs	r3, r1, #1
 8005efa:	f503 0361 	add.w	r3, r3, #14745600	; 0xe10000
 8005efe:	e778      	b.n	8005df2 <UART_SetConfig+0xba>
 8005f00:	40013800 	.word	0x40013800
 8005f04:	08006248 	.word	0x08006248
 8005f08:	40004400 	.word	0x40004400
 8005f0c:	40004800 	.word	0x40004800
 8005f10:	40004c00 	.word	0x40004c00
 8005f14:	40005000 	.word	0x40005000

08005f18 <UART_WaitOnFlagUntilTimeout>:
  * @param  Tickstart Tick start value
  * @param  Timeout Timeout duration
  * @retval HAL status
  */
HAL_StatusTypeDef UART_WaitOnFlagUntilTimeout(UART_HandleTypeDef *huart, uint32_t Flag, FlagStatus Status, uint32_t Tickstart, uint32_t Timeout)
{
 8005f18:	b5f8      	push	{r3, r4, r5, r6, r7, lr}
 8005f1a:	9f06      	ldr	r7, [sp, #24]
 8005f1c:	4604      	mov	r4, r0
 8005f1e:	4615      	mov	r5, r2
 8005f20:	461e      	mov	r6, r3
  /* Wait until flag is set */
  while((__HAL_UART_GET_FLAG(huart, Flag) ? SET : RESET) == Status)
 8005f22:	6822      	ldr	r2, [r4, #0]
 8005f24:	69d3      	ldr	r3, [r2, #28]
 8005f26:	ea31 0303 	bics.w	r3, r1, r3
 8005f2a:	bf0c      	ite	eq
 8005f2c:	2301      	moveq	r3, #1
 8005f2e:	2300      	movne	r3, #0
 8005f30:	42ab      	cmp	r3, r5
 8005f32:	d001      	beq.n	8005f38 <UART_WaitOnFlagUntilTimeout+0x20>
        __HAL_UNLOCK(huart);
        return HAL_TIMEOUT;
      }
    }
  }
  return HAL_OK;
 8005f34:	2000      	movs	r0, #0
 8005f36:	e014      	b.n	8005f62 <UART_WaitOnFlagUntilTimeout+0x4a>
    if(Timeout != HAL_MAX_DELAY)
 8005f38:	1c7b      	adds	r3, r7, #1
 8005f3a:	d0f3      	beq.n	8005f24 <UART_WaitOnFlagUntilTimeout+0xc>
      if((Timeout == 0U) || ((HAL_GetTick()-Tickstart) > Timeout))
 8005f3c:	b997      	cbnz	r7, 8005f64 <UART_WaitOnFlagUntilTimeout+0x4c>
        CLEAR_BIT(huart->Instance->CR1, (USART_CR1_RXNEIE | USART_CR1_PEIE | USART_CR1_TXEIE));
 8005f3e:	6823      	ldr	r3, [r4, #0]
 8005f40:	681a      	ldr	r2, [r3, #0]
 8005f42:	f422 72d0 	bic.w	r2, r2, #416	; 0x1a0
 8005f46:	601a      	str	r2, [r3, #0]
        CLEAR_BIT(huart->Instance->CR3, USART_CR3_EIE);
 8005f48:	689a      	ldr	r2, [r3, #8]
 8005f4a:	f022 0201 	bic.w	r2, r2, #1
 8005f4e:	609a      	str	r2, [r3, #8]
        huart->gState  = HAL_UART_STATE_READY;
 8005f50:	2320      	movs	r3, #32
 8005f52:	f884 3069 	strb.w	r3, [r4, #105]	; 0x69
        huart->RxState = HAL_UART_STATE_READY;
 8005f56:	f884 306a 	strb.w	r3, [r4, #106]	; 0x6a
        __HAL_UNLOCK(huart);
 8005f5a:	2300      	movs	r3, #0
 8005f5c:	f884 3068 	strb.w	r3, [r4, #104]	; 0x68
 8005f60:	2003      	movs	r0, #3
}
 8005f62:	bdf8      	pop	{r3, r4, r5, r6, r7, pc}
      if((Timeout == 0U) || ((HAL_GetTick()-Tickstart) > Timeout))
 8005f64:	f7ff fb02 	bl	800556c <HAL_GetTick>
 8005f68:	1b80      	subs	r0, r0, r6
 8005f6a:	42b8      	cmp	r0, r7
 8005f6c:	d9d9      	bls.n	8005f22 <UART_WaitOnFlagUntilTimeout+0xa>
 8005f6e:	e7e6      	b.n	8005f3e <UART_WaitOnFlagUntilTimeout+0x26>

08005f70 <UART_CheckIdleState>:
{
 8005f70:	b537      	push	{r0, r1, r2, r4, r5, lr}
 8005f72:	4604      	mov	r4, r0
  huart->ErrorCode = HAL_UART_ERROR_NONE;
 8005f74:	2100      	movs	r1, #0
 8005f76:	66c1      	str	r1, [r0, #108]	; 0x6c
  tickstart = HAL_GetTick();
 8005f78:	f7ff faf8 	bl	800556c <HAL_GetTick>
  if((huart->Instance->CR1 & USART_CR1_TE) == USART_CR1_TE)
 8005f7c:	6823      	ldr	r3, [r4, #0]
 8005f7e:	681b      	ldr	r3, [r3, #0]
 8005f80:	071a      	lsls	r2, r3, #28
  tickstart = HAL_GetTick();
 8005f82:	4605      	mov	r5, r0
  if((huart->Instance->CR1 & USART_CR1_TE) == USART_CR1_TE)
 8005f84:	d417      	bmi.n	8005fb6 <UART_CheckIdleState+0x46>
  if((huart->Instance->CR1 & USART_CR1_RE) == USART_CR1_RE)
 8005f86:	6823      	ldr	r3, [r4, #0]
 8005f88:	681b      	ldr	r3, [r3, #0]
 8005f8a:	075b      	lsls	r3, r3, #29
 8005f8c:	d50a      	bpl.n	8005fa4 <UART_CheckIdleState+0x34>
    if(UART_WaitOnFlagUntilTimeout(huart, USART_ISR_REACK, RESET, tickstart, HAL_UART_TIMEOUT_VALUE) != HAL_OK)
 8005f8e:	f06f 437e 	mvn.w	r3, #4261412864	; 0xfe000000
 8005f92:	9300      	str	r3, [sp, #0]
 8005f94:	2200      	movs	r2, #0
 8005f96:	462b      	mov	r3, r5
 8005f98:	f44f 0180 	mov.w	r1, #4194304	; 0x400000
 8005f9c:	4620      	mov	r0, r4
 8005f9e:	f7ff ffbb 	bl	8005f18 <UART_WaitOnFlagUntilTimeout>
 8005fa2:	b9a0      	cbnz	r0, 8005fce <UART_CheckIdleState+0x5e>
  huart->gState  = HAL_UART_STATE_READY;
 8005fa4:	2320      	movs	r3, #32
  __HAL_UNLOCK(huart);
 8005fa6:	2000      	movs	r0, #0
  huart->gState  = HAL_UART_STATE_READY;
 8005fa8:	f884 3069 	strb.w	r3, [r4, #105]	; 0x69
  __HAL_UNLOCK(huart);
 8005fac:	f884 0068 	strb.w	r0, [r4, #104]	; 0x68
  huart->RxState = HAL_UART_STATE_READY;
 8005fb0:	f884 306a 	strb.w	r3, [r4, #106]	; 0x6a
  return HAL_OK;
 8005fb4:	e00c      	b.n	8005fd0 <UART_CheckIdleState+0x60>
    if(UART_WaitOnFlagUntilTimeout(huart, USART_ISR_TEACK, RESET, tickstart, HAL_UART_TIMEOUT_VALUE) != HAL_OK)
 8005fb6:	f06f 437e 	mvn.w	r3, #4261412864	; 0xfe000000
 8005fba:	9300      	str	r3, [sp, #0]
 8005fbc:	460a      	mov	r2, r1
 8005fbe:	4603      	mov	r3, r0
 8005fc0:	f44f 1100 	mov.w	r1, #2097152	; 0x200000
 8005fc4:	4620      	mov	r0, r4
 8005fc6:	f7ff ffa7 	bl	8005f18 <UART_WaitOnFlagUntilTimeout>
 8005fca:	2800      	cmp	r0, #0
 8005fcc:	d0db      	beq.n	8005f86 <UART_CheckIdleState+0x16>
      return HAL_TIMEOUT;
 8005fce:	2003      	movs	r0, #3
}
 8005fd0:	b003      	add	sp, #12
 8005fd2:	bd30      	pop	{r4, r5, pc}

08005fd4 <HAL_UART_Init>:
{
 8005fd4:	b510      	push	{r4, lr}
  if(huart == NULL)
 8005fd6:	4604      	mov	r4, r0
 8005fd8:	b328      	cbz	r0, 8006026 <HAL_UART_Init+0x52>
  if(huart->gState == HAL_UART_STATE_RESET)
 8005fda:	f890 3069 	ldrb.w	r3, [r0, #105]	; 0x69
 8005fde:	f003 02ff 	and.w	r2, r3, #255	; 0xff
 8005fe2:	b90b      	cbnz	r3, 8005fe8 <HAL_UART_Init+0x14>
    huart->Lock = HAL_UNLOCKED;
 8005fe4:	f880 2068 	strb.w	r2, [r0, #104]	; 0x68
  __HAL_UART_DISABLE(huart);
 8005fe8:	6822      	ldr	r2, [r4, #0]
  huart->gState = HAL_UART_STATE_BUSY;
 8005fea:	2324      	movs	r3, #36	; 0x24
 8005fec:	f884 3069 	strb.w	r3, [r4, #105]	; 0x69
  __HAL_UART_DISABLE(huart);
 8005ff0:	6813      	ldr	r3, [r2, #0]
 8005ff2:	f023 0301 	bic.w	r3, r3, #1
 8005ff6:	6013      	str	r3, [r2, #0]
  if (UART_SetConfig(huart) == HAL_ERROR)
 8005ff8:	4620      	mov	r0, r4
 8005ffa:	f7ff fe9d 	bl	8005d38 <UART_SetConfig>
 8005ffe:	2801      	cmp	r0, #1
 8006000:	d011      	beq.n	8006026 <HAL_UART_Init+0x52>
  CLEAR_BIT(huart->Instance->CR2, (USART_CR2_LINEN | USART_CR2_CLKEN));
 8006002:	6823      	ldr	r3, [r4, #0]
 8006004:	685a      	ldr	r2, [r3, #4]
 8006006:	f422 4290 	bic.w	r2, r2, #18432	; 0x4800
 800600a:	605a      	str	r2, [r3, #4]
  CLEAR_BIT(huart->Instance->CR3, (USART_CR3_SCEN | USART_CR3_HDSEL | USART_CR3_IREN));
 800600c:	689a      	ldr	r2, [r3, #8]
 800600e:	f022 022a 	bic.w	r2, r2, #42	; 0x2a
 8006012:	609a      	str	r2, [r3, #8]
  __HAL_UART_ENABLE(huart);
 8006014:	681a      	ldr	r2, [r3, #0]
 8006016:	f042 0201 	orr.w	r2, r2, #1
  return UART_CheckIdleState(huart);
 800601a:	4620      	mov	r0, r4
  __HAL_UART_ENABLE(huart);
 800601c:	601a      	str	r2, [r3, #0]
}
 800601e:	e8bd 4010 	ldmia.w	sp!, {r4, lr}
  return UART_CheckIdleState(huart);
 8006022:	f7ff bfa5 	b.w	8005f70 <UART_CheckIdleState>
}
 8006026:	2001      	movs	r0, #1
 8006028:	bd10      	pop	{r4, pc}

0800602a <HAL_UART_Transmit>:
  * @param Size: Amount of data to be sent.
  * @param Timeout: Timeout duration.
  * @retval HAL status
  */
HAL_StatusTypeDef HAL_UART_Transmit(UART_HandleTypeDef *huart, uint8_t *pData, uint16_t Size, uint32_t Timeout)
{
 800602a:	b5f7      	push	{r0, r1, r2, r4, r5, r6, r7, lr}
 800602c:	461e      	mov	r6, r3
  uint16_t* tmp;
  uint32_t tickstart = 0U;

  /* Check that a Tx process is not already ongoing */
  if(huart->gState == HAL_UART_STATE_READY)
 800602e:	f890 3069 	ldrb.w	r3, [r0, #105]	; 0x69
 8006032:	2b20      	cmp	r3, #32
{
 8006034:	460d      	mov	r5, r1
 8006036:	4604      	mov	r4, r0
 8006038:	4611      	mov	r1, r2
  if(huart->gState == HAL_UART_STATE_READY)
 800603a:	d14a      	bne.n	80060d2 <HAL_UART_Transmit+0xa8>
  {
    if((pData == NULL ) || (Size == 0U))
 800603c:	2d00      	cmp	r5, #0
 800603e:	d046      	beq.n	80060ce <HAL_UART_Transmit+0xa4>
 8006040:	2a00      	cmp	r2, #0
 8006042:	d044      	beq.n	80060ce <HAL_UART_Transmit+0xa4>
    {
      return  HAL_ERROR;
    }

    /* Process Locked */
    __HAL_LOCK(huart);
 8006044:	f890 3068 	ldrb.w	r3, [r0, #104]	; 0x68
 8006048:	2b01      	cmp	r3, #1
 800604a:	d042      	beq.n	80060d2 <HAL_UART_Transmit+0xa8>
 800604c:	2301      	movs	r3, #1
 800604e:	f880 3068 	strb.w	r3, [r0, #104]	; 0x68

    huart->ErrorCode = HAL_UART_ERROR_NONE;
 8006052:	2300      	movs	r3, #0
 8006054:	66c3      	str	r3, [r0, #108]	; 0x6c
    huart->gState = HAL_UART_STATE_BUSY_TX;
 8006056:	2321      	movs	r3, #33	; 0x21
 8006058:	f880 3069 	strb.w	r3, [r0, #105]	; 0x69

    /* Init tickstart for timeout managment*/
    tickstart = HAL_GetTick();
 800605c:	f7ff fa86 	bl	800556c <HAL_GetTick>

    huart->TxXferSize = Size;
 8006060:	f8a4 1050 	strh.w	r1, [r4, #80]	; 0x50
    tickstart = HAL_GetTick();
 8006064:	4607      	mov	r7, r0
    huart->TxXferCount = Size;
 8006066:	f8a4 1052 	strh.w	r1, [r4, #82]	; 0x52
    while(huart->TxXferCount > 0U)
 800606a:	f8b4 2052 	ldrh.w	r2, [r4, #82]	; 0x52
 800606e:	b292      	uxth	r2, r2
 8006070:	b962      	cbnz	r2, 800608c <HAL_UART_Transmit+0x62>
      else
      {
        huart->Instance->TDR = (*pData++ & (uint8_t)0xFFU);
      }
    }
    if(UART_WaitOnFlagUntilTimeout(huart, UART_FLAG_TC, RESET, tickstart, Timeout) != HAL_OK)
 8006072:	9600      	str	r6, [sp, #0]
 8006074:	463b      	mov	r3, r7
 8006076:	2140      	movs	r1, #64	; 0x40
 8006078:	4620      	mov	r0, r4
 800607a:	f7ff ff4d 	bl	8005f18 <UART_WaitOnFlagUntilTimeout>
 800607e:	b998      	cbnz	r0, 80060a8 <HAL_UART_Transmit+0x7e>
    {
      return HAL_TIMEOUT;
    }

    /* At end of Tx process, restore huart->gState to Ready */
    huart->gState = HAL_UART_STATE_READY;
 8006080:	2320      	movs	r3, #32
 8006082:	f884 3069 	strb.w	r3, [r4, #105]	; 0x69

    /* Process Unlocked */
    __HAL_UNLOCK(huart);
 8006086:	f884 0068 	strb.w	r0, [r4, #104]	; 0x68

    return HAL_OK;
 800608a:	e00e      	b.n	80060aa <HAL_UART_Transmit+0x80>
      huart->TxXferCount--;
 800608c:	f8b4 2052 	ldrh.w	r2, [r4, #82]	; 0x52
      if(UART_WaitOnFlagUntilTimeout(huart, UART_FLAG_TXE, RESET, tickstart, Timeout) != HAL_OK)
 8006090:	9600      	str	r6, [sp, #0]
      huart->TxXferCount--;
 8006092:	3a01      	subs	r2, #1
 8006094:	b292      	uxth	r2, r2
 8006096:	f8a4 2052 	strh.w	r2, [r4, #82]	; 0x52
      if(UART_WaitOnFlagUntilTimeout(huart, UART_FLAG_TXE, RESET, tickstart, Timeout) != HAL_OK)
 800609a:	463b      	mov	r3, r7
 800609c:	2200      	movs	r2, #0
 800609e:	2180      	movs	r1, #128	; 0x80
 80060a0:	4620      	mov	r0, r4
 80060a2:	f7ff ff39 	bl	8005f18 <UART_WaitOnFlagUntilTimeout>
 80060a6:	b110      	cbz	r0, 80060ae <HAL_UART_Transmit+0x84>
        return HAL_TIMEOUT;
 80060a8:	2003      	movs	r0, #3
  }
  else
  {
    return HAL_BUSY;
  }
}
 80060aa:	b003      	add	sp, #12
 80060ac:	bdf0      	pop	{r4, r5, r6, r7, pc}
      if ((huart->Init.WordLength == UART_WORDLENGTH_9B) && (huart->Init.Parity == UART_PARITY_NONE))
 80060ae:	68a3      	ldr	r3, [r4, #8]
        huart->Instance->TDR = (*tmp & (uint16_t)0x01FFU);
 80060b0:	6822      	ldr	r2, [r4, #0]
      if ((huart->Init.WordLength == UART_WORDLENGTH_9B) && (huart->Init.Parity == UART_PARITY_NONE))
 80060b2:	f5b3 5f80 	cmp.w	r3, #4096	; 0x1000
 80060b6:	d107      	bne.n	80060c8 <HAL_UART_Transmit+0x9e>
 80060b8:	6923      	ldr	r3, [r4, #16]
 80060ba:	b92b      	cbnz	r3, 80060c8 <HAL_UART_Transmit+0x9e>
        huart->Instance->TDR = (*tmp & (uint16_t)0x01FFU);
 80060bc:	f835 3b02 	ldrh.w	r3, [r5], #2
 80060c0:	f3c3 0308 	ubfx	r3, r3, #0, #9
        huart->Instance->TDR = (*pData++ & (uint8_t)0xFFU);
 80060c4:	8513      	strh	r3, [r2, #40]	; 0x28
 80060c6:	e7d0      	b.n	800606a <HAL_UART_Transmit+0x40>
 80060c8:	f815 3b01 	ldrb.w	r3, [r5], #1
 80060cc:	e7fa      	b.n	80060c4 <HAL_UART_Transmit+0x9a>
      return  HAL_ERROR;
 80060ce:	2001      	movs	r0, #1
 80060d0:	e7eb      	b.n	80060aa <HAL_UART_Transmit+0x80>
    return HAL_BUSY;
 80060d2:	2002      	movs	r0, #2
 80060d4:	e7e9      	b.n	80060aa <HAL_UART_Transmit+0x80>

080060d6 <HAL_UART_Receive>:
  * @param Size: amount of data to be received.
  * @param Timeout: Timeout duration.
  * @retval HAL status
  */
HAL_StatusTypeDef HAL_UART_Receive(UART_HandleTypeDef *huart, uint8_t *pData, uint16_t Size, uint32_t Timeout)
{
 80060d6:	e92d 41f3 	stmdb	sp!, {r0, r1, r4, r5, r6, r7, r8, lr}
 80060da:	461e      	mov	r6, r3
  uint16_t* tmp;
  uint16_t uhMask;
  uint32_t tickstart = 0U;

  /* Check that a Rx process is not already ongoing */
  if(huart->RxState == HAL_UART_STATE_READY)
 80060dc:	f890 306a 	ldrb.w	r3, [r0, #106]	; 0x6a
 80060e0:	2b20      	cmp	r3, #32
{
 80060e2:	460d      	mov	r5, r1
 80060e4:	4604      	mov	r4, r0
 80060e6:	4611      	mov	r1, r2
  if(huart->RxState == HAL_UART_STATE_READY)
 80060e8:	d15c      	bne.n	80061a4 <HAL_UART_Receive+0xce>
  {
    if((pData == NULL ) || (Size == 0U))
 80060ea:	2d00      	cmp	r5, #0
 80060ec:	d058      	beq.n	80061a0 <HAL_UART_Receive+0xca>
 80060ee:	2a00      	cmp	r2, #0
 80060f0:	d056      	beq.n	80061a0 <HAL_UART_Receive+0xca>
    {
      return  HAL_ERROR;
    }

    /* Process Locked */
    __HAL_LOCK(huart);
 80060f2:	f890 3068 	ldrb.w	r3, [r0, #104]	; 0x68
 80060f6:	2b01      	cmp	r3, #1
 80060f8:	d054      	beq.n	80061a4 <HAL_UART_Receive+0xce>
 80060fa:	2301      	movs	r3, #1
 80060fc:	f880 3068 	strb.w	r3, [r0, #104]	; 0x68

    huart->Instance->ICR = 0xFFFFFFFF;
 8006100:	6803      	ldr	r3, [r0, #0]
 8006102:	f04f 32ff 	mov.w	r2, #4294967295	; 0xffffffff
 8006106:	621a      	str	r2, [r3, #32]
    huart->ErrorCode = HAL_UART_ERROR_NONE;
 8006108:	2300      	movs	r3, #0
 800610a:	66c3      	str	r3, [r0, #108]	; 0x6c
    huart->RxState = HAL_UART_STATE_BUSY_RX;
 800610c:	2322      	movs	r3, #34	; 0x22
 800610e:	f880 306a 	strb.w	r3, [r0, #106]	; 0x6a

    /* Init tickstart for timeout managment*/
    tickstart = HAL_GetTick();
 8006112:	f7ff fa2b 	bl	800556c <HAL_GetTick>

    huart->RxXferSize = Size;
    huart->RxXferCount = Size;

    /* Computation of UART mask to apply to RDR register */
    UART_MASK_COMPUTATION(huart);
 8006116:	68a3      	ldr	r3, [r4, #8]
    huart->RxXferSize = Size;
 8006118:	f8a4 1058 	strh.w	r1, [r4, #88]	; 0x58
    UART_MASK_COMPUTATION(huart);
 800611c:	f5b3 5f80 	cmp.w	r3, #4096	; 0x1000
    tickstart = HAL_GetTick();
 8006120:	4680      	mov	r8, r0
    huart->RxXferCount = Size;
 8006122:	f8a4 105a 	strh.w	r1, [r4, #90]	; 0x5a
    UART_MASK_COMPUTATION(huart);
 8006126:	d115      	bne.n	8006154 <HAL_UART_Receive+0x7e>
 8006128:	6923      	ldr	r3, [r4, #16]
 800612a:	b98b      	cbnz	r3, 8006150 <HAL_UART_Receive+0x7a>
 800612c:	f240 13ff 	movw	r3, #511	; 0x1ff
 8006130:	f8a4 305c 	strh.w	r3, [r4, #92]	; 0x5c
    uhMask = huart->Mask;
 8006134:	f8b4 705c 	ldrh.w	r7, [r4, #92]	; 0x5c

    /* as long as data have to be received */
    while(huart->RxXferCount > 0U)
 8006138:	f8b4 005a 	ldrh.w	r0, [r4, #90]	; 0x5a
 800613c:	b280      	uxth	r0, r0
 800613e:	b980      	cbnz	r0, 8006162 <HAL_UART_Receive+0x8c>
        *pData++ = (uint8_t)(huart->Instance->RDR & (uint8_t)uhMask);
      }
    }

    /* At end of Rx process, restore huart->RxState to Ready */
    huart->RxState = HAL_UART_STATE_READY;
 8006140:	2320      	movs	r3, #32
 8006142:	f884 306a 	strb.w	r3, [r4, #106]	; 0x6a

    /* Process Unlocked */
    __HAL_UNLOCK(huart);
 8006146:	f884 0068 	strb.w	r0, [r4, #104]	; 0x68
  }
  else
  {
    return HAL_BUSY;
  }
}
 800614a:	b002      	add	sp, #8
 800614c:	e8bd 81f0 	ldmia.w	sp!, {r4, r5, r6, r7, r8, pc}
    UART_MASK_COMPUTATION(huart);
 8006150:	23ff      	movs	r3, #255	; 0xff
 8006152:	e7ed      	b.n	8006130 <HAL_UART_Receive+0x5a>
 8006154:	2b00      	cmp	r3, #0
 8006156:	d1ed      	bne.n	8006134 <HAL_UART_Receive+0x5e>
 8006158:	6923      	ldr	r3, [r4, #16]
 800615a:	2b00      	cmp	r3, #0
 800615c:	d0f8      	beq.n	8006150 <HAL_UART_Receive+0x7a>
 800615e:	237f      	movs	r3, #127	; 0x7f
 8006160:	e7e6      	b.n	8006130 <HAL_UART_Receive+0x5a>
      huart->RxXferCount--;
 8006162:	f8b4 205a 	ldrh.w	r2, [r4, #90]	; 0x5a
      if(UART_WaitOnFlagUntilTimeout(huart, UART_FLAG_RXNE, RESET, tickstart, Timeout) != HAL_OK)
 8006166:	9600      	str	r6, [sp, #0]
      huart->RxXferCount--;
 8006168:	3a01      	subs	r2, #1
 800616a:	b292      	uxth	r2, r2
 800616c:	f8a4 205a 	strh.w	r2, [r4, #90]	; 0x5a
      if(UART_WaitOnFlagUntilTimeout(huart, UART_FLAG_RXNE, RESET, tickstart, Timeout) != HAL_OK)
 8006170:	4643      	mov	r3, r8
 8006172:	2200      	movs	r2, #0
 8006174:	2120      	movs	r1, #32
 8006176:	4620      	mov	r0, r4
 8006178:	f7ff fece 	bl	8005f18 <UART_WaitOnFlagUntilTimeout>
 800617c:	b9a0      	cbnz	r0, 80061a8 <HAL_UART_Receive+0xd2>
      if ((huart->Init.WordLength == UART_WORDLENGTH_9B) && (huart->Init.Parity == UART_PARITY_NONE))
 800617e:	68a2      	ldr	r2, [r4, #8]
        *tmp = (uint16_t)(huart->Instance->RDR & uhMask);
 8006180:	6823      	ldr	r3, [r4, #0]
      if ((huart->Init.WordLength == UART_WORDLENGTH_9B) && (huart->Init.Parity == UART_PARITY_NONE))
 8006182:	f5b2 5f80 	cmp.w	r2, #4096	; 0x1000
 8006186:	d106      	bne.n	8006196 <HAL_UART_Receive+0xc0>
 8006188:	6922      	ldr	r2, [r4, #16]
 800618a:	b922      	cbnz	r2, 8006196 <HAL_UART_Receive+0xc0>
        *tmp = (uint16_t)(huart->Instance->RDR & uhMask);
 800618c:	8c9b      	ldrh	r3, [r3, #36]	; 0x24
 800618e:	403b      	ands	r3, r7
 8006190:	f825 3b02 	strh.w	r3, [r5], #2
        pData +=2U;
 8006194:	e7d0      	b.n	8006138 <HAL_UART_Receive+0x62>
        *pData++ = (uint8_t)(huart->Instance->RDR & (uint8_t)uhMask);
 8006196:	8c9b      	ldrh	r3, [r3, #36]	; 0x24
 8006198:	403b      	ands	r3, r7
 800619a:	f805 3b01 	strb.w	r3, [r5], #1
 800619e:	e7cb      	b.n	8006138 <HAL_UART_Receive+0x62>
      return  HAL_ERROR;
 80061a0:	2001      	movs	r0, #1
 80061a2:	e7d2      	b.n	800614a <HAL_UART_Receive+0x74>
    return HAL_BUSY;
 80061a4:	2002      	movs	r0, #2
 80061a6:	e7d0      	b.n	800614a <HAL_UART_Receive+0x74>
        return HAL_TIMEOUT;
 80061a8:	2003      	movs	r0, #3
 80061aa:	e7ce      	b.n	800614a <HAL_UART_Receive+0x74>

080061ac <_sbrk>:
{
	extern char end asm("end");
	static char *heap_end;
	char *prev_heap_end;

	if (heap_end == 0)
 80061ac:	4a0a      	ldr	r2, [pc, #40]	; (80061d8 <_sbrk+0x2c>)
 80061ae:	6811      	ldr	r1, [r2, #0]
{
 80061b0:	b508      	push	{r3, lr}
 80061b2:	4603      	mov	r3, r0
	if (heap_end == 0)
 80061b4:	b909      	cbnz	r1, 80061ba <_sbrk+0xe>
		heap_end = &end;
 80061b6:	4909      	ldr	r1, [pc, #36]	; (80061dc <_sbrk+0x30>)
 80061b8:	6011      	str	r1, [r2, #0]

	prev_heap_end = heap_end;
 80061ba:	6810      	ldr	r0, [r2, #0]
	if (heap_end + incr > stack_ptr)
 80061bc:	4669      	mov	r1, sp
 80061be:	4403      	add	r3, r0
 80061c0:	428b      	cmp	r3, r1
 80061c2:	d906      	bls.n	80061d2 <_sbrk+0x26>
	{
		errno = ENOMEM;
 80061c4:	f7fd fffc 	bl	80041c0 <__errno>
 80061c8:	230c      	movs	r3, #12
 80061ca:	6003      	str	r3, [r0, #0]
		return (char *) -1;
 80061cc:	f04f 30ff 	mov.w	r0, #4294967295	; 0xffffffff
	}

	heap_end += incr;

	return (char *) prev_heap_end;
}
 80061d0:	bd08      	pop	{r3, pc}
	heap_end += incr;
 80061d2:	6013      	str	r3, [r2, #0]
	return (char *) prev_heap_end;
 80061d4:	e7fc      	b.n	80061d0 <_sbrk+0x24>
 80061d6:	bf00      	nop
 80061d8:	200000fc 	.word	0x200000fc
 80061dc:	20000110 	.word	0x20000110

080061e0 <Reset_Handler>:
 80061e0:	2100      	movs	r1, #0
 80061e2:	e003      	b.n	80061ec <LoopCopyDataInit>

080061e4 <CopyDataInit>:
 80061e4:	4b0b      	ldr	r3, [pc, #44]	; (8006214 <LoopForever+0x2>)
 80061e6:	585b      	ldr	r3, [r3, r1]
 80061e8:	5043      	str	r3, [r0, r1]
 80061ea:	3104      	adds	r1, #4

080061ec <LoopCopyDataInit>:
 80061ec:	480a      	ldr	r0, [pc, #40]	; (8006218 <LoopForever+0x6>)
 80061ee:	4b0b      	ldr	r3, [pc, #44]	; (800621c <LoopForever+0xa>)
 80061f0:	1842      	adds	r2, r0, r1
 80061f2:	429a      	cmp	r2, r3
 80061f4:	d3f6      	bcc.n	80061e4 <CopyDataInit>
 80061f6:	4a0a      	ldr	r2, [pc, #40]	; (8006220 <LoopForever+0xe>)
 80061f8:	e002      	b.n	8006200 <LoopFillZerobss>

080061fa <FillZerobss>:
 80061fa:	2300      	movs	r3, #0
 80061fc:	6013      	str	r3, [r2, #0]
 80061fe:	3204      	adds	r2, #4

08006200 <LoopFillZerobss>:
 8006200:	4b08      	ldr	r3, [pc, #32]	; (8006224 <LoopForever+0x12>)
 8006202:	429a      	cmp	r2, r3
 8006204:	d3f9      	bcc.n	80061fa <FillZerobss>
 8006206:	f3af 8000 	nop.w
 800620a:	f7fd ffdf 	bl	80041cc <__libc_init_array>
 800620e:	f7ff f899 	bl	8005344 <main>

08006212 <LoopForever>:
 8006212:	e7fe      	b.n	8006212 <LoopForever>
 8006214:	08006570 	.word	0x08006570
 8006218:	20000000 	.word	0x20000000
 800621c:	20000068 	.word	0x20000068
 8006220:	20000068 	.word	0x20000068
 8006224:	2000010c 	.word	0x2000010c

08006228 <BusFault_Handler>:
 8006228:	e7fe      	b.n	8006228 <BusFault_Handler>
 800622a:	0000      	movs	r0, r0

0800622c <_init>:
 800622c:	b5f8      	push	{r3, r4, r5, r6, r7, lr}
 800622e:	bf00      	nop
 8006230:	bcf8      	pop	{r3, r4, r5, r6, r7}
 8006232:	bc08      	pop	{r3}
 8006234:	469e      	mov	lr, r3
 8006236:	4770      	bx	lr

08006238 <_fini>:
 8006238:	b5f8      	push	{r3, r4, r5, r6, r7, lr}
 800623a:	bf00      	nop
 800623c:	bcf8      	pop	{r3, r4, r5, r6, r7}
 800623e:	bc08      	pop	{r3}
 8006240:	469e      	mov	lr, r3
 8006242:	4770      	bx	lr
